통계표,계정항목,단위,가중치,변환,2019/01,2019/02,2019/03,2019/04,2019/05,2019/06,2019/07,2019/08,2019/09,2019/10,2019/11,2019/12,2020/01,2020/02,2020/03,2020/04,2020/05,2020/06,2020/07,2020/08,2020/09,2020/10,2020/11,2020/12,2021/01,2021/02,2021/03,2021/04,2021/05,2021/06,2021/07,2021/08,2021/09,2021/10,2021/11,2021/12,2022/01,2022/02,2022/03,2022/04,2022/05,2022/06,2022/07,2022/08,2022/09,2022/10,2022/11,2022/12,2023/01,2023/02,2023/03,2023/04,2023/05,2023/06,2023/07,2023/08,2023/09,2023/10,2023/11,2023/12,2024/01,2024/02,2024/03,2024/04,2024/05,2024/06,2024/07,2024/08,2024/09,2024/10,2024/11,2024/12
"4.2.1. 소비자물가지수","총지수","2020=100","1000","원자료","98.884","99.311","99.121","99.481","99.652","99.491","99.187","99.425","99.794","100.041","99.481","99.719","100.09","100.16","99.94","99.5","99.44","99.71","99.63","100.19","100.74","100.18","100.09","100.33","101.04","101.58","101.84","101.98","102.05","102.05","102.26","102.75","103.17","103.35","103.87","104.04","104.85","105.42","106.1","106.83","107.5","108.21","108.73","108.63","108.82","109.16","109.07","109.26","110.07","110.33","110.52","110.77","111.13","111.16","111.29","112.28","112.85","113.27","112.68","112.73","113.17","113.78","113.95","114.01","114.1","113.84","114.13","114.54","114.65","114.69","114.4","114.91"
"4.2.1. 소비자물가지수","  식료품 및 비주류음료","2020=100","142","원자료","95.789","96.441","95.508","96.318","95.816","94.768","93.923","94.821","97.304","97.497","94.988","95.974","97.16","96.66","98.06","97.65","98.45","98.68","99.15","101.8","104.79","104.85","101.24","101.51","103.39","105.69","105.84","105.35","105.16","104.56","104.75","106.2","107.87","106.72","107.25","107.85","109.34","109.63","109.55","110.29","111.35","111.32","112.99","114.56","116.06","114.72","112.46","113.53","115.37","115.91","116.46","115.9","115.99","116.3","117.3","120.53","122.46","122.85","119.8","120.56","122.2","123.96","124.22","122.75","121.9","120.68","121.54","122.99","124.72","124.53","121.32","123.61"
"4.2.1. 소비자물가지수","    식료품","2020=100","132.3","원자료","95.512","96.229","95.276","96.185","95.59","94.462","93.553","94.497","97.191","97.322","94.76","95.809","96.98","96.5","97.97","97.49","98.34","98.59","99.09","101.91","105.12","105.16","101.25","101.6","103.55","106.05","106.16","105.67","105.46","104.82","104.98","106.54","108.31","107.02","107.5","108.09","109.63","109.8","109.72","110.38","111.55","111.47","113.32","115.04","116.57","115.1","112.66","113.71","115.46","115.82","116.3","115.68","115.84","116.06","117.13","120.68","122.71","123.09","119.81","120.65","122.38","124.3","124.72","123.06","122.1","120.91","121.57","123.16","125.05","124.74","121.24","123.52"
"4.2.1. 소비자물가지수","      빵 및 곡물","2020=100","22.3","원자료","98.675","98.851","99.519","99.633","99.853","99.73","99.633","99.466","99.37","99.712","99.624","99.308","98.78","99.16","99.5","99.46","99.33","99.37","99.17","99.42","99.89","100.98","102.18","102.76","103.51","103.53","105.77","105.98","106.32","106.48","106.67","106.76","107.57","107.63","107.43","107.41","107.38","107.86","109.92","109.77","109.81","109.66","110.54","111.04","110.99","112.89","114.12","114.27","114.1","116.27","116.19","116.69","116.72","116.79","116.67","117.83","118.67","120.14","119.6","119.52","119.36","118.98","118.86","117.96","118.59","118.72","118.53","118.27","117.88","119.01","119.44","121.15"
"4.2.1. 소비자물가지수","        쌀","2020=100","4.2","원자료","100.411","100.258","100.216","99.435","99.698","99.197","98.9","98.348","98.518","98.636","98.832","98.059","97.65","97.52","97.28","97.09","96.91","97.19","97.14","97.73","100.14","103.86","108.33","109.17","109.54","109.84","110.19","110.08","110.65","110.73","111.17","111.2","109.91","107.1","106.8","105.63","103.98","102.93","101.94","99.94","98.25","96.75","95.2","92.73","90.22","91.04","96.21","95.79","94.27","94.6","93.99","93.43","94.04","94.34","95.56","100.05","103.44","108.58","106.41","105.79","104.96","103.26","101.24","97.65","100.38","100.55","100.35","98.78","98.35","99.18","99.88","99.38"
"4.2.1. 소비자물가지수","        현미","2020=100","0.4","원자료","103.774","104.214","104.205","104.059","103.748","104.059","104.637","104.326","104.396","104.43","103.592","102.486","100.48","99.43","99.94","100.23","99.81","99.41","98.98","98.85","97.92","99.4","100.85","104.69","105.8","105.81","105.44","106.29","108.18","108.45","108.45","108.81","108.83","108.91","108.53","108.41","107.3","106.56","105.35","105.26","104.02","102.96","102.32","101.37","101.76","101.05","100.45","98.87","98.32","97.68","96.17","96.16","96.02","96.07","96.46","96.93","97.68","98.85","99.94","100.36","101.98","102.45","102.77","102.67","103.55","103.42","103.55","104.15","104.13","104","105.28","108.51"
"4.2.1. 소비자물가지수","        찹쌀","2020=100","0.5","원자료","106.108","105.709","105.397","106.039","105.753","105.753","103.645","102.812","104.304","104.443","103.888","101.971","100.93","100.3","100.58","99.86","99.09","99.08","97.71","97.58","98.53","99.99","102.18","104.16","105.73","106.39","106.58","107.25","107.68","107.82","106.43","106","108","108.13","107.48","106.47","104.86","103.77","101.65","100.85","99.78","98.72","97.47","95.65","96.96","96.83","95.79","94.73","92.62","93.53","93.34","93.32","93","93.1","91.58","92.11","94.5","95.77","97.66","98.81","99.6","99.46","100.75","100.62","101.77","100.91","99.96","99.67","101.39","101.34","104.69","111.3"
"4.2.1. 소비자물가지수","        보리쌀","2020=100","0.2","원자료","111.487","111.487","111.476","111.497","111.142","111.226","110.233","108.091","107.317","106.575","106.366","104.778","103.49","103.4","102.82","102.01","98.86","99.44","98.6","98.13","98.52","98.32","98.24","98.16","98.32","98.4","98.1","98.01","98.21","98.62","100.48","100.96","101.27","101.54","101.72","101.43","101.82","101.54","102.49","103.15","103.03","103.56","106.59","108.84","109.5","110.08","111.03","110.74","111.66","112.04","113.04","113.58","113.7","113.92","114.95","116.55","116.97","118.03","118.23","118.36","118.8","118.72","120","121.66","122.24","123.49","130.62","137.6","142.69","143.84","149.16","158.42"
"4.2.1. 소비자물가지수","        콩","2020=100","0.5","원자료","116.329","116.605","116.651","116.98","117.019","116.053","115.05","114.345","113.104","112.154","110.745","106.922","102.98","99.99","99.87","99.31","98.09","97.15","97.15","97.39","97.81","98.51","101.85","109.9","114.73","116.99","116.96","117.38","117.23","117.58","117.63","116.61","117.43","117.48","116.86","113.13","111.21","107.37","106.74","105.09","104.37","103.59","102.98","102.95","102.45","102.67","101.95","100.18","99.32","97.8","98.08","98.42","98.19","98.26","97.84","98.17","99.71","101.29","101.92","102.5","101.76","103.88","103.37","103.21","103.93","104.08","104.55","105.69","105.67","105.71","105.82","106.63"
"4.2.1. 소비자물가지수","        땅콩","2020=100","0.1","원자료","91.847","92.957","94.004","93.72","94.173","94.271","94.928","94.484","94.919","94.04","95.132","96.26","97.46","97.25","97.83","98.21","98.38","99.83","100.18","100.63","100.94","101.71","103.55","104.04","104.32","104.55","104.96","104.42","104.84","105.38","105.62","105.8","106.32","105.73","104.92","104.88","104.21","105.4","105.95","106.17","107.06","106.68","107.09","106.29","106.4","106.02","106.45","106.83","107.18","107.35","107.98","108.1","108.99","108.7","109.45","109.55","109.82","110.79","113.04","114.58","113.96","114.36","115.76","116.61","117.05","118.14","117.94","118.23","118.22","118.68","119.54","120.44"
"4.2.1. 소비자물가지수","        혼식곡","2020=100","0.4","원자료","99.417","99.769","99.906","99.935","100.306","100.951","101.371","101.742","101.938","101.948","101.713","101.303","101.13","100.76","100.18","100.3","100.06","100.05","99.13","99.42","98","99.05","99.35","102.57","104.32","105.19","105.29","105.5","105.77","105.94","106.27","106.47","106.01","106.62","105.71","105.83","105.64","104.71","103.58","104.71","104.32","104.35","103.83","103.74","104.18","104.05","105.46","104.29","103.46","104.85","106.85","106.69","106.33","106.15","107.35","107.94","106.71","108.03","108.29","108.49","108.58","108.74","109.18","109.41","109.23","109.85","109.25","109.92","109.92","110.99","111.28","111.97"
"4.2.1. 소비자물가지수","        밀가루","2020=100","0.1","원자료","98.791","100.29","101.366","101.447","101.587","101.849","101.266","101.326","100.159","101.829","101.255","101.718","98.19","100.84","99.62","99.53","100.25","99.81","99.72","101.16","100.05","100.59","100.56","99.66","99.17","99.21","101.27","100.37","100.48","100.23","101.33","101.03","95.09","100.05","101.28","108.47","111.13","112.65","115.93","116.72","126.7","137.07","138.18","136.26","138.36","136.97","137.79","138.17","135.2","137.88","138.73","139.02","139.29","139.11","139.06","138.59","137.78","136.67","137.7","137.59","132.9","136.54","137.36","135.93","136.65","136.61","135.55","136","132.49","135.41","137.87","137.43"
"4.2.1. 소비자물가지수","        국수","2020=100","0.7","원자료","100.266","101.091","100.788","93.846","96.101","96.038","96.999","93.241","97.291","98.732","96.842","97.677","97.65","100.27","98.99","97.72","97.52","101.22","100.9","99.6","101.18","101.94","101.91","101.08","103.06","103.54","102.83","106.67","105.24","106.34","108.3","110.46","120.01","121.35","122.39","123.17","131.76","132.61","136.09","137.77","140.07","139.83","143.9","149.5","155.48","157.35","156.75","158.75","158.69","158.66","158.33","156.57","148.92","147.81","152.34","151.95","150.54","154.3","157.63","154.08","156.96","156.69","156.47","153.96","149.03","147.31","150.93","150.8","150.4","153.69","157.47","159.49"
"4.2.1. 소비자물가지수","        라면","2020=100","2.4","원자료","100.033","99.489","100.138","99.136","100.635","101.179","100.911","101.37","99.709","100.539","99.613","99.699","99.59","98.73","100.69","101.1","100.58","100.61","99.78","99.91","100.12","99.78","99.59","99.52","99.93","99.79","99.95","99.3","99.97","100.5","100.68","100.74","109.07","110.03","108.8","108.87","110.26","110.62","109.28","109.05","109.12","108.87","110.07","109.96","113.18","123.94","122","122.62","123.39","124.69","122.73","123.84","123.79","123.67","120.87","120.33","121.35","120.69","119.76","118.92","118.06","118.76","118","117.57","117.36","117.45","116.39","116.03","117.97","118.26","119.02","119.17"
"4.2.1. 소비자물가지수","        당면","2020=100","0.2","원자료","100.197","96.376","101.426","100.54","99.082","100.311","100.702","102.017","96.128","98.234","99.93","99.654","91.29","98.06","99.58","99.99","101.92","102.42","101.68","102.75","98.58","99.41","102.31","102","102.06","93.82","103.19","103.94","103.55","103.38","103.79","103.94","96.43","104.79","104.31","104.87","114.26","113.98","115.36","114.93","116.07","116.98","116.41","117.38","112.5","116.3","116.12","117.16","117.4","118.26","131.35","132.36","135.68","136.8","134.27","137.17","134.64","135.8","137.04","138.24","137.49","130.28","136.47","135.14","136.42","137.2","137.34","137.93","124.02","135.39","136.77","138.8"
"4.2.1. 소비자물가지수","        두부","2020=100","1.2","원자료","95.819","96.779","97.603","97.972","98.224","97.506","97.157","98.36","98.272","98.786","98.117","99.281","99.5","99.41","100.11","100.25","100.28","99.73","100.43","100.13","99.64","100.2","100.11","100.21","104.97","106.25","105.87","106.19","106.35","106.47","105.54","105.6","105.91","106.81","106.43","106.84","106.86","107.46","111.47","112.39","112.59","112.68","111.87","111.49","110.81","111.78","113.01","115.46","118.3","119.57","118.39","118.29","118.17","116.65","117.03","117.38","117.99","119.09","118.26","117.68","118.51","118.36","118.71","118.32","118.09","118.67","117.97","118.6","117.73","117.84","115.68","117.86"
"4.2.1. 소비자물가지수","        시리얼","2020=100","0.4","원자료","100.243","104.682","100.243","101.358","101.38","96.166","102.293","94.605","100.891","96.93","100.116","97.015","97.52","99.57","100.6","99.34","103.15","97.59","100.12","100.47","100.29","100.45","100.19","100.71","98.55","98.39","102.91","102.39","102.29","101.51","103.84","100.32","98.43","98.85","97.98","95.51","100.84","113.79","121.41","116.06","121.21","122.05","111.39","116.03","113.85","122.65","126.27","126.1","124.32","121.33","126","126.55","122.35","125.4","117.65","121.53","123.06","126.26","112.78","120.31","119.28","116.67","120.32","116.85","122.2","125.73","119.71","116.63","110.9","126.17","122.46","126.17"
"4.2.1. 소비자물가지수","        부침가루","2020=100","0.6","원자료","95.381","95.622","99.851","100.083","98.23","98.875","95.119","100.405","93.941","100.315","101.302","101.614","87.46","97.95","103","104.23","102.21","102.36","94.78","101.73","98.02","103.37","102.28","102.62","100.64","87.37","101.22","102.35","105.74","106.43","105.04","107.98","97.71","111.27","113.65","115.94","114.25","114.26","117.3","123.98","126.69","129.83","138.27","143.73","138.82","145.59","146.03","147.32","140.41","144.27","139.55","145.89","147.45","148.62","142.96","145.28","140.7","144.06","146.65","146.4","143.5","139.06","144.07","144.45","144.9","143.61","141.31","143.1","128.51","142.56","143.39","145.07"
"4.2.1. 소비자물가지수","        케이크","2020=100","1.6","원자료","97.703","98.229","98.295","98.312","98.304","98.304","98.329","98.362","98.37","98.404","98.404","98.404","99.14","99.8","99.96","100.07","100.09","100.11","100.12","100.13","100.13","100.13","100.15","100.15","100.77","100.88","101.94","101.96","101.96","101.98","101.98","102","102.5","103.78","104.04","104.62","105.21","106.95","109.4","109.57","111.52","112.63","112.69","112.74","113.77","113.81","113.88","113.9","116.11","120.14","120.84","122.21","122.21","122.23","123.23","123.29","123.3","123.35","123.36","123.39","124.47","124.5","124.53","124.51","124.51","124.5","124.54","124.57","124.57","126.2","126.44","126.52"
"4.2.1. 소비자물가지수","        빵","2020=100","6.8","원자료","94.833","94.974","96.785","98.721","98.862","98.887","98.92","98.912","98.912","98.92","98.978","99.028","99.15","99.82","99.94","100.08","100.11","100.07","100.13","100.14","100.12","100.14","100.15","100.15","100.19","100.37","106.29","106.37","106.41","106.41","106.4","106.42","106.44","106.57","106.67","107.54","108.05","109.34","115.67","115.92","115.96","116.03","119.66","122.29","122.42","122.84","123.53","123.56","123.59","128.53","128.73","129.57","129.88","129.97","129.99","129.99","130.01","130.01","130.04","130.05","130.1","130.1","130.12","130.18","130.19","130.19","130.21","130.1","130.13","130.13","130.26","134.32"
"4.2.1. 소비자물가지수","        떡","2020=100","1.9","원자료","96.439","97.27","97.602","97.891","97.681","97.917","98.381","98.451","98.6","99.474","99.518","99.676","99.46","99.9","100.22","99.96","99.78","99.83","99.95","100.03","100.04","100.09","100.26","100.47","101.64","102.02","103.45","104.35","104.82","104.97","105.61","106.06","106.64","107.19","107.24","107.41","107.72","108.44","108.48","109.66","110.32","110.63","110.81","111.14","111.85","112.56","112.74","113.49","113.9","115.4","115.88","116.09","116.6","116.74","116.66","117.1","117.47","117.5","117.85","118.58","118.41","118.91","119.9","120.38","120.44","121.08","121.43","121.45","121.63","121.74","121.85","121.93"
"4.2.1. 소비자물가지수","        파스타면","2020=100","0.1","원자료","93.858","94.178","94.45","93.557","92.266","94.489","93.858","93.955","93.508","92.683","92.877","93.304","94.26","97.58","95.67","94.93","100.94","103.25","103.36","104.81","102.32","101.78","101.01","100.1","101.5","99.83","99.66","103.97","106.3","107.49","107.85","109.02","108.1","108.04","105.37","105.87","112.95","113.1","113.76","112.96","114.51","114.75","114.65","113.62","113.19","113.2","113.63","115.88","117.29","118.22","133.29","137.96","137.13","133.61","137.2","135.38","131.47","132.86","135.39","134.03","134","134.16","133.33","133.28","134.42","134.99","133.41","132.6","132.61","132.99","134.52","133.4"
"4.2.1. 소비자물가지수","      육류","2020=100","28.6","원자료","91.597","91.836","91.101","93.651","94.12","93.828","93.482","93.474","96.254","96.563","92.553","93.801","92.71","92.12","95.99","96.61","101.2","104.15","102.59","103.05","103.04","103.73","101.74","103.05","103.1","102.54","101.56","103.6","106.65","108.14","109.33","110.79","113.13","113.78","113.46","114.51","113.72","113.49","111.57","112.81","120.45","120.71","118.81","118.05","119.32","117.98","116.36","116.81","116.3","113.48","112.16","113.53","116.28","117.57","116.23","116.01","118.52","118.65","115.98","116.22","115.42","113.86","113.5","113.32","113.44","116.53","118.09","116.4","118.88","119.87","117.85","118.74"
"4.2.1. 소비자물가지수","        국산쇠고기","2020=100","8.6","원자료","91.195","91.845","91.35","91.474","91.52","91.164","91.636","92.286","93.432","94.237","94.005","94.214","95.84","96.62","96.18","96.7","97.61","101.06","100.68","100.96","102.99","103.84","103.52","104.01","105.12","107.12","107.1","106.83","106.9","107.93","108.34","108.34","110.61","113.11","112.98","112.46","113.11","113.17","111.26","110.49","109.89","108.48","108.84","109.12","111.23","110.92","109.96","108.65","108.72","104.7","103.17","102","101.71","102.48","101.25","102.07","105.17","107.81","106.32","107.04","107.46","105.13","103.5","100.95","99.4","100.2","99.52","99.33","102.74","105.02","104.45","105.92"
"4.2.1. 소비자물가지수","        수입쇠고기","2020=100","3.1","원자료","96.731","97.881","97.052","96.775","97.141","98.103","97.114","97.907","99.842","100.154","100.154","100.894","100.59","99.96","99.29","98.76","98.04","100.77","100.42","101.35","101.2","100.76","99.3","99.55","101.13","102.16","100.12","100.11","102.36","103.51","105.85","107.97","111.13","118.25","123.31","121.64","125.56","129.04","127.3","128.6","131.04","131.47","131.86","129.21","125.12","126.2","124.25","125.68","122.6","124.19","120.29","121.89","122.37","122.86","124.35","120.79","124.92","126.68","128.12","128.38","129.63","130.22","130.96","128.69","128.22","129.81","132.33","130.62","132.42","131.46","131.87","133.96"
"4.2.1. 소비자물가지수","        돼지고기","2020=100","9.8","원자료","84.205","83.777","83.512","91.341","92.938","92.838","92.537","92.016","97.437","96.971","86.204","89.954","84.68","82.11","90.99","92.84","105.15","109.27","106.94","107.9","105.79","107.65","101.93","104.73","102.23","98.42","96.63","102.73","110.7","113.95","115.2","118","121.65","118.57","115.04","120.17","114.04","111.53","107.26","109.73","132.09","133.78","126.13","122.29","125.75","122.19","118.18","118.14","116.29","110.88","109.24","113.5","122.38","125.1","121.79","121.51","124.6","122.44","116.03","116.14","113.61","110.79","110.67","113.8","115.96","124.49","128.92","124.9","128.26","128.19","123.59","123.68"
"4.2.1. 소비자물가지수","        닭고기","2020=100","1.5","원자료","112.978","113.258","107.873","107.22","104.782","102.25","99.107","100.518","100.725","103.153","100.061","99.076","99.18","101.08","102.26","99.55","100.09","100.2","99.9","99.42","101.42","98.49","98.47","99.94","106.2","108.67","107.93","106.88","105.51","102.94","106.6","110.02","107.84","110.47","111.73","107.24","113.75","113.91","119.35","124.58","122.41","123.62","126.81","127.49","121.95","120.27","123.23","133.12","134.82","132.8","135.11","139.93","140.66","140.55","139.77","141.01","137.94","136.53","133.29","132.31","129.7","130.47","131.82","130.89","129.7","127.79","129.78","129.73","130.02","129.26","124.72","125.33"
"4.2.1. 소비자물가지수","        소시지","2020=100","2","원자료","95.603","95.918","95.849","96.39","95.338","94.639","94.502","96.912","92.298","95.633","94.433","95.357","95.09","95.24","100.54","100.69","101.37","101.53","100.07","101.25","101.78","100.28","100.6","101.57","101.34","101.05","99.52","99.49","101.46","100.88","102.34","100.05","102.46","103.2","103.36","104.11","104.15","104.07","103.16","103.54","104.08","104.78","105.83","111.96","113.25","113.26","113.75","114.69","114.98","117.11","117.25","117.38","116.53","115.96","115.62","115.08","116.56","115.18","117.24","114.64","114.62","115.38","114.69","115.69","112.23","113.22","112.9","115.85","113.44","115.26","114.72","116.17"
"4.2.1. 소비자물가지수","        햄및베이컨","2020=100","2.7","원자료","98.112","98.143","97.2","95.883","96.267","95.458","94.546","91.478","96.578","95.407","95.386","93.561","96.59","96.87","101.3","101.44","101.81","103.19","99.45","98.6","98.7","99.41","101.26","101.41","102.34","102.01","102.13","102.5","102.1","102.85","105.58","106.23","106.57","107.39","109.24","106.41","107.87","110.6","110.42","111.94","112.94","112.61","114.02","116.15","116.69","115.71","115.8","117.64","119.68","119.16","118.31","116.53","114.39","115.2","115.44","115.01","116.72","116.44","114.34","115.98","114.72","114.87","115.91","113.61","115.91","115.82","114.69","111.66","114.41","116.74","116.12","116.71"
"4.2.1. 소비자물가지수","        기타육류가공품","2020=100","0.9","원자료","","","","","","","","","","","","","96.25","96.76","101.23","101.29","101.65","103.08","99.5","98.68","98.74","99.64","101.59","101.6","102.24","101.83","102.14","102.46","101.86","102.68","96.97","101.23","100.28","97.85","101.08","103.14","103.88","103.27","106.39","108.98","112.85","113.38","116.73","116.41","116.02","116.22","116.84","117.04","119.55","122.15","123.65","126.73","128.77","130.86","132.26","131.63","130.33","131.59","131.88","132.8","134.2","132.66","132.91","133.23","134.17","130.12","132.75","131.59","131.39","133.33","132.4","132.09"
"4.2.1. 소비자물가지수","      어류 및 수산","2020=100","13","원자료","93.143","93.152","93.043","93.861","94.386","94.678","94.879","93.319","94.295","95.271","95.88","97.607","99.14","100.12","99.67","100.35","100.49","100.25","99.46","98.61","99.1","100.22","101.16","101.42","101.86","101.99","101.97","101.76","101.87","101.53","100.37","100.29","100.43","100.6","101.97","102.78","103.07","103.19","103.45","104.67","105.22","105.29","104.11","104.02","105.66","107.18","108.81","110.65","111.34","112.09","111.92","112.44","113","112.81","111.91","111.36","110.86","111.85","112.35","113.28","113.94","113.98","113.45","112.28","112.18","111.89","111.32","111.61","111.61","112.43","113.16","114.86"
"4.2.1. 소비자물가지수","        갈치","2020=100","1.1","원자료","90.824","93.161","93.021","94.013","94.966","97.423","96.761","91.857","92.77","92.579","91.727","92.158","100.51","104.49","102.65","105.65","104.05","100.94","99.13","95.47","96.04","97.22","97.07","96.76","100.69","103.36","105.27","106.65","107.48","103.95","100.28","99.18","101.1","96.45","95.44","95.65","97.08","99.31","100.07","101.58","101.96","101.88","101.27","97.65","98.23","100.82","101.7","101.79","99.56","104.14","103.42","105.42","106.23","104.39","105.89","104.02","98.36","99.07","98.34","98.09","100.19","102.27","104.28","104.36","105.4","107.29","105.63","105.79","104.38","103.12","101.12","103.12"
"4.2.1. 소비자물가지수","        명태","2020=100","0.7","원자료","88.037","86.983","88.967","87.929","87.912","84.866","85.953","88.112","90.768","95.849","97.368","100.365","100.34","100.38","100.44","99.56","99.6","100.12","100.34","100.13","100.54","100.66","99.7","98.18","98.39","98.08","98.3","97.74","97.45","96.35","95.89","95.54","95.85","94.84","95.1","95.19","95.77","95.55","98.17","101.93","104.79","104.88","105.13","105.71","106.98","105.9","105.9","105.94","107.44","105.62","105.04","106.38","107.96","108.37","109.11","108.86","109.05","109.52","109.42","110.16","108.3","107.74","106.77","105.68","106.6","107.61","107.19","108.22","108.6","108.22","108.52","108.85"
"4.2.1. 소비자물가지수","        조기","2020=100","0.9","원자료","100.512","100.176","99.976","100.05","99.378","99.84","100.438","100.838","100.481","100.459","99.693","99.861","99.49","100.48","100.55","100.6","100.47","100.74","101.09","100.58","98.81","99.12","99.08","98.99","98.39","97.68","99.29","99.64","99.27","99.15","99.12","99.55","99.18","100.93","99.07","98.7","99.2","99.78","98.62","100.45","99.98","101.48","100.48","99.62","101.59","101.99","101.49","103.43","101.1","103.16","104.29","103.44","104.79","104.59","103.31","105.37","104.1","106.23","105.63","105.06","107.54","107.67","107.13","108.27","108.04","107.53","107.05","108.23","106.33","108.56","108.11","108.59"
"4.2.1. 소비자물가지수","        고등어","2020=100","2","원자료","84.738","85.998","85.66","87.907","89.553","91.659","93.859","85.989","88.311","88.716","89.177","92.458","95.32","98.67","99.42","102.86","103.45","104.46","101.5","98.24","98.23","99.12","99.02","99.7","102.23","103.03","104.76","105.14","106.5","108.91","106.56","104.81","104.75","103.55","104.09","105.26","104.44","105.49","106.7","108.85","111.11","111.57","109.44","107.08","108.1","110.06","112.84","115","118.34","120.38","122.52","124.27","124.07","123.14","119.8","117.79","116.24","116.25","116.82","117.85","118.69","118.4","117.75","114.44","116.25","113.46","112.95","114.12","114.89","115.84","117.75","121.26"
"4.2.1. 소비자물가지수","        오징어","2020=100","1","원자료","90.307","88.964","89.189","88.175","89.913","89.452","87.78","85.403","88.569","88.644","91.256","97.077","102.31","101.8","99.33","99.03","98.31","94.83","91.93","91.79","100.17","104.21","106.71","109.56","107.8","109.2","106.87","104.38","102.33","97.8","92.28","91.68","95.37","94.79","97.68","101.22","102.89","101.94","102.84","102.87","102.35","100","94.99","93.49","100.25","106.09","112.03","115.52","118.66","117.27","112.79","111.35","115.75","114.46","108.31","106.12","112.71","123.63","123.25","125.11","132.89","134.14","132.85","127.95","125.74","123.89","122.94","120.48","121.7","122.29","122.32","123.57"
"4.2.1. 소비자물가지수","        게","2020=100","0.9","원자료","95.045","95.252","94.003","94.265","94.589","95.707","97.06","97.626","95.618","95.901","95.714","97.191","98.05","97.61","98.44","99.97","101.61","102.35","101.17","102.59","97.88","98.92","100.9","100.51","100.88","100.56","100.35","99.75","100.06","100.86","99.61","100.13","99.57","98.24","96.75","96.06","96.14","95.82","96.12","96.53","96.85","95.14","94.02","95.32","96.05","95.2","93.59","95.24","96.53","97.42","97.79","97.89","98.52","100.79","101.47","101.47","97.77","96.12","96.14","96.26","95.97","98.67","97.47","92.53","92.17","92.73","91.34","90.51","90.4","91.41","93.66","95.7"
"4.2.1. 소비자물가지수","        굴","2020=100","0.4","원자료","101.531","95.526","87.542","87.894","88.395","88.755","88.984","87.05","88.14","96.731","103.633","105.989","100.58","97.44","92.94","93.65","93.66","93.4","92.48","91.49","91.95","95.27","122.33","134.8","119.43","106.7","100.05","99.75","99.85","99.5","98.13","97.95","98.46","104.63","138.51","142.63","133.57","119.07","109.09","110.53","111.08","111.01","110.01","109.4","111.41","125.57","142.43","149.78","136.75","126.17","116.79","117.02","117.72","117.49","116.42","115.71","115.04","117.72","139.54","150.28","132.56","119.78","105.24","104.04","104.3","104.41","103.9","104.14","104.4","113.85","129.88","143.2"
"4.2.1. 소비자물가지수","        조개","2020=100","0.6","원자료","92.081","92.309","92.187","94.161","93.671","93.892","93.361","93.851","94.194","95.287","95.964","96.29","97.62","99.43","97.85","96.17","97.53","97.34","97.25","97.33","100.36","104.9","106.86","107.35","109.72","111.47","108.93","107.04","108.21","108","108.17","109.08","109.33","112.31","114.89","115.59","117.22","115.22","113.45","114.9","114.01","113.83","115.28","115.76","117.01","118.85","119.93","119.76","119.7","119.91","118.15","116.51","116","116.41","116.23","115.83","117.49","118.52","118.27","119.63","120.07","119.98","120.34","119.2","116.78","116.22","113.73","113.73","116.65","118.92","118.57","120.02"
"4.2.1. 소비자물가지수","        전복","2020=100","0.5","원자료","104.481","104.126","103.949","101.376","101.566","100.59","95.977","94.735","99.31","99.64","100.692","102.238","102.64","104.07","102.65","99.93","100.02","100.11","98.54","98.39","98.2","99.61","98.81","97.02","97.3","95.96","93.88","95.61","94.87","94.18","90.65","91.86","91.23","94.95","95.13","96.81","98.27","102.7","102.32","101.85","98.52","98.02","97.11","98.2","101.7","101.72","103.47","106.1","106.19","105.95","104.3","99.87","97.37","95.73","94.34","92.04","92.63","95.19","95.47","99.3","101.01","100.39","97.69","96.51","96.24","95.13","93.2","92.88","94.73","94.21","92.61","94.27"
"4.2.1. 소비자물가지수","        새우","2020=100","0.7","원자료","","","","","","","","","","","","","99.38","101","100.29","99.74","98.81","99.66","101.58","101.15","100.66","100.16","99.29","98.28","98.81","99.61","99.09","97.61","96.66","96.52","98.55","101.06","101.64","101.43","101.68","102.06","102.95","102.5","101.24","102.33","102.77","102.62","102.39","105.09","107.75","107.61","108.64","109.18","110.12","110.96","109.97","109.88","110.11","110.69","111.08","111.23","109.83","108.84","109.08","110.56","113.1","111.72","111.04","111.67","109.99","111.69","111.87","112.27","112.49","112.82","113.12","115.86"
"4.2.1. 소비자물가지수","        마른멸치","2020=100","0.5","원자료","95.897","96.655","97.176","97.486","97.55","97.751","97.934","97.998","97.532","97.779","98.345","98.665","98.89","99.12","99.61","99.87","100.03","100.29","100.51","100.78","99.99","101.01","100.04","99.86","99.74","99.05","99.6","99.47","98.96","99.01","99.04","98.3","96.8","98.05","97.98","98.02","98.01","97.62","100.58","101.22","101.47","101.46","101.96","102.77","103.4","103.1","103.26","104.46","104.57","104.93","105.41","105.36","105.73","107.23","107.65","107.49","108.96","107.47","108.31","109.33","108.27","109.78","109.37","110.37","110.65","110.62","111.32","111.82","111.27","111.75","111.87","111.63"
"4.2.1. 소비자물가지수","        마른오징어","2020=100","0.2","원자료","91.671","93.791","95.336","97.267","97.573","97.456","98.209","97.941","97.281","97.272","96.377","98.398","99.79","100.33","100","99.96","100.55","100.35","100.39","100.13","99.52","100.46","99.02","99.5","100.15","98.94","99.68","99.61","99.05","98.76","98.72","98.97","99.02","99.38","100.52","101.08","100.82","100.97","101.55","101.89","101.88","103.59","104.34","101.57","104.29","102.9","104.84","104.57","105.26","106.31","106.72","106.84","106.81","107.12","106.3","106.99","108.42","112.08","112.11","113.53","115.21","116.42","116.68","115.99","115.29","116","118.82","119.55","120.21","122.12","121.14","122.48"
"4.2.1. 소비자물가지수","        낙지","2020=100","0.5","원자료","106.361","105.719","103.924","103.537","101.936","101.495","99.708","98.455","98.362","97.975","97.008","100.683","101.28","99.82","100.78","100.96","100.85","100.89","101.16","99.85","98.88","98.66","98.69","98.18","98.56","98.73","97.15","96.58","97.18","98.17","99.47","100.36","100.41","100.45","100.66","101.06","101.41","102.55","101.69","102.77","102.69","103.64","103.43","104.29","106.06","107.42","107.98","108.63","108.91","108.4","108.98","109.34","109.4","108.77","108.77","108.94","109.11","108.78","108.3","109.35","109.09","110.25","111.45","112.31","112.04","112.05","112.32","113.11","112.76","112.7","113.05","113.61"
"4.2.1. 소비자물가지수","        오징어채","2020=100","0.2","원자료","98.377","98.741","98.832","99.659","100.921","100.662","100.36","100.171","101.265","101.65","101.84","100.865","101.4","101.83","99.3","99.18","100.86","100.38","99","99.38","98.75","99.87","99.53","100.52","100.19","100.33","99.28","97.88","98.09","94.15","96.98","96","96.71","96.2","97.41","97.25","97.65","98.45","95.91","95.71","94.66","95.82","95.57","97.24","97.94","98.5","99.5","101.48","101.39","99.41","101.88","102.48","102.21","101.35","101","101.24","100.88","101","100.49","100.9","100.91","102.12","103.18","103.18","104.38","105.74","107.86","107.81","110.44","115.86","119.06","120.79"
"4.2.1. 소비자물가지수","        북어채","2020=100","0.4","원자료","92.329","92.764","92.39","93.852","95.08","95.924","97.9","98.292","98.858","98.553","99.241","99.458","99.62","99.78","99.47","99.8","99.88","99.92","100.35","100.77","100.46","100.49","99.73","99.72","99.74","99.91","99.11","99.79","99.94","100.69","100.62","100.73","100.79","101.63","101.49","101.35","102.21","101.91","105.13","107.71","108.46","109.6","111.26","112.42","112.85","113.52","114.58","115","113.96","114.84","114.89","116.86","116.83","117.78","117.63","118.02","118.27","118.01","116.73","117.43","117.74","117.88","117.2","116.54","116.8","116.68","118.19","119.26","117.67","117.13","119.32","118.66"
"4.2.1. 소비자물가지수","        어묵","2020=100","0.8","원자료","90.868","90.952","94.247","97.559","98.505","98.293","98.403","98.834","99.485","99.611","98.936","99.544","98.79","99.65","99.12","99.81","99.94","99.16","100","101.34","101.33","101.25","101.48","98.11","99.82","101.33","102.62","103.06","103.14","101.85","102.61","102.61","99.38","101.7","102.91","104.79","106.41","106.93","107.18","107.5","110.59","110.17","108.05","112.55","114.33","114.28","115.52","121.04","124.71","126.35","128.35","132.19","132.79","132.11","131.94","132.27","132.75","129.6","132.8","129.01","127.83","127.65","127","128.42","126.19","125.31","124.22","125.97","124.37","123.46","123.89","124.2"
"4.2.1. 소비자물가지수","        맛살","2020=100","0.2","원자료","93.682","94.554","97.45","100.825","101.406","101.237","101.172","101.228","99.184","100.066","100.066","99.025","97.7","97.77","98.6","99.16","99.73","99.54","101.23","101.28","101.09","101.88","100.98","101.03","101.05","98.92","100.88","101.19","101.29","101.74","101.96","102.56","96.86","101.09","101.56","102.03","100.57","102.07","107.27","109","110.06","110.29","111.92","117.14","115.84","121.63","121.21","122.69","128.22","131.17","133.35","134.3","134.41","134.27","134.43","134.59","132.81","133.35","135.42","135.65","134.87","128.51","135.29","135.4","135.47","135.04","135.1","134.98","128.02","134.86","135.26","135.62"
"4.2.1. 소비자물가지수","        수산물통조림","2020=100","0.7","원자료","97.11","97.509","97.564","97.582","97.518","97.346","96.865","97.11","97.074","96.502","96.647","97.31","100.08","99.04","100","99.48","100.14","100.88","100.3","98.77","100.22","100.32","100.45","100.32","100.19","101.37","101.97","101.33","101.36","103.15","102.34","102.33","102.32","102.85","103.45","103.24","103.62","103.99","104.8","105.44","105.33","107.68","107.54","108.08","108.56","105.19","109.38","112.13","112.81","114.47","115.11","116.55","116.19","116.32","116.45","116.6","116.33","116.98","116.8","117.69","117.72","118.12","119.17","119.21","119.71","120.51","120.82","120.26","121.18","121.45","122.04","121.99"
"4.2.1. 소비자물가지수","        젓갈","2020=100","0.7","원자료","93.77","93.927","94.458","96.584","97.131","97.325","97.722","98.089","98.343","98.732","97.857","97.213","98.82","99.11","99.41","99.47","100.29","100.8","100.8","100.94","101.32","101.57","99.11","98.37","100.15","99.89","100.14","100.42","100.92","100.94","100.99","102.1","102.99","103.34","101.5","101.71","103.12","103.92","104.11","104.64","104.79","105.17","101.29","101.08","100.73","104.8","101.26","101.95","103.9","104.67","105.08","105.56","105.72","106.34","106.68","106.88","107.03","107.29","103.17","104.98","105.61","105.57","106.31","106.56","106.54","106.3","105.73","106.5","106.4","106.5","104.82","104.77"
"4.2.1. 소비자물가지수","      우유, 치즈 및 계란","2020=100","9.6","원자료","96.335","96.565","95.962","97.511","97.922","97.454","97.664","97.244","97.942","98.573","99.185","98.927","99.3","98.94","100.1","100.32","100.07","99.69","99.39","99.58","100.78","101.29","100.23","100.3","104.09","110.36","110.92","110.46","112.24","113.85","114.16","113.47","111.81","111.35","111.83","112.1","111.87","110.74","111.89","113.32","114.29","114.29","114.1","113.66","115.03","115.59","116.75","122.05","121.01","120.95","120.15","120.43","121.87","122.16","121.86","121.73","122.47","126.76","127.12","127.28","126.98","126.87","126.23","126.08","126.21","126.23","126.7","126.7","126.13","127.06","126.65","126.91"
"4.2.1. 소비자물가지수","        우유","2020=100","3.4","원자료","97.781","99.193","99.581","99.686","99.695","99.78","99.847","99.695","99.818","99.79","99.733","99.828","99.78","99.97","99.93","99.93","100","100.06","99.86","100.35","99.95","100.02","100.07","100.08","100.1","100.08","100.08","100.03","100.02","100.1","100.02","99.78","99.88","103.95","106.58","106.64","106.73","106.85","106.89","106.92","106.92","106.94","106.59","106.55","106.67","106.76","106.73","115.13","115.93","116.39","116.47","116.42","116.58","116.56","116.53","116.57","116.57","121.98","123.66","123.85","123.8","123.83","123.65","123.58","123.55","123.49","123.87","124.01","123.58","123.7","123.77","124.07"
"4.2.1. 소비자물가지수","        분유","2020=100","0.5","원자료","97.675","97.958","99.1","99.077","99.043","98.953","96.148","98.942","98.399","93.559","97.098","97.064","97.59","98.31","98.93","98.98","99","98.23","101.27","101","103.01","101.76","100.62","101.3","100.66","103.02","103.02","101.08","101.08","100.94","100.85","101.87","99.88","99.6","99.46","99.31","99.48","95.14","107.84","104.09","103.43","103.46","103.43","101.22","101.67","100.74","103.35","103.33","101.34","106.01","107.03","111.11","108.91","108.72","112.23","110.14","109.72","111.63","111.6","112.06","108.19","108.91","108.54","106.65","106.09","106.09","104.53","107.42","109.08","109.67","109.52","109.15"
"4.2.1. 소비자물가지수","        치즈","2020=100","0.7","원자료","100.05","100.457","100.724","100.427","100.437","100.11","100.09","98.504","99.079","98.108","99.367","98.544","99.01","99.82","98.8","99.21","99.7","99.52","100.05","101.33","101.93","102.22","100.44","97.96","99.99","99.84","99.72","99.49","99.46","97.83","99.42","100.28","100.5","99.84","98.56","99.72","101.07","100.78","102.94","105.97","109.9","109.75","110.66","110.99","114.89","127.74","133.92","135.48","134.08","135.94","134.72","132.4","134.01","134.27","133.53","134.77","135.67","139.66","140.31","140.39","137.4","136.73","136.72","137.88","138.59","138.56","138.27","137.5","137.58","140.43","140.08","139.47"
"4.2.1. 소비자물가지수","        발효유","2020=100","2","원자료","98.151","98.514","97.806","98.216","98.673","97.992","98.216","98.16","98.142","97.881","98.235","97.219","98.82","98.8","100.54","99.88","100.52","100.62","100.16","99.7","100.64","100.69","99.15","100.46","100.75","100.66","100.65","100.49","100.46","100.53","100.77","100.68","99.91","100.15","102.35","103.06","102.83","102.58","102.57","103.81","103.92","103.43","103.4","103.52","107.67","107.1","108.57","116.03","115.17","117.36","117.44","115.35","117.66","117.67","117.62","117.61","117.5","123.21","123.23","123.18","123.2","122.82","122.81","123.05","122.99","123.11","124.61","124.19","122.89","123.86","123.14","124.04"
"4.2.1. 소비자물가지수","        달걀","2020=100","3","원자료","89.64","86.929","83.489","90.553","92.021","90.398","91.865","89.825","93.031","98.142","99.503","99.415","99.41","97.37","100.57","101.87","100.08","98.62","97.44","97.54","101.42","103.39","101.31","100.99","114.97","139.08","141.28","140.16","147.12","153.72","154.35","151.67","146.05","138.13","134.44","134.47","133.17","130","130.87","135.18","137.84","138.26","137.81","136.49","136.75","135.86","136.77","138.03","134.49","130.22","127.1","129.74","133.05","134.11","132.52","132.1","134.83","136.9","135.72","135.97","136.53","136.45","134.38","133.78","134.31","134.38","134.75","134.49","133.65","135.23","134.38","134.37"
"4.2.1. 소비자물가지수","      식용유지","2020=100","1.4","원자료","97.541","96.903","95.46","94.724","96.304","97.983","96.226","96.059","94.871","94.763","96.972","97.659","93.62","97.13","99.66","99.82","103.14","99.15","102.11","100.14","99.2","101.69","101.39","102.95","101.33","102.85","107.91","108.32","107.08","104.8","104.32","106.77","105.88","111.62","112.03","112.97","115.42","122.55","128.46","127.75","129.18","134.09","140.14","137.95","142.08","144.15","142.4","145.84","147.33","149.58","152.01","151.07","147.54","146.91","146.39","153.65","151.93","156.42","158.14","156.32","153.9","154.28","154.35","154.22","162.45","163.92","157.89","160.21","161.79","168.45","170.62","168.5"
"4.2.1. 소비자물가지수","        참기름","2020=100","0.6","원자료","88.025","89.543","87.924","88.186","91.4","91.976","91.12","90.925","90.645","91.078","95.877","97.14","93.95","98.93","99.25","100.57","100.52","100.79","101.63","99.13","100.33","101.21","101.09","102.59","101.71","100.57","101.83","102.27","99.97","102.67","104.71","106.49","105.78","106.87","108.3","109.43","112.86","112.89","116.62","114.62","117.01","115.89","115.9","116.24","117.52","120.59","117.15","125.04","129.69","129.76","138.97","140.15","134.3","136.47","134.96","139.27","136.56","138.98","141.69","142.13","140.28","138.69","138.98","139.33","139.47","141.87","142.34","144.58","149.17","150.68","152.14","152.92"
"4.2.1. 소비자물가지수","        식용유","2020=100","0.8","원자료","107.653","104.738","103.488","101.687","101.53","104.378","101.654","101.507","99.369","98.682","98.142","98.221","93.33","95.58","100.01","99.17","105.38","97.74","102.53","101.01","98.23","102.1","101.65","103.26","101.01","104.8","113.12","113.51","113.18","106.62","103.98","107.01","105.97","115.7","115.23","116.01","116.39","130.23","138.15","138.69","139.15","149.76","161.52","156.94","163.75","164.84","164.72","163.86","162.32","166.63","162.55","159.6","158.31","155.02","155.44","165.42","164.68","171.11","171.84","167.88","164.97","167.22","167.08","166.49","182.35","182.93","170.74","173.1","171.78","183.27","186.12","181.25"
"4.2.1. 소비자물가지수","      과일","2020=100","15.6","원자료","102.608","106.154","104.827","107.709","102.381","95.202","89.666","87.814","95.464","91.377","84.312","90.556","91.31","91.52","95.53","97.06","97.46","97.13","100.63","101.99","109.56","112.64","99.9","105.25","106.77","110.78","112.06","112.19","112.88","110.13","111.9","112.25","109.63","110.73","105.98","113.06","121.6","119.69","119.29","120.68","118.71","117.94","121.07","123.59","118.4","115.94","107.8","115.13","117.65","116.72","120.79","119.16","118.78","122.15","128.71","140.58","147.29","146.78","134.2","143.4","149.26","161.39","166.73","161.99","161.99","157.57","154.57","153.37","143.59","132.11","123.41","140.04"
"4.2.1. 소비자물가지수","        사과","2020=100","2.3","원자료","99.306","103.169","100.243","101.72","96.071","88.008","79.289","76.392","105.091","88.568","88.82","87.342","79.19","81.93","81.24","83.91","90.73","97.24","104.89","108.33","121.66","123.98","112.17","114.72","119.16","128.55","129.47","130.34","130.27","130.45","128.79","118.35","108.49","99.11","101.04","97.43","100.03","102.77","101.68","99.68","100.43","105.45","112.36","118.13","106.09","95.2","92.98","93.47","95.81","95.76","93.78","98.07","105.18","118.88","139.26","156.22","165.87","166.27","145.82","144.35","150.21","163.71","176.5","177.33","189.73","193.84","194.34","182.81","157.93","132.95","132.84","133.29"
"4.2.1. 소비자물가지수","        배","2020=100","0.7","원자료","101.937","117.041","115.983","115.438","109.017","99.902","90.007","86.702","110.832","94.743","90.218","92.122","90.29","89.57","90.55","92.07","92.93","94.19","96.12","97.51","104.21","114.96","117.01","120.58","124.59","136.41","137.81","139.51","141.56","145.04","149.98","153.82","132.76","123.75","113.13","113.74","115.92","119.38","120.25","117.72","120.02","124.98","129.1","124.17","117.89","104.88","96.58","94.31","95.83","95.95","92.72","92.81","93.98","99.42","105.87","110.4","120.7","122.14","116.43","125.6","135.3","154.6","174.15","188.34","212.71","238.18","269.55","243.22","151.89","130.93","133.63","154.22"
"4.2.1. 소비자물가지수","        복숭아","2020=100","1","원자료","106.251","110.009","108.822","108.525","102.542","94.057","114.983","91.318","102.117","91.931","84.247","82.566","84.14","83.82","85.43","87.8","85.88","84.8","113.18","102.86","124.25","125.82","111.85","110.17","111.16","116.01","116.06","116.14","115.36","111.68","126.36","121.48","142.3","139.73","133.51","131.58","142.03","138.79","133.84","135.61","131.79","128.74","138.37","129.37","137.86","131.76","121.95","121.53","124.51","123.82","124.66","123.05","121.23","124.27","141.28","159.87","194.38","192.02","174.02","175.5","184.35","202.04","205.27","198.38","198.24","191.04","144.33","123.44","154.97","141.23","132.3","136.63"
"4.2.1. 소비자물가지수","        포도","2020=100","1.4","원자료","94.586","100.587","95.552","90.312","84.984","89.092","96.748","108.385","96.091","89.52","81.627","82.34","86.65","96.71","94.21","88.09","87.93","89.53","112.03","116.94","117.81","115.4","97.24","97.47","101.94","103.14","98.42","99.9","100.8","101.6","131.58","130.28","120.87","122.89","118.84","122.03","123.91","126.63","122.47","122.8","128.21","133.79","157.98","161.44","137.96","129.57","120.37","119.7","120.84","118.6","112.59","107.7","109.1","116.21","158.09","166.9","147.46","145.62","143.26","141.04","141.2","139.02","142.03","141.3","149.56","156.58","166.21","161.18","144.35","136.14","128.69","125.02"
"4.2.1. 소비자물가지수","        밤","2020=100","0.2","원자료","89.743","92.54","91.816","91.35","86.311","78.997","71.169","68.661","87.211","80.387","85.965","93.713","89.71","91.78","94.66","98.67","101.76","104.86","107.8","109.6","107.63","98.09","96.6","98.84","99.65","106.26","111","115.26","116.95","116.63","116.48","117.07","111.79","99.54","98.31","96.2","99.71","99.33","99.06","99.88","99.25","99.69","99.83","98.78","97.37","99.23","98.45","100.26","102.36","103.4","106.51","105.98","109.27","112.33","114.68","115.53","112.41","105.32","105.31","107.14","109.86","112.22","114.84","114.81","115.37","117.84","118.3","119.15","117.08","113.14","116.54","115.64"
"4.2.1. 소비자물가지수","        감","2020=100","0.5","원자료","101.308","107.557","108.041","107.704","101.726","93.311","83.889","80.585","81.092","104.348","86.114","92.107","91.08","93.62","101.49","104.71","104.72","104.72","104.72","104.72","106.16","101.37","86.47","96.19","107.29","123.87","123.17","121.19","121.4","121.4","121.56","122.64","123.42","117.07","108.99","121.25","125.53","130.12","131.14","130.33","130.39","130.02","130.58","130.05","130.27","114.72","97.5","101.65","104.45","103.39","107.93","107.59","107.47","106.81","108.07","107.43","109.26","130.6","121.5","134.17","145.88","161.18","166.19","167.86","167.51","166.96","167.56","168.06","167.96","146.22","111.1","106.34"
"4.2.1. 소비자물가지수","        귤","2020=100","1.8","원자료","92.414","104.17","128.41","127.759","120.653","110.452","99.557","95.986","96.586","130.745","90.173","76.849","68.39","79.93","105.45","108.23","105.73","104.39","104.3","105.83","114.97","132.7","92.04","78.04","81.21","92.46","109.17","109.27","108.61","105.14","102.58","103.04","100.61","130.77","107.22","98.17","99.18","110.33","128.92","130.62","126.98","124.07","124.84","127.75","122.32","143.76","113.41","106.21","113.37","126.59","146.96","144.92","142.62","146.31","150.15","165.33","174.18","166.67","131.49","128.45","158.45","225.43","247.46","238.65","238.71","230.46","227.96","226.05","211.07","203.35","162.05","170.13"
"4.2.1. 소비자물가지수","        오렌지","2020=100","0.4","원자료","105.528","110.175","109.339","98.468","90.243","91.418","82.441","79.212","79.615","71.792","65.832","64.456","109.69","109.24","106.16","99.28","93.41","94.76","94.71","96.12","104.34","105.69","94.01","92.59","110.79","119.39","108.23","98.02","98.38","100.45","98.07","98.44","96.1","94.26","90.07","88.81","123.41","130.82","125.68","125.67","127.27","126.28","127.1","130.08","124.53","119.02","110.17","109.86","125.59","134.69","124.66","115.18","116.43","119.11","122.29","134.69","141.9","140.19","127.13","128.1","129.44","145.52","135.51","123.69","121.41","129.11","127.7","126.67","118.24","107.71","100.89","104.22"
"4.2.1. 소비자물가지수","        참외","2020=100","1","원자료","94.372","97.826","96.658","152.229","126.195","109.175","81.045","85.827","86.446","77.642","71.183","69.935","73.13","73.71","129.08","145.51","111.04","102.8","81.42","93.01","101.97","103.28","92.82","92.22","93.82","97.98","139.55","151.18","134.21","118.26","97.5","106.15","104.53","103.96","99.82","99.35","109.07","107.61","154.17","177.32","140","109.69","98.94","111.75","108.4","104.6","97.45","99.1","102.26","102.72","179.73","180.44","139.66","131.38","104.72","124.2","132.16","128.61","118.81","121.64","128.58","141.1","196.06","190.9","151.59","113.57","86.14","106.06","101.16","92.5","89.58","95.2"
"4.2.1. 소비자물가지수","        수박","2020=100","1","원자료","128.697","133.265","131.903","131.405","127.491","102.969","93.884","98.977","99.606","89.621","82.292","80.649","82.76","82.45","84.07","86.39","116.8","103.06","106.8","104.92","113.88","115.34","102.57","100.96","101.89","106.31","106.39","106.52","123.91","106.94","115.79","144.59","141.29","138.79","132.49","130.54","141.37","138.15","133.25","135.01","142.2","131.35","128.68","143.16","137.08","131.08","121.3","120.99","124.04","123.33","124.05","122.41","141.12","129.29","131.62","170.24","179.52","177.34","160.99","162.26","170.46","186.77","189.65","183.18","177.22","135.68","128.29","168.44","157.54","143.52","134.38","138.86"
"4.2.1. 소비자물가지수","        딸기","2020=100","1.5","원자료","126.256","113.243","92.774","87.183","88.267","80.953","72.989","70.236","70.746","63.67","58.664","137.265","142.52","114.28","91.47","88.32","85.83","84.76","84.72","85.97","93.36","94.55","84.07","150.15","137.07","125.74","98.33","86.99","90.7","87.83","85.71","86.05","84.05","82.52","78.74","158.76","199.86","152.37","104.7","99.63","97.85","95.62","96.25","98.48","94.29","90.16","83.46","162.11","165.04","140.78","116.46","101.46","103.57","106.13","109.09","120.13","126.6","125.16","113.66","199.74","190.7","173.52","134.49","110.01","105.99","102.32","101.48","100.72","94.02","85.62","80.31","217.32"
"4.2.1. 소비자물가지수","        바나나","2020=100","0.8","원자료","88.585","95.445","94.394","98.742","97.753","99.936","97.771","95.053","99.491","98.395","95.508","93.957","94.4","97.96","99.79","103.36","105.44","100.24","98.32","97.81","102.38","103.99","102.82","93.49","92.14","99.85","102.57","106.78","107.02","107.05","101.02","98.66","100.79","100.97","100.39","99.72","100.84","106.42","110.6","117.07","122.44","121.6","116.45","114.02","112.06","115.54","115.37","110.72","113.61","116.6","121.69","125.71","126.76","122.77","118.9","119.54","124.7","126.16","122.36","117.19","116.85","121.91","122.23","114.13","110.18","108.02","103.72","107.48","126.43","119.39","113.75","105.79"
"4.2.1. 소비자물가지수","        키위","2020=100","0.4","원자료","96.68","96.444","94.382","94.936","99.398","99.07","99.665","91.725","94.782","94.7","96.731","99.06","95.72","96.82","99.41","95.74","98.85","99.53","98.74","100.92","101.98","104.09","102.84","105.38","106.73","106.41","107.36","109.63","110.3","106.46","105.19","105.62","106.47","104.03","105.35","106.07","109.8","115.1","117.2","120.37","121.36","119.18","120.02","119.42","121.89","119.13","118.69","117.85","119.36","119.74","117.65","112.14","112.78","124.45","125.02","124.36","130.49","140.28","139.85","137.59","137.88","137.85","140.32","140.69","136.04","127.14","130.17","129.49","125.04","124.06","121.76","116.26"
"4.2.1. 소비자물가지수","        블루베리","2020=100","0.4","원자료","92.839","92.469","94.574","94.902","93.927","92.787","91.586","91.925","91.729","93.845","95.642","95.057","96.03","97.62","97.9","99.68","100.93","100.63","100.11","100.3","100.34","102.41","102.46","101.57","102.88","103.83","104.08","105.86","106.34","106.57","106.42","106.6","108.3","111.78","115.86","118.61","118.65","124.84","127.79","126.11","127.59","127.51","128.56","127.62","129.85","133.07","134.5","134.97","135.05","135.45","136.9","139","138.51","139.31","139.49","138.69","137.86","137.69","139.99","137.24","139.27","136.72","134.93","135.27","136.42","136.36","134.62","128.97","131.25","133.76","135.39","134.61"
"4.2.1. 소비자물가지수","        망고","2020=100","0.4","원자료","","","","","","","","","","","","","93.88","88.54","87.9","89.66","89.13","93.57","102.36","102.88","112.4","115.97","111.28","112.44","122.54","112.48","90.22","91.99","92.33","98.32","115.53","112.49","115.25","118.81","118.35","119.54","118.63","116.31","107.24","101.4","101.27","113.38","119.61","130.78","136.37","135.83","131.27","123.51","122.97","122.92","116.83","113.63","105.79","105.36","107.96","120.67","137.37","136.88","130.77","117.09","123.35","110.07","91.87","85.63","85.93","87.72","97.68","112.12","128.38","124.5","119.29","122.18"
"4.2.1. 소비자물가지수","        체리","2020=100","0.3","원자료","","","","","","","","","","","","","92.55","90.67","92.49","94.98","92.87","107.52","97.32","96.91","105.19","106.56","94.76","128.18","111.75","98.12","98.25","98.35","97.72","108.23","88.99","85.59","83.64","82.12","78.39","113.5","111.48","94.67","91.32","92.51","89.89","136.07","140.35","124.44","119.14","113.88","105.46","137.58","114.23","94.23","94.87","93.62","92.16","111.81","88.8","94.81","99.97","98.68","89.56","137.81","135.89","120.63","122.62","118.37","118.27","100.94","95.52","100.14","93.81","85.47","80.05","135.8"
"4.2.1. 소비자물가지수","        아보카도","2020=100","0.1","원자료","","","","","","","","","","","","","106.39","106.12","108.43","124.17","126.75","107.43","99.78","89.79","82.66","84.56","84.38","79.54","78.71","87.79","97.08","95.64","110.01","95.2","80.13","74.66","71","80.4","91.25","89.36","90.56","102.35","121.61","132.83","129.75","110.56","95.34","82.11","85.35","92.75","87.56","88.11","94.5","101.74","110.79","107.12","99.42","97.35","87.5","79.57","89.69","90.28","97.24","96.93","99.84","104.58","107.25","108.2","106.4","102.82","98.59","92.79","102.58","108.95","104.98","109.03"
"4.2.1. 소비자물가지수","        파인애플","2020=100","0.2","원자료","","","","","","","","","","","","","101.04","98.11","96.75","102.06","97.58","95.77","100.5","96.87","104.65","105.87","103.57","97.24","97.7","101.1","103.35","110.99","110.89","108.61","106.8","104.89","113.39","119.58","120.27","113.37","110.48","112.82","115.39","121.3","124.07","123.97","118.11","120.85","131.88","132.24","129.96","122.59","125.78","124.44","125.83","129.8","135.77","135.57","135.27","133.55","144.21","150.83","147.57","143.34","132.77","136.03","131.68","125.83","123.09","127.81","124.92","122.19","138.69","144.96","129.01","113.88"
"4.2.1. 소비자물가지수","        아몬드","2020=100","0.2","원자료","102.615","102.74","103.449","104.043","103.094","103.54","102.306","100.809","101.095","101.312","100.478","101.586","101.38","101.82","101.81","100.77","100.85","100.5","99.46","99.52","98.75","97.78","98.6","98.76","98.79","98.13","97.29","97.13","98.01","98.4","98.64","99.07","98.57","99.23","98.57","98.89","99.85","99.71","99.36","98.54","99.39","98.33","98.98","98.62","98.67","99.08","98.78","99.25","99.32","99.67","99.25","99.66","100.56","100.48","100.7","101.28","100.66","99.1","97.89","97.45","98.55","97.66","99.4","98.33","96.02","95.89","96.95","97.01","97.65","96.1","96.07","97.14"
"4.2.1. 소비자물가지수","        과일가공품","2020=100","1","원자료","97.627","97.59","98.391","96.816","97.82","97.627","98.087","98.151","98.86","98.566","98.483","99.081","106.77","107.07","98.47","97.39","97.47","98.91","98.27","98.74","99.25","99.21","99.23","99.21","102.33","102.42","101.77","101.64","101.95","99.19","103.94","103.19","104.05","103.11","105.72","107.76","109.14","117.9","120.85","121.51","118.51","119.17","120.26","120.86","122.44","123.12","124.92","126.15","126.35","129.72","129.7","131.12","131.34","131.58","128.52","129.75","132.61","134.55","136.98","138.05","138.23","138.55","138.35","138.8","135.62","136.42","136.77","134.67","138.11","133.68","136.28","138.57"
"4.2.1. 소비자물가지수","      채소 및 해조","2020=100","15.7","원자료","87.726","89.084","83.937","82.36","80.618","79.402","79.064","88.566","96.475","99.864","92.52","92.159","100.69","97.54","97.33","90.91","88.68","87.09","90.87","110.93","125.33","117.61","99.33","93.69","105.13","118.04","115.41","107.95","98.72","92.33","91.24","99.51","112.71","99.61","106.99","102.41","107.86","109.19","104.77","103.17","99.7","98.24","112.92","125.04","135.97","120.33","105.25","100.82","113.36","117.03","118.16","110.12","105.9","101.45","107.94","123.99","129.13","126.55","115.03","111.9","122.56","130.27","130.31","123.58","114.12","102.22","108.21","124.14","145.09","147.05","128.27","125.07"
"4.2.1. 소비자물가지수","        배추","2020=100","1.3","원자료","49.833","47.878","44.88","44.211","45.237","54.542","68.682","75.347","107.702","132.474","92.649","83.616","88.32","86.45","88.16","84.61","90.99","86.28","92.97","128.16","180.29","151.16","66.4","56.22","56.05","71.74","87.9","92.16","78.3","69.02","70.59","89.57","108.11","84.16","87.14","87.47","87.85","88.1","89.49","99.37","97.2","93.6","121.92","159.3","210.56","145.2","78.36","62.24","64.34","69.02","78.58","89.31","93.4","87.98","93.41","132.99","136.76","137.7","84.36","73.48","78.97","83.49","93.96","117.95","108.01","83.24","105.95","145.75","210","208.57","97.83","92.89"
"4.2.1. 소비자물가지수","        상추","2020=100","0.6","원자료","77.766","76.915","73.253","72.823","74.439","68.834","80.679","129.31","118.47","140.274","100.946","89.313","115.4","90.46","81.31","73.41","71.78","81.18","111.3","176.77","142.79","98.16","76.99","80.43","105.92","104.31","87.33","85.83","86.22","97.18","111.2","144.59","201.08","125.01","134.21","93.22","108.12","101.96","87.17","91.63","86.2","87.19","179.76","178.66","172.59","103.45","88.26","89.6","136.14","119.89","108.32","93.44","89.82","90.56","164.58","190.37","153.1","146.24","110.99","101.98","115.82","112.38","109.99","92.85","89.79","83.81","131.79","186.39","201.37","218.29","139.3","103.77"
"4.2.1. 소비자물가지수","        시금치","2020=100","0.3","원자료","65.504","69.82","54.67","56.527","57.789","63.403","84.26","172.579","182.688","111.025","83.056","74.732","76.42","72.16","70.32","68.64","66.76","78.47","113.6","167.84","212.54","115.7","81.71","75.83","100.99","102.4","71.95","66.45","78.75","87.88","117.19","229.65","205.47","126.96","118.49","89.34","96.83","109.1","98.35","85.65","91.14","102.8","199.66","262.54","258.34","129.16","94.34","77.85","96.67","93.63","82.86","79.45","90.7","97.18","161.65","256.87","270.71","151.46","92.47","87.53","101.82","125.41","104.23","94.7","81.33","88.09","142.79","231.98","330.8","185.64","117.48","103.37"
"4.2.1. 소비자물가지수","        양배추","2020=100","0.2","원자료","63.704","59.366","58.053","57.095","60.275","64.88","65.639","61.559","58.739","63.835","77.309","84.568","97.48","97.16","100.97","115.16","117.1","76.04","67.33","82.31","113.63","130.53","113.98","88.31","96.88","95.3","78.4","71.14","69.54","71.73","72.89","80.74","75.24","70.96","70.49","71.1","68.76","69.4","78.02","91.85","107.42","86.96","91.6","95.65","97.21","102.76","95.94","81.22","84.66","84.03","82.6","86.01","95.12","93.43","93.04","99.99","110.43","118.28","100.1","84.83","88.05","86.18","91.56","127.94","148.45","106.69","87.47","92.85","98.9","107.99","110.91","109.31"
"4.2.1. 소비자물가지수","        미나리","2020=100","0.2","원자료","111.342","120.932","93.866","78.839","68.682","63.222","62.744","86.957","107.108","102.597","106.241","115.293","126.43","120.13","97.24","82.56","76.84","69.95","69.28","97.67","117.27","104.46","114.94","123.23","126.83","140.21","109.54","95.66","85.31","79.56","77.5","99.66","137.54","120.3","137.4","139.41","150.63","150.56","125.77","108.43","97.18","93.8","117.76","138.52","162.57","138.48","135.28","148.87","177.68","166.7","141.03","108.9","104.54","93.23","104.31","144.88","158.61","148.11","139.96","155.5","176.36","176.07","148.23","121.77","100.39","92.25","103.36","138.48","196.22","160.78","154.05","157.27"
"4.2.1. 소비자물가지수","        깻잎","2020=100","0.2","원자료","94.056","91.914","79.476","76.121","78.952","73.874","69.149","88.32","102.915","107.782","87.077","90.941","122.2","104.62","94.14","87.12","84.72","81.2","82.22","127.81","134.97","107.41","85.94","87.66","124.82","115.54","94.12","89.57","85.79","86.53","84.24","100.59","145.9","107.69","117.74","101.44","128.9","128.3","108.26","109.01","104.55","101.71","111.82","123.06","149.7","122.9","101.24","102.27","147.64","129.73","121.44","108.55","109.59","99.54","112.04","151.13","144.97","134.1","104.69","103.21","147.24","145.11","136.46","110.57","106.98","97.87","99.38","134.46","163.27","163.17","128.48","117.59"
"4.2.1. 소비자물가지수","        부추","2020=100","0.2","원자료","104.9","109.463","80.005","82.585","64.122","54.051","51.447","69.903","77.75","75.571","94.806","111.12","140.3","140.02","101.8","90.13","80.34","67.7","58.27","98.56","108.27","82.71","128.47","103.43","135.79","153.86","96.69","82.52","72.42","62.49","65.52","93.69","97.62","81.16","140.56","145.44","140.93","153.88","128.76","118.52","89.53","75.1","102.47","117.66","127.53","109.04","128.23","129.84","203.76","189.33","156.3","113.85","93.64","77.58","88.56","129.46","111.01","123.01","143.16","183.25","179.16","205.9","203.38","143.59","95.68","77.07","85.94","119.42","138.12","117.96","143.81","197.81"
"4.2.1. 소비자물가지수","        무","2020=100","0.6","원자료","60.942","60.346","57.476","57.139","66.64","69.74","71.234","70.602","85.382","116.995","121.943","126.307","138.77","95.4","74.65","69.93","68.21","75.55","93.47","104.23","162.66","143.09","91.72","82.32","89.07","79.22","65.23","61.93","66.61","70.16","80.07","93.62","89.86","80.24","83.65","82.29","78.97","77.96","73.46","71.51","87.74","98.36","122.51","145.93","171.51","174.87","114.18","88.15","85.39","88.82","85.4","87.03","100.83","94.2","95.14","128.01","125.57","111.54","85.33","78.04","82.77","82.54","85.33","90.69","103.89","102.37","118.14","143.9","177.86","169.61","138.64","154.84"
"4.2.1. 소비자물가지수","        열무","2020=100","0.2","원자료","56.06","56.911","74.577","70.718","61.533","64.381","68.24","127.515","112.013","123.134","113.045","112.837","124.24","119.94","102.4","85.01","75.43","83.63","84.94","131.28","143.56","95.58","79.36","74.61","84.71","95.89","95.9","90.78","82.63","84.68","102.13","117.65","137.91","107.03","115.62","110.26","117.05","118.79","152.32","143.89","106.29","100.66","166.46","180.97","156.62","109.49","94.38","89.99","102.58","106.52","133.66","102.12","97.89","89.5","139.33","150.93","166.76","107","96.07","93.07","103.19","110.61","136.11","117.75","112.78","77.72","119.18","170.18","200.94","159.83","137.36","133.32"
"4.2.1. 소비자물가지수","        당근","2020=100","0.3","원자료","84.828","78.601","70.076","70.755","77.236","73.106","72.673","72.703","79.989","90.401","104.642","104.57","100.7","95.47","94.2","111","101.51","90.91","90.02","93.74","110.92","127.46","103.18","80.89","76.86","80.7","78.33","77.92","77.14","71.59","69.22","68.95","75.96","79.83","77.79","75.91","72.09","68.93","67.15","73.55","83.86","82.03","85.93","92.32","111.56","117.46","106.22","98.43","102.25","107.05","108.15","111.08","105.07","100.53","102.33","120.18","154.88","133.46","128.61","93.49","84.12","90.2","109.77","139.13","134.52","135.06","141.42","149.02","185.92","169.22","160.31","154.68"
"4.2.1. 소비자물가지수","        감자","2020=100","0.6","원자료","127.17","126.043","129.289","144.933","123.373","93.763","73.237","67.735","68.295","67.193","67.279","74.752","90.35","98.99","113.8","121.86","122.09","100.9","83.51","84.16","91.91","94.78","95.22","102.43","114.38","130.15","134.6","135.38","116.65","91.85","81.39","83.42","89.83","91.3","91.83","101.26","118.81","127.23","135.77","156.03","153.76","126.71","115.08","114.4","116.83","116.27","118.15","121.2","134.41","139.53","150.87","169.53","160.78","132.92","109.03","110.99","113.13","110.37","110.27","113.49","126.38","134.73","146.36","159.43","157.39","118.53","96.86","96.13","93.75","97.75","97.23","99.11"
"4.2.1. 소비자물가지수","        고구마","2020=100","1","원자료","95.153","95.465","92.146","92.421","91.968","92.228","90.349","86.83","80.14","76.056","71.764","72.648","74.55","73.68","81.19","89.29","106.82","120.03","123.63","136.3","108.69","97.43","92.27","96.13","103.2","110.08","114.28","114.78","120","121.75","119.15","110.45","106.27","98.4","93.99","88.5","88.96","86.82","85.33","84.26","83.59","83.3","83.35","87.26","87.95","83.88","81.32","82.35","84.37","85.92","85.77","84.98","86.53","89.9","95.27","106.35","102.21","94.19","92.2","93.39","95.08","92.78","94.74","97.77","102.71","106.02","102.56","101.27","99.28","94.33","92.22","91.6"
"4.2.1. 소비자물가지수","        도라지","2020=100","0.1","원자료","92.455","93.148","93.067","93.779","97.167","97.995","97.797","97.383","99.266","99.752","100.824","100.617","100.85","101.38","101.24","100.43","99.84","99.02","99.09","99.54","99.61","99.74","99.79","99.45","100.19","102.36","103.97","105.6","105.04","105.16","105.26","104.68","107.02","109.89","109.86","111.42","112.44","112.87","114.52","115.48","115.87","116.56","115.83","116.51","117.34","118.24","117.52","117.44","120.36","120.99","120.47","120.6","120.39","120.84","119.64","120.79","121.42","122.71","122.22","121.9","123.01","123.51","124.91","124.22","124.03","124.87","124.34","124.55","125.99","125.76","125.66","124.55"
"4.2.1. 소비자물가지수","        콩나물","2020=100","0.5","원자료","100.208","100.262","99.584","100.19","100.154","100.398","100.353","100","99.466","99.52","99.656","99.665","99.3","100","100.79","100.52","100.17","100.88","100.22","99.86","99.66","99.56","99.46","99.6","101.18","103.04","103.97","103.77","104.65","104.89","104.35","104.46","103.99","104.64","104.54","104.32","104.98","107.11","109.64","110.46","109.91","110.73","110.31","109.62","108.88","109.42","111.53","111.5","111.38","112.36","112.95","112.82","112.87","112.54","113.1","112.76","112.13","113.12","112.53","112.13","111.29","110.96","110.59","109.41","110.78","110.05","110.07","110.26","109.97","110.16","110.19","110.12"
"4.2.1. 소비자물가지수","        버섯","2020=100","0.9","원자료","107.139","113.253","103.313","102.857","99.965","98.94","99.145","100.489","115.121","108.05","103.723","102.276","110.01","100.79","99.66","93.94","95.03","95.75","94.95","99.02","105.12","108.12","98.16","99.45","106.5","116.04","103.81","102.04","103.98","103.52","101.4","105.6","120.74","115.25","117.18","115.2","126.31","127.27","116","112.47","115.17","114.11","110.42","112.33","126.18","112.63","110.52","110.09","127.89","115.3","113.93","108.81","106.31","104.89","104.4","105.72","115.42","117.66","110.42","109.82","117.37","123.14","114.14","109.52","107.45","99.75","100.75","103.05","116.81","114.65","111.71","109.07"
"4.2.1. 소비자물가지수","        오이","2020=100","0.6","원자료","106.453","115.794","105.958","84.483","75.133","69.029","76.475","103.61","89.07","106.05","113.647","120.984","133.97","135.87","118.65","82.87","67.44","69.99","85.33","108.39","135.55","91.98","72.97","97.01","126.06","151.4","122.75","101.93","81.66","90.04","86.1","93.01","119.68","95.67","145.74","143","141.26","149.61","126.84","116.66","87.04","85.93","148.78","157.59","139.57","124.54","94.35","120.13","177.37","191.08","167.17","126.92","106.29","97.63","120.03","145.05","143.42","138.78","132.18","150.63","195.79","213.99","196.9","136.22","101.76","81.79","119.12","146.29","162.24","168.12","168.62","170.68"
"4.2.1. 소비자물가지수","        풋고추","2020=100","0.6","원자료","79.936","94.007","98.598","78.828","79.55","77.661","76.503","86.31","95.411","89.161","92.66","87.288","104.76","125.98","122.69","92.94","82.01","78.77","88.12","93.5","118.55","124.88","90.77","77.02","89.73","137.1","122.25","99.34","91.03","95.28","96.5","90.29","90.81","82.9","107.62","90.77","99.4","119.89","114.4","108.19","96.2","97.51","122.63","118.22","133.81","104.8","103.6","90.14","116.51","161.3","167.47","124.13","116.11","111.11","114.26","117.29","120.31","130.27","118.8","106.13","131.98","175.56","188.53","149.66","119.98","100.58","118.12","132.89","152.91","146.4","147.2","121.77"
"4.2.1. 소비자물가지수","        호박","2020=100","0.5","원자료","100.359","100.336","81.619","64.424","56.7","65.403","60.473","98.372","96.509","87.892","71.403","75.347","120.9","124.74","129.4","76.37","64.03","70.49","74.73","153.39","141.66","88.19","69.1","87.01","127.29","144.36","120.32","87.82","70.95","91.14","68.88","76.21","135.71","84.44","125.27","112.7","138.41","131.35","113.1","96.05","71.27","78.96","119.1","139.14","150.14","101.36","81.33","88.82","141.75","152.87","150.38","116.02","95.5","90.2","92.82","114.21","123.65","101.96","102.06","107.66","151.38","186.31","181.27","132.53","91.58","71.41","84.96","126.22","149.44","147.52","145.81","121.53"
"4.2.1. 소비자물가지수","        가지","2020=100","0.2","원자료","100.16","101.678","94.94","106.507","95.356","84.776","63.788","73.055","74.874","90.763","99.067","98.806","135.22","124.76","117.84","93.97","79.93","74.63","71.64","100.61","118.75","87.61","91.79","103.24","139.71","136.76","118.77","105.74","92.55","90.68","80.2","75.78","87.89","81.54","116","122.07","137.48","136.26","122.63","117.97","100.91","98.44","104.98","110.63","116.43","101.91","98.59","117.18","144.69","143.6","131.87","118.77","114.29","100.65","93.56","112.82","93.77","103.46","103.9","128.28","174.61","183.37","169.81","144.54","117.88","93.68","93.73","104.5","96.96","115.42","113.05","133.32"
"4.2.1. 소비자물가지수","        토마토","2020=100","1.3","원자료","93.181","96.107","96.593","94.837","77.144","65.254","60.308","63.812","76.131","96.5","94.509","99.126","103.25","100.64","105.5","100.7","79.93","66.47","72.26","92.93","118.22","145.57","121.55","92.99","94.34","96.88","102.19","99.56","88.53","75.83","76.7","79.05","103.42","101.48","109.99","105.19","117.7","116.82","110.51","104.18","87.32","76.15","76.01","102.57","117.56","131.56","112.36","91.79","90.74","99.47","117.01","109.02","88.69","81.18","89.44","113.92","154.06","162.65","148.81","133.79","137.81","155.45","159.26","151.52","122.2","95.78","87.01","102.27","138.56","197.25","171.57","161.39"
"4.2.1. 소비자물가지수","        파","2020=100","0.9","원자료","90.008","80.605","64.365","55.724","62.935","84.358","84.289","94.914","98.718","95.269","92.14","86.845","85.85","71.54","63.98","59.62","72.67","85.7","88.6","121.65","137.56","145.65","146.86","120.32","150.2","230.57","256.56","217.08","167.08","95.93","73.29","82.19","93.71","93.31","102.18","98.42","94.08","92.68","97.39","83.77","87.1","100.76","108.88","122.44","126.05","115.66","112.15","111.94","115.49","120.12","125.45","97.19","104.97","102.3","112.01","122.43","116.08","144.26","156.72","162.95","185.71","180.33","154.78","114.25","113.1","98.35","102.62","110.29","125.17","124.17","124.28","136.11"
"4.2.1. 소비자물가지수","        양파","2020=100","0.7","원자료","69.234","67.66","66.72","80.032","87.22","76.265","63.144","58.637","61.56","62.596","63.405","68.504","79.78","85.65","113.13","111.43","102.25","95.4","88.5","91.3","100.51","107.03","111.13","113.89","126.5","143.66","154.04","129.01","91.94","82.15","82.41","82.47","87.8","87.06","87.59","88.07","86.61","83.87","77.52","78.91","78.38","88.37","97.64","100.94","105.89","108.92","111.34","114.69","114.59","111.6","122.75","118.82","104.25","106.21","104.71","104.73","104.78","105.79","106.14","104.35","103.67","103.76","109.82","123.98","113.14","101.46","93.83","94.28","96.97","98.44","97.76","102.62"
"4.2.1. 소비자물가지수","        마늘","2020=100","1.3","원자료","114.337","113.565","111.49","113.094","112.894","110.848","100.932","92.932","92.22","89.904","88.009","87.006","89.37","88.46","87.99","87.05","88.73","88.54","91.76","107.9","115.78","118.53","117.74","118.17","118.45","118.85","120.11","126.65","129.59","127.96","131.17","135.62","135.54","134.75","135.26","139.71","140.82","139.31","139.59","141.66","144.49","144.62","146.24","146.48","145.05","144.55","142.76","141.7","144.24","143.72","141.88","141.63","137.61","131.59","129.81","127.95","126.31","126.95","124.73","125.95","126.73","125.78","126.15","124.14","123.46","125.06","122.91","124.93","124.83","126.63","126.15","126.62"
"4.2.1. 소비자물가지수","        브로콜리","2020=100","0.2","원자료","64.267","68.029","66.777","87.648","106.718","83.595","78.506","98.243","121.582","105.189","104.195","118.155","100.85","79.13","80.21","89.7","95.19","79.45","87.2","112.87","147","135.35","110.49","82.57","90.45","79.79","74.69","83.76","93.22","80.68","89.15","107.66","127.19","105.29","133.12","109.5","106.49","100.32","88.73","96.2","104.84","87.15","95.31","114.61","139.05","123.65","105.66","74.48","84.89","80.94","91.07","116.42","126.38","97.49","104.29","132.71","154.99","143.28","105.11","88.82","87.66","90.79","112.88","144.18","128.41","90.47","100.53","126.85","166.26","189.9","150.06","122.31"
"4.2.1. 소비자물가지수","        고사리","2020=100","0.1","원자료","96.787","97.123","97.438","97.418","98.049","98.138","97.822","98.187","98.276","97.783","97.369","98.207","98.37","98.75","98.77","98.67","99.21","99.74","99.96","100.64","100.91","101.15","101.64","102.19","102.65","105.59","106.46","107.6","106.75","107.82","109","110.56","113.46","115.13","114.3","116.07","118.58","118.19","119.51","120.28","119.88","120.04","119.91","119.54","122.34","122.75","122.16","122.34","123.37","123.39","122","122.78","122.04","120.76","120.51","121.74","121.75","122.11","121.77","121.24","122","123.99","124.9","124.12","123.45","123.51","123.1","123.49","124.62","125.76","124.49","122.83"
"4.2.1. 소비자물가지수","        파프리카","2020=100","0.6","원자료","93.241","108.346","85.468","81.27","73.846","70.246","63.205","67.894","118.33","112.17","91.029","82.899","106.43","120.35","117.77","97.25","81.47","71.14","68.22","88.33","124.88","143.59","102.32","78.23","109.34","124.05","116.88","103.38","89.62","80.49","73.84","81.12","129.09","104.81","95.24","87.5","109.64","128.67","111.73","98.49","98","81.26","76.86","110.07","155.47","133.37","95.19","81.85","116.04","144.91","134.59","114.5","99.53","94.94","83.39","109.84","143.73","135.78","112.64","92.1","132.04","165.92","163.02","138.81","103.99","89.14","76.93","98.16","160.98","156.71","136.71","123.98"
"4.2.1. 소비자물가지수","        단무지","2020=100","0.2","원자료","99.789","100.081","97.571","98.821","100.979","100.233","102.098","100.273","98.045","100.707","99.456","100.636","98.99","100.41","98.29","99.68","98.83","101.14","99.47","100.26","101.21","100.29","100.3","101.12","100.65","98.67","100.81","100","98.96","99.94","100.03","102.98","97.58","100.28","101.27","101.7","103.93","102.05","104.08","107.93","108.64","108.28","102.68","102.79","101.77","103.85","106.29","111","108.87","111.69","112.24","111.78","110.87","111.62","112.67","112.87","112.09","110.08","112.37","112.95","112.17","108.85","112.56","111.14","112.22","111.26","111.22","111.89","106.27","110.64","112.94","113.09"
"4.2.1. 소비자물가지수","        김","2020=100","0.5","원자료","96.831","96.796","96.885","95.463","96.611","96.336","98.074","98.074","97.91","98.116","98.947","99.621","100.31","99.56","101.08","100.21","99.83","100.29","99.84","99.78","99.98","99.49","99.86","99.79","98.87","99.38","99.23","98.45","98.15","98.27","98.7","98.97","99.8","99.44","99.77","98.15","98.22","97.66","98.61","100.23","101.26","102.96","104.61","104.9","105.3","104.68","105.86","106.92","109.12","109.2","107.89","108.64","108.09","107","108.23","109.05","107.68","108.2","109.09","111.33","110.41","112.61","115.05","119.45","127.38","137.59","140.26","141.54","142.87","143.94","147.24","149.53"
"4.2.1. 소비자물가지수","        맛김","2020=100","0.5","원자료","101.902","102.561","103.093","101.938","102.353","102.037","101.136","100.874","103.372","101.46","100.613","99.377","100.56","98.66","101.63","101.17","101.23","100.94","99.24","97.67","99.45","100.15","99.69","99.6","98.09","98.9","100.65","99.58","99.22","99.82","98.95","99.5","99.66","101.04","99.47","99.88","99.86","99.67","101.64","100.16","102.06","105.16","105.68","108.13","106.86","107.54","107.81","106.93","107.84","107.17","108.09","105.95","107.1","108.17","106.75","105.22","106.1","106.73","107.68","110.06","106.8","109.88","109.67","112.37","115.78","118.01","124.56","126.2","127.38","130.39","130.66","129.46"
"4.2.1. 소비자물가지수","        미역","2020=100","0.3","원자료","98.148","98.27","98.42","98.223","98.561","98.382","98.757","97.736","98.926","98.851","98.551","98.476","98.7","98.83","98.57","98.66","98.75","98.72","99.52","100.46","101.22","101.73","102.14","102.72","103.5","103.76","103.82","103.98","104.5","104.65","105.11","105.39","105.82","105.91","105.84","106.24","106.27","107","110.61","112.23","113.51","112.38","113.41","114.68","115.7","117.56","117.96","118.38","118.48","118.77","117.95","117.99","118.48","119.33","119.53","119.21","120.44","120.55","121.15","121.43","121.78","121.49","121.18","121.09","120.86","121.07","121.08","121.12","121.35","121.66","121.57","126.68"
"4.2.1. 소비자물가지수","      과자, 빙과류 및 당류","2020=100","10.4","원자료","99.452","99.344","98.866","99.383","99.774","99.286","97.519","98.622","99.657","99.296","100.369","99.998","100.62","99.02","100.37","99.62","100.74","99.58","99.45","98.68","99.54","100.64","100.71","101.04","99.72","99.94","99.51","99.84","100.04","100.36","100.23","102.14","101.45","102.43","102.84","103.22","103.33","103.48","105.77","107.82","108.72","108.94","109.23","109.31","110.26","112.97","113.22","113.15","113.7","114.98","116.86","118.2","118.26","119.14","118.19","119.65","119.47","119.93","120.47","120.39","120.25","120.18","120.44","120.71","120.23","120.54","121.04","121.29","120.86","121.19","121.45","122.27"
"4.2.1. 소비자물가지수","        초콜릿","2020=100","0.5","원자료","97.581","94.472","95.021","98.553","97.918","98.909","97.908","99.516","99.785","101.19","101.219","101.315","102.89","99.33","100.67","100.85","100.76","100.51","100.51","99.84","97.76","99.79","98.76","98.34","98.96","98.3","98.53","98.75","98.17","99.39","101.54","101.88","100.69","100.46","99.19","99.38","101.33","101.56","98.04","102.66","102.78","103.33","107.29","108.15","110.32","110.29","110.72","110.98","110.98","110.2","117.45","122.55","123.06","123.48","126.53","126.64","126.91","126.86","126.23","126.28","126.36","125.57","126.24","126.49","126.5","133.62","139.26","139.49","139.83","140.2","139.88","139.63"
"4.2.1. 소비자물가지수","        사탕","2020=100","0.8","원자료","97.891","97.993","89.42","99.842","97.526","100.898","97.607","100.268","101.863","101.853","97.891","100.085","100.75","102.31","100.19","102.09","101.86","97.21","100.82","97.36","100.45","98.56","98.29","100.1","96.92","98.73","95.42","100.05","100.22","97.52","95.78","100.08","96.51","97.79","97.41","100.35","96.12","96.26","96.93","103.79","101.01","102.37","102.13","101.77","104.11","103.86","102.67","104.13","102.96","104.58","108.77","113.88","113.98","115.54","114.04","114.74","113.01","114.93","116.51","116.49","115.02","115.33","112.5","115.94","115","115.34","114.82","115.6","114.1","116.6","116.41","116.12"
"4.2.1. 소비자물가지수","        껌","2020=100","0.1","원자료","100.591","100.633","100.251","99.105","97.205","99.115","98.086","100.272","98.288","98.181","99.094","101.971","99.81","101.85","101.68","99.03","100.38","100.52","100.88","99.46","100.01","98.98","98.14","99.26","101.22","98.89","101.12","97.47","99.34","100.88","99.23","97.76","96.53","99.71","99.87","100.1","101.65","101.87","104.95","105.23","104.89","105.93","105.75","106.52","106.45","107.31","107.04","107.24","107.49","107.29","109.94","110.71","112.59","113.87","113.46","113.41","105.51","112.43","114.63","113.97","114.73","116.04","114.31","115.13","114.97","115.11","115.87","116.04","115.34","115.65","116.51","116.24"
"4.2.1. 소비자물가지수","        아이스크림","2020=100","2.6","원자료","99.123","98.803","98.292","97.081","98.983","97.231","95.469","95.028","97.01","100.655","100.345","101.176","99.89","99.9","100.87","100.94","100.5","99.04","99.45","99.1","98.78","100.57","101.1","99.86","98.85","99.38","99.93","100.06","98.69","99.18","98.27","97.46","97.01","99.05","98.55","97.71","99.2","98.79","104.48","107.64","110.37","109.23","107.23","106.18","106.5","106.36","106.56","106.3","106.7","110.5","115.02","116.2","115.64","117.17","116.33","120.75","120.81","121.62","122.18","122.63","122.83","122.57","122.94","122.74","122.67","122.38","122.99","123.21","122.65","122.41","122.71","123.13"
"4.2.1. 소비자물가지수","        비스킷","2020=100","1.9","원자료","102.107","100.535","101.436","99.835","102.407","99.084","98.534","101.686","101.246","102.337","101.476","101.636","101.93","97.64","100.33","95.51","102.04","98.38","98.22","99.37","97.71","103.08","102.61","103.18","97.57","99.89","98.17","98.25","100.18","98.46","100.25","110.6","110.58","110.21","113.11","113.9","114.2","114.3","115.69","115.6","118.81","118.62","119.79","120.24","121.14","121.3","121.03","119.86","122.67","122.82","123.1","122.76","124.34","124.8","124.7","124.7","124.66","123.47","124.86","123.91","122.63","123.78","124.66","124.77","122.87","124.52","124.93","124.79","124.62","124.56","125.71","130.61"
"4.2.1. 소비자물가지수","        스낵과자","2020=100","2.9","원자료","99.122","100.264","100.577","100.688","100.163","100.66","97.141","98.523","100.651","95.935","100.577","97.878","100.58","97.54","100.31","99.94","100.35","101.01","99.17","97.35","100.71","100.46","100.76","101.86","102.02","101.07","100.48","100.75","101.25","103","102.1","102.06","101.51","102.3","102.31","102.83","102.49","102.41","105.13","106.27","106.44","106.95","106.91","106.97","108.11","116.25","116.88","116.97","117.06","117.17","116.39","117.58","117.07","117.69","114.79","114.36","114","114.64","114.66","114.24","114.79","114.35","114.88","114.9","114.64","113.84","114.1","114.13","114.25","114.49","114.52","113.65"
"4.2.1. 소비자물가지수","        파이","2020=100","0.6","원자료","99.212","99.727","98.429","100.241","98.709","98.619","99.391","98.339","98.339","97.299","99.212","99.425","100.2","100.72","99.4","99.6","100.53","101.14","100.58","100.05","99.63","98.68","99.54","99.92","99.02","99.08","100.36","97.7","97.98","98.07","98.13","98.69","98.79","97.54","98.54","98.95","97.46","100.78","98.95","101.17","98.87","101.54","101.58","101.28","102.47","108.29","110.09","109.59","109.83","110.11","109.72","110.56","111.14","112.78","112.9","112.89","112.62","112.87","112.69","113.27","112.92","112.78","113.57","113.81","113.08","113.54","113.46","113.75","113.6","113.71","112.29","113.25"
"4.2.1. 소비자물가지수","        설탕","2020=100","0.3","원자료","99.645","99.813","100.01","100.099","99.813","98.621","99.478","99.695","99.665","99.695","99.695","99.97","99.92","99.88","99.85","99.88","99.88","98.56","99.97","100.44","100.7","100.43","100.2","100.29","100.56","100.57","100.4","100.15","100.11","98.94","99.92","100.72","100.38","105.77","107.18","107.53","108","108.09","108.04","108.27","109.03","108.58","118.28","119.7","121.12","121.18","121.31","121.82","122","122.16","122.2","122.19","122.3","122.87","122.95","136.29","141.61","142.24","144.46","146.34","146.77","146.92","146.27","144.94","147.29","145.53","144.56","146.72","146.7","145.75","146.93","146.74"
"4.2.1. 소비자물가지수","        잼","2020=100","0.1","원자료","96.237","96.498","96.311","97.178","96.936","97.625","97.252","97.141","97.355","97.29","99.088","100.179","97.97","99.58","96.01","98.52","98.45","95.9","99.38","103.46","103.93","105.05","101.13","100.6","100.49","102.91","102.52","105.38","107.38","110.62","113.39","112.94","112.43","112.98","113.96","112.56","113.79","115.78","114.14","114.07","113.91","117.83","120.79","134.09","135.68","136.94","136.87","137.52","137.31","137.67","150.31","153.83","154.38","154.46","154.45","154.75","154.83","155.3","155.98","155.34","155.9","155.47","155.63","155.76","155.32","153.23","152.14","152.82","154.29","152.41","155.59","153.81"
"4.2.1. 소비자물가지수","        꿀","2020=100","0.4","원자료","99.304","99.058","99.457","99.66","100.204","100.942","100.688","100.874","100.747","100.458","100.518","100.229","100.25","100.32","100.21","100.01","99.81","99.22","100.14","99.55","100.42","100.2","99.42","100.45","100.35","100.66","99.47","99.34","100.31","100.5","101.18","103.18","104.15","104.58","104.83","105.61","105.72","106.21","106.28","105.88","104.87","104.85","104.78","104.83","104.69","104.12","104.99","105.52","108.03","109.56","110.69","110.73","110.9","110.96","111.52","111.41","111.59","111.79","111.07","110.74","111.27","111.3","110.93","111.32","111.34","110.91","110.9","111.18","111.01","111.08","111.52","114.4"
"4.2.1. 소비자물가지수","        물엿","2020=100","0.2","원자료","98.273","100.276","99.81","99.77","99.85","98.749","99.592","99.671","96.864","99.423","99.731","100.107","98.42","99.97","100.91","99.72","100.02","97.83","100.22","100.36","100.58","100.01","100.73","101.23","102.4","96.55","101.43","103.63","103.25","105.46","108.37","108.33","102.41","107.94","109.06","109.95","110.98","111.37","113.56","113.81","113.79","117.84","127.19","133.51","132.18","139.14","138.87","139.89","135.96","139.39","141.03","141.15","139.92","137","139.46","140.2","139.24","139.5","140.09","141.12","139.03","135.3","139","139.28","138.84","138.49","138.98","140.74","130.57","139.05","140.05","140.81"
"4.2.1. 소비자물가지수","      기타 식료품","2020=100","15.7","원자료","98.77","98.814","99.356","99.436","99.943","100.325","100.485","100.565","99.436","98.654","97.845","97.703","97.99","97.74","97.85","97.95","98.24","98.59","99.14","100.19","102.25","102.97","103.46","103.63","103.43","103.59","104.25","104.41","104.7","105.19","104.68","104.94","104.24","104.23","103.93","104.05","104.39","105.82","107.46","108.08","108.06","108.71","109.03","109.8","111.05","112.8","114.12","114.63","114.78","115.13","115.75","115.68","115.66","116.03","116.37","116.48","116.63","116.48","116.69","117.24","116.93","117.16","117.12","116.94","117.16","117.73","117.92","118.84","119.35","120.22","120.25","120.93"
"4.2.1. 소비자물가지수","        고춧가루","2020=100","1.6","원자료","107.255","106.886","105.501","105.388","104.982","104.711","104.139","102.821","98.975","95.701","92.14","91.47","90.55","90.79","91.17","91.02","90.84","91.04","91.4","96.1","109.57","115.98","120.37","121.17","121.54","122.43","122.35","123.03","122.85","122.79","122.72","121.27","116.96","114.14","110.17","108.59","106.93","105.91","105.09","104.76","103.59","103.5","103.7","104.4","109.04","110.8","110.86","111.84","112.72","112.69","111.74","112.27","112.16","112.55","112.98","114.27","115.04","116.07","115.96","116.13","116.6","115.86","114.45","113.95","113.55","115.47","115.58","116.08","115.58","115.14","113.59","114.37"
"4.2.1. 소비자물가지수","        참깨","2020=100","0.6","원자료","98.391","95.931","99.807","100.066","100.177","100.325","100.315","100.454","96.745","99.788","99.927","100.047","95.88","99.82","100","100","100.23","100.6","100.93","101.01","99.82","100.24","100.54","100.92","100.42","99.07","101.22","101.25","101.27","101.42","101.43","101.53","101.54","101.67","102.03","103.85","105.8","107.08","108.27","108.85","108.58","108.79","108.81","110.32","111.29","114.64","119.42","120.38","121.08","121.44","121.41","121.7","121.77","121.91","122.09","122.35","122.28","122.4","122.43","122.98","123.13","123.33","123.21","123.58","123.56","123.46","123.44","125.34","131.26","132.61","133.08","133.16"
"4.2.1. 소비자물가지수","        생강","2020=100","0.1","원자료","114.68","116.502","120.463","124.401","127.657","137.417","159.369","164.487","162.617","97.695","81.994","83.277","87.38","89.42","99.16","103.23","104.89","114.1","120.06","124.67","119.26","87.27","73.29","77.3","82.26","82.98","83.01","83.34","83.41","82.91","82.64","83.32","83.18","75.22","59.29","57.51","60.02","61.07","61.66","61.84","61.9","62","63.65","64.7","68.21","73.11","82.16","102.51","111.22","114.61","115.33","119.08","123.97","130.2","135.79","141.87","148.31","121.69","109.22","111.05","118.05","119.66","120.11","120.68","120.48","119.15","119.78","118.38","117.41","101.38","84.74","85.75"
"4.2.1. 소비자물가지수","        소금","2020=100","0.2","원자료","96.593","97.813","98.047","98.076","97.998","97.803","98.115","98.349","98.525","98.496","97.149","97.13","98.6","98.58","99.53","99.92","99.93","100.59","100.83","101.01","101.05","101.15","99.74","99.07","100.95","100.98","104.97","106.01","106.47","107.94","109.4","117.38","121.7","129.63","129.33","129.07","132.84","133.66","136.49","137.81","138.39","139.42","139.94","141.8","142.15","142.46","142.26","142.51","144.49","144.57","147.76","148.87","150.35","151.06","152.14","160.81","167.68","172.15","172.74","174.36","174.39","174.82","174.95","174.84","174.95","174.75","174.73","176.55","176.84","175.98","174.92","176.17"
"4.2.1. 소비자물가지수","        간장","2020=100","0.4","원자료","98.679","98.552","98.942","99.324","99.297","99.497","99.57","99.561","98.397","99.561","99.761","99.924","98.95","99.94","99.89","99.63","100.15","100.6","100.54","100.54","100.34","99.96","99.65","99.82","99.52","99.09","99.25","100.03","100.14","100.23","100.25","100.25","100.14","99.96","104.4","107.92","113.36","116.32","117.75","118.34","118.58","116.31","110.68","108.41","107.62","109.65","117.19","118.03","117.75","118.79","119.19","119.58","116.7","119.88","119.9","116.99","119.01","116.47","119.74","119.6","118.24","118.45","118.32","116.96","120.6","122.37","128.56","127.51","127.88","128.22","127.72","128.65"
"4.2.1. 소비자물가지수","        된장","2020=100","0.4","원자료","105.174","105.897","106.369","104.041","105.048","105.331","103.978","103.013","104.251","104.859","104.576","104.681","101.87","100.64","98.69","97.47","96.83","97.91","101.2","100.8","101.36","99.41","102.21","101.61","102.16","103.01","102.1","102.21","99.77","104.35","104.41","105.71","106.52","106.64","106.12","106.96","102.33","108.57","118.33","118.9","118.59","118.12","115.09","106.13","111.61","118.43","119.88","119.91","118.41","122.48","125.38","124.38","123.51","125.47","126.14","127.21","127.2","126.99","125.09","125.18","124.51","124.52","123.53","122.3","125.17","123.46","122.55","123.97","120.94","127.46","126.68","128.34"
"4.2.1. 소비자물가지수","        양념소스","2020=100","0.5","원자료","99.114","98.291","100.081","100.317","101.068","102.014","102.745","103.197","89.877","98.25","99.484","100.245","99.74","99.56","101.14","101.66","100.74","97.73","98.61","99.06","98.58","101.68","100.2","101.3","101.16","98.24","100.59","103.51","102.8","103.09","101.44","101.49","96.71","101.17","99.33","100.85","100.57","98.53","102.27","104.02","104","105.5","110.17","109.06","105.72","105.88","107.95","109.29","108.68","112.66","115.18","113.54","114.25","114.92","114.82","115.14","112.64","113.3","115.01","114.92","117.25","111.58","115.84","113.79","113.48","112.4","115.35","119.12","116.68","123.7","124.05","124.38"
"4.2.1. 소비자물가지수","        고추장","2020=100","0.3","원자료","103.103","103.295","103.396","107.641","110.37","110.986","111.603","110.794","108.207","108.813","109.551","107.156","107.31","104.55","106.33","100.94","99.93","107.22","98.28","94.64","92.29","92.91","97.68","97.91","92.22","98.12","102.88","99.13","104.94","95.19","100.4","93.4","97.3","98.62","99.88","99.89","100.44","103.38","109.45","102.72","104.07","103.92","104.11","105.73","103.11","109.11","116.97","118","114.95","115.61","115","115.05","105.73","120.59","128.72","129.27","131.48","125.63","128.9","128.46","120.79","120.64","117.84","121.91","116.01","115.61","119.72","117.12","117.23","121.68","121.45","121.48"
"4.2.1. 소비자물가지수","        카레","2020=100","0.2","원자료","100.699","100.718","99.957","101.117","101.991","102.105","100.993","100.974","101.364","98.123","101.507","101.117","99.19","99.28","100","100.17","101.26","100.32","100.04","101.01","100.05","99.29","98.63","100.76","100.68","102.69","102.66","99.84","99.4","102.27","99.24","101.65","104.58","101.54","99.87","100.4","102.81","104.38","111.68","113.99","115.36","115.7","113.33","112.64","112.9","110.85","120.36","120.13","120.09","120.87","123.48","124.26","124.54","123.73","124.18","124.94","124.61","123.08","126.62","128.67","128.64","129.1","130.04","129.49","129.05","126.15","130.6","129.41","131.21","131.12","130.92","129.9"
"4.2.1. 소비자물가지수","        식초","2020=100","0.1","원자료","93.412","94.086","94.845","96.817","97.719","98.275","98.772","98.326","97.516","98.831","98.435","97.382","98.38","99.89","101.5","97.85","96.92","99.66","100.92","101.12","102.67","102.92","99.23","98.96","98.96","98.62","102.65","102.75","99.19","103.05","104.26","112.05","113.66","109.19","115.56","115.21","115.28","115.28","114.58","118.8","120.59","121.4","119.74","120.15","120.72","120.76","122.38","124.05","123.03","124.12","130.07","128.74","129.37","130.72","131.19","131.11","132.48","133.72","135.84","136.3","135.77","133.35","134.16","134.77","130.61","131.63","135.21","135.92","136.87","134.45","135.96","135.73"
"4.2.1. 소비자물가지수","        드레싱","2020=100","0.2","원자료","99.232","99.897","99.916","99.622","99.641","100.068","99.394","99.764","97.837","99.698","100.021","99.888","98.98","100.66","98.75","97.96","100.98","100.85","100.06","99.36","99.75","99.87","101.64","101.13","102.5","99.07","107.61","105.07","105.69","110.22","110.37","111.05","108.91","111.9","111.32","111.51","111.72","112.34","111.95","112.47","113.82","113.65","113.28","115.37","120.7","121.75","134.49","139.99","141.96","141.71","151.27","150.09","151.04","151.43","150.88","152.19","149.76","151.85","147.64","148.35","144.81","148.17","150.5","150.69","150.45","152.31","152.35","150.58","151.75","151.22","151.04","151.45"
"4.2.1. 소비자물가지수","        혼합조미료","2020=100","0.3","원자료","91.548","91.366","95.154","97.506","97.646","97.819","97.993","98.381","98.727","99.032","99.222","99.206","98.42","102.44","100.48","101.46","98.05","102.83","99.42","99.94","98.32","99.67","97.36","101.62","99.67","102.53","98.38","98.41","98.45","101.43","100.55","101.04","100.43","102.79","99.05","98.62","97.8","104.78","106.83","109.28","105.76","107.98","112.12","116.49","117.43","117.81","114.91","115.97","114.21","117.64","120.04","124.91","124.78","126.92","124.28","128.08","125.83","127.6","125.08","125.14","123.36","127.32","125.25","124.12","126.27","128.71","125.81","129.27","127.41","126.58","128.48","131.02"
"4.2.1. 소비자물가지수","        스프","2020=100","0.3","원자료","98.319","98.778","98.448","99.083","99.566","99.542","99.976","100.281","100.362","100.7","100.595","100.885","100.78","100.78","100.71","100.09","100.15","98.21","98.42","99.99","99.99","100.07","100.13","100.69","99.75","101.96","102.21","100.79","100.76","100.79","100.81","100.75","100.87","100.98","100.88","100.75","101.46","101.68","107.98","110.18","111.05","111.04","110.99","110.38","110.37","110.67","111.42","112.22","112.12","113.15","123.9","124.02","124.13","124.25","124.25","124.34","124.34","124.45","127.24","129.63","129.86","130.04","130.22","130.28","130.6","130.62","130.6","130.65","130.79","130.76","130.79","129.48"
"4.2.1. 소비자물가지수","        이유식","2020=100","0.3","원자료","100","100","100","80.721","93.131","100","100","100","100","100","100","100","100","100","100","100","100","100","100","100","100","100","100","100","100","100","100","100","100","100","100","100","100","100","100","100","100","100","100","100","100.89","100.89","100","100","100","100","100","100","100","100","100","100","100","100","100","100","100","100","100","100","100","100","100","100","100","100","100","111.12","111.12","111.12","111.12","111.12"
"4.2.1. 소비자물가지수","        김치","2020=100","1.3","원자료","90.519","90.166","90.393","91.735","91.047","91.156","90.921","90.963","92.037","94.546","93.564","94.73","95.53","94.86","95.19","95.63","97.75","100.38","101.08","101.92","105.06","105.71","103.39","103.5","102.68","101.53","102.14","102.19","102.54","101.48","99.83","100.93","101.97","102.6","103.69","102.62","102.79","107.19","112.98","112.91","112.83","114.97","114.89","117.16","119.71","128.6","126.77","125.61","125.06","122.58","121.22","121.4","124.1","119.99","119.35","116.28","116.61","116.85","116.9","118.11","114.87","117.07","117.64","114.72","119","119.79","118.68","115.68","122.49","127.09","131.79","134.23"
"4.2.1. 소비자물가지수","        밑반찬","2020=100","3.1","원자료","97.217","97.427","97.418","97.384","97.628","97.812","97.724","97.925","98.258","98.878","98.677","98.537","99.68","99.57","99.41","99.41","99.64","99.91","100.01","100.17","100.55","100.76","100.49","100.4","100.27","100.12","100.36","100.69","100.98","101.2","101.34","101.18","101.77","101.4","101.73","101.36","101.76","102.12","102.3","102.54","102.27","103.82","104.26","105.42","106.18","106.37","106.54","106.41","106.51","107.09","107.68","107.9","108.52","108.47","109.01","109.32","109.77","110.16","110.62","110.63","111.04","111.44","111.52","111.86","111.97","111.99","112.37","112.61","112.96","113.19","113.08","112.96"
"4.2.1. 소비자물가지수","        냉동식품","2020=100","1.9","원자료","97.857","98.699","98.828","98.67","99.602","99.929","99.284","99.86","99.393","99.731","99.82","99.255","99.33","98.85","99.49","99.03","99.58","99.27","99.46","99.96","100.91","100.64","101.63","101.85","100.74","100.89","99.83","100.76","100.55","101.81","101.43","102.86","101.29","101.88","102.02","101.1","101.6","105.16","107.25","106.89","107.09","108.21","107.11","107.79","109.09","110.23","112.7","113.25","113.08","113.54","113.34","112.17","110.82","111.71","113.02","111.94","111.44","109.79","111.55","110.82","110.85","111.25","112.22","111.55","112.79","113.14","111.9","114.97","114.53","115.08","114.85","116.48"
"4.2.1. 소비자물가지수","        즉석식품","2020=100","3.1","원자료","94.536","94.563","96.842","97.41","97.57","97.508","97.463","98.359","98.102","98.013","98.261","98.191","99.52","97.83","96.96","98.44","98.84","97.89","100.37","101.63","101.66","102.25","102.72","101.89","102.35","102.54","104.61","104.14","105.42","106.93","104.91","105.55","105.08","105.55","106.6","108.66","109.39","110.62","111.28","114.03","114.55","114.23","116.15","117.82","118.22","119.15","119.57","119.72","120.14","119.84","120.31","119.69","119.55","119.47","118.82","119.05","118.64","119.31","118.05","120.13","119.31","119.54","118.79","119.68","118.05","119.55","119.5","120.85","120.5","121.04","121.15","121.75"
"4.2.1. 소비자물가지수","        편의점도시락","2020=100","0.4","원자료","98.59","98.59","100","100","100","100","100","100","100","100","100","100","100","100","100","100","100","100","100","100","100","100","100","100","100","100","100.69","100.69","100.69","100.69","100.69","100.69","100.69","100.69","100.69","100.69","100.72","100.72","100.72","100.72","100.72","102.21","102.21","102.21","104.11","104.11","106.67","106.67","106.67","106.67","107.4","107.4","107.4","107.4","107.4","107.4","107.4","108.85","111.07","111.07","113.29","113.29","113.29","113.29","113.29","113.29","113.29","113.29","113.29","113.29","113.29","113.29"
"4.2.1. 소비자물가지수","        삼각김밥","2020=100","0.4","원자료","94.047","94.144","94.628","94.964","96.374","97.053","97.564","97.653","98.005","98.27","98.675","98.834","99.04","99.38","99.23","99.43","99.72","100.12","100.22","100.39","100.6","100.6","100.6","100.66","101.33","101.61","101.55","101.88","101.97","101.97","101.78","101.78","101.77","101.99","101.95","101.99","101.92","101.92","102.75","103.01","103.44","103.24","103.34","103.37","103.42","103.45","103.86","104.1","104.68","104.95","105.34","105.53","105.54","105.88","105.9","105.98","106.3","107.21","108.03","108.6","109.1","109.48","109.57","109.62","109.87","110","110.3","110.38","110.38","110.56","110.84","110.84"
"4.2.1. 소비자물가지수","    비주류 음료","2020=100","9.7","원자료","99.911","99.618","99.032","98.407","99.198","99.316","99.569","99.765","99.12","100.175","98.349","98.358","99.67","98.98","99.4","99.89","99.87","99.9","100.04","100.28","100.14","100.54","101","100.27","101.13","100.69","101.41","100.75","100.96","100.98","101.44","101.35","101.73","102.61","103.74","104.5","105.24","107.12","107.12","109.01","108.66","109.29","108.5","108.08","109.15","109.49","109.81","110.79","114.06","116.82","118.31","118.57","117.73","119.13","119.16","118.19","118.93","119.45","119.47","119.25","119.57","119.28","117.33","118.58","119","117.56","120.76","120.62","120.24","121.59","122.37","124.74"
"4.2.1. 소비자물가지수","      커피, 차 및 코코아","2020=100","3.5","원자료","102.237","100.533","100.087","97.853","99.193","99.359","101.749","101.489","100.398","100.824","100.866","97.853","101.68","98.71","99.93","100.45","99.83","99.5","99.08","99.48","99.3","100.79","101.29","99.94","101.52","99.77","100.23","97.49","98.8","98.68","99.15","98.93","100.45","99.67","100.95","101.32","102.78","106.56","108.27","110.11","109.36","109.96","108.01","107.94","110.32","109.3","109.3","109.57","116.19","120.45","122.49","123.07","122.86","124.15","124.73","121.76","124.55","123.62","123.47","124.07","124.87","124.56","119.71","124.66","124.63","119.57","123.5","124.48","124.14","125","125.99","132.35"
"4.2.1. 소비자물가지수","        커피","2020=100","2.6","원자료","102.074","100.127","101.634","99.416","99.437","100.546","102.126","101.676","99.949","101.08","101.76","99.374","100.8","99.36","99.86","100.83","100.38","99.11","99.94","98.86","99.84","100.37","101.09","99.54","102.24","100.52","101.06","98.58","99.42","100.88","99.98","100.02","102.14","99.94","102.14","102.43","102.61","106.69","110.02","111.71","110.79","111.36","110.52","109.88","109.76","110.38","110.57","111.12","120.28","123.36","123.95","123.82","124.09","124.24","124.26","122.95","124.49","122.86","123.45","123.58","124.46","123.94","123.55","124.78","124.27","124.24","123.29","124.98","123.6","124.9","124.43","133.62"
"4.2.1. 소비자물가지수","        차","2020=100","0.9","원자료","102.78","101.888","94.75","92.489","98.359","95.267","100.468","100.853","101.938","99.931","97.822","92.651","104.43","96.69","100.16","99.27","98.13","100.7","96.39","101.39","97.63","102.11","101.93","101.17","99.26","97.44","97.66","94.1","96.86","91.83","96.56","95.52","95.18","98.82","97.24","97.87","102.89","105.79","103.04","105.27","104.97","105.71","100.68","102.15","111.46","105.92","105.39","104.89","104.46","111.96","118","120.52","119.01","123.44","125.53","118.06","124.26","125.25","123.04","124.99","125.52","125.81","108.66","123.86","125.12","106.24","123.65","122.62","125.18","124.82","129.87","128.34"
"4.2.1. 소비자물가지수","      생수, 청량음료, 과일주스 및 채소주스","2020=100","6.2","원자료","98.717","99.152","98.49","98.698","99.208","99.303","98.452","98.877","98.461","99.851","97.053","98.613","98.53","99.13","99.1","99.58","99.9","100.13","100.57","100.74","100.61","100.4","100.83","100.46","100.92","101.2","102.07","102.59","102.17","102.27","102.73","102.7","102.45","104.26","105.31","106.28","106.63","107.44","106.47","108.38","108.28","108.91","108.79","108.16","108.49","109.6","110.1","111.47","112.86","114.78","115.94","116.03","114.84","116.3","116.02","116.17","115.74","117.09","117.22","116.53","116.58","116.29","115.98","115.15","115.83","116.42","119.21","118.44","118.04","119.65","120.32","120.45"
"4.2.1. 소비자물가지수","        주스","2020=100","1.4","원자료","99.274","102.022","102.567","101.99","99.483","100.522","100.228","104.246","103.69","103.627","100.448","100.092","100.38","99.9","100.08","100.36","100.3","100.54","101.24","99.33","100.86","100.15","99.64","97.19","98.53","98.82","100.54","100.1","101.69","101.77","102.13","102.36","103.37","104.56","105.22","106.17","106.49","108.2","108.21","109.34","109.26","109.25","108.91","107.95","108.91","109.01","107.99","110.74","114.84","117.22","116.84","118.19","116.45","116.91","118","117.75","118.29","119.33","119.61","119.58","119.06","120.31","120.42","119.48","120.22","121.21","127.42","128.03","127.95","129.12","129.42","129.56"
"4.2.1. 소비자물가지수","        두유","2020=100","0.8","원자료","98.95","98.226","100.901","97.582","100.998","100.663","100.981","97.184","95.754","100.716","97.873","100.981","96.33","101.36","101.28","98.56","99.77","101.39","98.06","101.18","99.03","100.33","101.35","101.35","101.37","99.82","102.48","105.65","105.77","105.87","107.09","107.78","102.77","108.06","109.15","108.53","106.4","107.34","108.58","109.55","108.71","108.8","109.88","109.88","108.21","116.8","118.3","119.58","120.35","120.61","122.06","121.35","121.74","121.74","121.82","121.82","120.27","121.25","121.58","121.63","121.61","120.58","121.08","121.14","122.25","122.23","126.1","125.07","125.05","124.65","126.08","126.09"
"4.2.1. 소비자물가지수","        생수","2020=100","1.3","원자료","100.085","100.094","99.722","99.567","99.767","99.495","99.567","99.586","99.513","99.513","95.864","100.175","100.08","99.61","99.68","99.68","100.76","99.39","99.77","100.19","100.91","97.91","101.03","100.99","101.03","100.94","99.51","100.2","98.43","98.31","100.2","100.23","96.93","100.43","101.25","101.79","101.6","101.77","101.72","101.65","102.76","101.2","102.15","101.59","102.21","102.7","101.83","102.17","101.95","109.34","112.09","112.19","112.49","112.25","112.38","112.3","112.23","113.51","113.85","113.45","113.55","113.86","113.78","112.44","113.69","112.68","113.11","110.8","113.3","113.21","110.88","113.79"
"4.2.1. 소비자물가지수","        기능성음료","2020=100","0.5","원자료","98.942","98.942","98.942","99.144","99.173","99.173","99.509","99.509","99.567","99.548","99.548","99.634","99.96","99.94","99.92","99.75","100.09","100.12","99.99","99.88","100.09","100.06","100.03","100.16","99.75","100.24","100.04","100.2","100.32","100.43","100.55","100.57","100.44","100.7","103.71","104.38","106.16","107.68","108.38","108.19","108.68","108.03","107.54","108.63","108.86","108.82","108.83","108.9","110.22","111.46","112.67","113.07","113.53","113.59","113.75","113.68","113.72","113.83","113.92","112.97","113.81","114.05","114.18","114.29","114.2","113.76","113.62","112.27","113.84","114.48","113.27","114.5"
"4.2.1. 소비자물가지수","        탄산음료","2020=100","1.6","원자료","97.23","96.534","92.919","95.64","97.863","97.275","94.799","94.022","93.932","96.48","93.66","94.835","95.21","96.1","97.18","99.69","100.32","99.59","101.55","102.6","100.66","102.43","101.65","103.01","103.27","103.79","104.72","105.91","105.22","104.55","104.63","102.58","105.66","106.31","106.84","109.1","109.7","110.16","107.06","111.57","111.62","114.52","113.21","111.98","111.94","112.43","113.89","115.64","116.42","113.88","116.08","114.09","113.02","116.08","113.71","116.34","115.25","116.41","115.67","114.06","113.75","113.2","112.13","109.66","111.61","111.29","115.27","114","108.81","114.39","118.37","115.44"
"4.2.1. 소비자물가지수","        기타음료","2020=100","0.6","원자료","99.098","99.225","100.285","99.18","99.669","101.264","100.068","101.246","100.576","99.814","99.479","101.572","100.2","100.27","96.41","97.86","95.67","100.17","101.35","101.41","101.44","101.5","101.84","101.9","102.17","104.87","106.24","104.26","100.13","102.76","100.67","104.12","103.8","103.43","106.24","107.08","109.89","110.23","106.08","110.63","107.68","110.82","110.5","109.77","111.7","109.32","113.17","113.95","115.05","117.56","115.53","118.86","111.77","118.37","118.52","113.99","113.41","117.61","118.92","117.64","119.29","115.16","113.93","116.86","112.8","120.29","118.38","120.1","122.51","122.31","122.69","123.56"
"4.2.1. 소비자물가지수","  주류 및 담배","2020=100","15.8","원자료","99.157","99.186","98.858","99.244","99.689","99.873","99.892","99.94","100.153","100.221","99.96","100.008","100.17","100.19","99.85","99.83","99.95","99.95","99.98","99.98","100.08","100.14","99.98","99.88","100.16","100.21","99.87","100.38","100.43","100.52","100.57","100.66","100.74","100.66","100.56","100.4","100.82","101.51","102.29","102.72","102.96","102.87","103.05","103.19","102.92","103.06","102.99","103.04","102.85","103.33","103.4","103.41","103.23","103.5","103.55","103.58","103.28","103.66","104.81","105.01","104.4","104.33","104.43","104.7","104.46","104.54","104.71","104.59","104.48","104.68","104.81","104.58"
"4.2.1. 소비자물가지수","    주류","2020=100","6.5","원자료","97.632","97.722","96.784","97.884","99.147","99.644","99.698","99.833","100.456","100.609","99.878","100.023","100.44","100.5","99.6","99.56","99.88","99.88","99.96","99.95","100.22","100.36","99.95","99.69","100.42","100.54","99.66","101","101.12","101.37","101.48","101.72","101.94","101.72","101.47","101.04","102.31","104.05","106.02","107.11","107.71","107.49","107.96","108.32","107.62","107.98","107.8","107.92","107.42","108.64","108.84","108.86","108.4","109.08","109.22","109.29","108.51","109.48","112.39","112.91","111.34","111.21","111.43","112.14","111.52","111.71","112.15","111.85","111.55","112.09","112.39","111.82"
"4.2.1. 소비자물가지수","      주류","2020=100","6.5","원자료","97.632","97.722","96.784","97.884","99.147","99.644","99.698","99.833","100.456","100.609","99.878","100.023","100.44","100.5","99.6","99.56","99.88","99.88","99.96","99.95","100.22","100.36","99.95","99.69","100.42","100.54","99.66","101","101.12","101.37","101.48","101.72","101.94","101.72","101.47","101.04","102.31","104.05","106.02","107.11","107.71","107.49","107.96","108.32","107.62","107.98","107.8","107.92","107.42","108.64","108.84","108.86","108.4","109.08","109.22","109.29","108.51","109.48","112.39","112.91","111.34","111.21","111.43","112.14","111.52","111.71","112.15","111.85","111.55","112.09","112.39","111.82"
"4.2.1. 소비자물가지수","        소주","2020=100","1.7","원자료","94.104","94.013","93.988","94.245","98.894","99.177","99.052","99.235","99.26","99.417","99.451","99.467","99.64","100.1","100.03","99.94","99.94","100.03","99.97","99.99","100.04","100.07","100.08","100.17","100.24","100.32","100.27","100.34","100.37","100.37","100.37","100.85","100.92","100.93","101","101","101.12","101.29","108.86","109.72","109.78","109.71","109.68","109.74","109.58","109.58","109.58","109.96","110.07","110.02","110.07","110.11","110.12","110.09","110.09","110.09","110.08","110.09","114.72","116.79","109.41","108.78","108.56","108.64","108.28","108.38","108.38","108.39","108.35","108.39","108.4","108.29"
"4.2.1. 소비자물가지수","        과실주","2020=100","0.8","원자료","103.099","106.637","92.252","91.436","93.965","96.85","96.86","103.762","107.564","107.514","98.328","102.314","106.95","106.42","95.68","94.59","98.58","98.12","98.87","98.49","105.17","104.4","98.05","94.71","102.2","105.49","92.73","98.15","95.86","97.73","97.7","97.99","104.98","99.98","95.5","90.86","99","109.17","98.51","94.23","95.78","92.58","96.32","98.11","96.64","96.52","95.4","94.31","96.65","98.61","100.19","99.54","99.29","100.72","100.78","100.72","99.3","100.19","96.69","99.1","102.49","100.99","101.86","103.43","105.12","105.07","104.35","104.37","102.86","104.54","104.3","101.4"
"4.2.1. 소비자물가지수","        맥주","2020=100","3","원자료","98.684","98.537","98.179","100.143","99.794","100.29","100.317","99.693","100.51","100.767","100.189","99.987","100.17","99.98","99.93","100.03","100","99.99","99.99","99.98","99.92","99.96","100.01","100.02","100.09","100.12","100.05","100.25","100.34","100.37","100.32","100.27","100.3","99.94","100.01","100","100.23","101.06","103.45","106.58","107.16","107.22","106.95","107.15","106.96","106.99","107.03","107.01","107.05","106.92","107.17","107.34","107.05","107.19","107.46","107.56","107.83","108.02","112.21","112.38","112.51","112.68","112.43","112.46","111.67","112.13","112.31","112.25","112.46","112.63","112.69","112.76"
"4.2.1. 소비자물가지수","        막걸리","2020=100","0.5","원자료","99.012","99.068","99.124","99.813","99.766","99.72","99.804","99.645","99.469","99.124","99.245","99.385","99.26","99.37","99.48","99.74","99.58","99.67","100.13","100.37","100.55","100.25","100.65","100.96","100.92","101","101.04","110.99","114.7","116.22","117.53","117.73","117.92","117.86","118.45","118.65","119.25","119.58","120.04","119.79","120.57","121.38","121.91","121.69","121.63","121.7","121.46","121.74","121.75","121.69","122.05","121.93","121.96","122.04","121.98","122.03","122.07","122.16","121.99","122.18","122.37","122.37","122.41","122.64","122.7","122.7","122.77","122.9","122.9","122.9","123.01","122.93"
"4.2.1. 소비자물가지수","        양주","2020=100","0.4","원자료","100.753","100.803","101.298","101.328","101.338","101.338","101.347","101.347","100.892","100.852","101.615","101.912","98.95","100.55","100.54","100.56","101.46","101.56","101.64","101.56","93.49","99.81","100.77","99.14","101.72","95.97","101.42","101.52","99.8","98.72","99.87","102.66","90.31","101.66","101.96","99.7","100.06","98.61","102.56","102.39","103.05","105.36","106.26","106.53","100.71","106.39","105.84","108.34","94.79","110.96","108.37","108.72","104.06","110.88","110.9","111.48","100.16","111.79","115.92","108.96","105.82","108.72","113.09","120.25","113.99","113.28","120.45","116.01","113.16","116.62","121.27","118.36"
"4.2.1. 소비자물가지수","        약주","2020=100","0.1","원자료","91.705","91.705","91.705","91.75","91.696","91.76","95.761","97.716","98.666","99.36","99.479","99.506","99.98","99.99","99.91","99.94","99.91","99.96","99.96","99.94","100.05","100.12","100.12","100.12","100.15","100.23","100.3","100.45","100.45","100.57","100.59","100.61","100.73","100.74","100.57","100.52","100.53","100.68","105.01","105.88","106.04","106.09","106.26","106.69","106.6","106.77","106.8","106.91","106.99","106.98","106.92","107.01","106.97","106.97","106.89","107.03","107.1","107.1","107.09","107.28","107.14","105.3","105.41","104.98","105.01","104.95","104.84","104.9","104.65","104.74","104.79","104.82"
"4.2.1. 소비자물가지수","    담배","2020=100","9.3","원자료","100","100","100","100","100","100","100","100","100","100","100","100","100","100","100","100","100","100","100","100","100","100","100","100","100","100","100","100","100","100","100","100","100","100","100","100","100","100","100","100","100","100","100","100","100","100","100","100","100","100","100","100","100","100","100","100","100","100","100","100","100","100","100","100","100","100","100","100","100","100","100","100"
"4.2.1. 소비자물가지수","      담배","2020=100","9.3","원자료","100","100","100","100","100","100","100","100","100","100","100","100","100","100","100","100","100","100","100","100","100","100","100","100","100","100","100","100","100","100","100","100","100","100","100","100","100","100","100","100","100","100","100","100","100","100","100","100","100","100","100","100","100","100","100","100","100","100","100","100","100","100","100","100","100","100","100","100","100","100","100","100"
"4.2.1. 소비자물가지수","        담배","2020=100","9.3","원자료","100","100","100","100","100","100","100","100","100","100","100","100","100","100","100","100","100","100","100","100","100","100","100","100","100","100","100","100","100","100","100","100","100","100","100","100","100","100","100","100","100","100","100","100","100","100","100","100","100","100","100","100","100","100","100","100","100","100","100","100","100","100","100","100","100","100","100","100","100","100","100","100"
"4.2.1. 소비자물가지수","  의류 및 신발","2020=100","49.6","원자료","98.901","99.521","99.226","98.959","99.054","99.102","99.111","99.111","99.149","99.321","99.893","99.893","99.62","99.78","99.79","99.38","99.94","99.94","100.26","100.25","100.27","100.17","100.27","100.33","100.19","100.24","100.25","100.2","100.36","100.36","100.38","100.38","100.39","100.49","101.71","101.74","102.08","102.21","102.25","102.22","103.42","103.47","103.59","103.69","103.71","103.84","106.93","107.15","107.41","107.48","107.85","107.84","111.55","111.45","111.59","111.68","111.68","112.31","113.5","113.57","113.61","113.63","113.65","113.59","114.3","114.31","114.38","114.44","114.44","114.79","115.48","115.49"
"4.2.1. 소비자물가지수","    의류","2020=100","42.1","원자료","99.689","99.698","99.353","99.037","99.161","99.104","99.114","99.114","99.114","99.315","99.976","99.976","99.88","99.89","99.9","99.89","100.05","100.04","100.06","100.05","100.07","99.95","100.08","100.15","100.13","100.03","100.04","100.17","100.17","100.17","100.19","100.2","100.2","100.53","101.67","101.68","101.96","102.01","102.05","102.1","103.41","103.45","103.53","103.64","103.65","103.88","107.06","107.1","107.41","107.45","107.5","107.49","111.86","111.74","111.89","112.01","112.01","112.76","114","114.02","114.07","114.09","114.11","114.13","114.97","114.97","114.98","114.98","114.98","115.4","116.21","116.22"
"4.2.1. 소비자물가지수","      남자의류","2020=100","7.9","원자료","102.243","102.214","101.24","100.307","100.535","100.337","100.287","100.287","100.287","100.238","100.178","100.178","99.76","99.75","99.8","99.8","100.08","100.08","100.1","100.11","100.12","100.13","100.12","100.13","100.12","100.12","100.12","100.12","100.57","100.57","100.57","100.59","100.58","100.61","101.56","101.58","101.78","101.8","101.83","101.9","103.32","103.34","103.37","103.41","103.43","103.48","105.11","105.13","105.17","105.22","105.24","105.29","111","111.02","111.01","111.01","111.02","111.04","113.29","113.29","113.3","113.28","113.27","113.27","115.94","115.96","115.96","115.95","115.94","115.98","117.16","117.16"
"4.2.1. 소비자물가지수","        남자외의","2020=100","4.4","원자료","99.48","99.48","99.48","99.48","99.875","99.875","99.875","99.875","99.875","99.875","99.577","99.577","99.71","99.71","99.71","99.71","100.14","100.14","100.14","100.14","100.14","100.14","100.14","100.14","100.14","100.14","100.14","100.14","100.92","100.92","100.92","100.92","100.92","100.92","102.22","102.22","102.24","102.24","102.24","102.24","102.82","102.82","102.82","102.82","102.82","102.82","103.74","103.74","103.74","103.74","103.74","103.74","109.61","109.61","109.61","109.61","109.61","109.61","112.52","112.52","112.52","112.52","112.52","112.52","117.24","117.24","117.24","117.24","117.24","117.24","119.29","119.29"
"4.2.1. 소비자물가지수","        남자상의","2020=100","1.5","원자료","99.951","99.951","99.951","99.951","99.883","99.883","99.883","99.883","99.883","99.883","99.883","99.883","99.87","99.87","99.87","99.87","100.07","100.07","100.07","100.07","100.07","100.07","100.07","100.07","100.07","100.07","100.07","100.07","100.07","100.07","100.07","100.07","100.07","100.07","100.07","100.07","100.21","100.21","100.21","100.21","100.21","100.21","100.21","100.21","100.21","100.21","103.85","103.85","103.85","103.85","103.85","103.85","108.27","108.27","108.27","108.27","108.27","108.27","110.74","110.74","110.74","110.74","110.74","110.74","110.74","110.74","110.74","110.74","110.74","110.74","110.74","110.74"
"4.2.1. 소비자물가지수","        남자하의","2020=100","1.3","원자료","99.724","99.724","99.724","99.724","99.831","99.831","99.831","99.831","99.831","99.831","100.034","100.034","100.01","100.01","100.01","100.01","100.01","100.01","100.01","100.01","100.01","100.01","99.95","99.95","99.95","99.95","99.95","99.95","99.95","99.95","99.95","99.95","99.95","99.95","101.24","101.24","101.75","101.75","101.75","101.75","108.37","108.37","108.37","108.37","108.37","108.37","110.75","110.75","110.75","110.75","110.75","110.75","120.63","120.63","120.63","120.63","120.63","120.63","121.44","121.44","121.44","121.44","121.44","121.44","121.44","121.44","121.44","121.44","121.44","121.44","121.44","121.44"
"4.2.1. 소비자물가지수","        남자내의","2020=100","0.7","원자료","99.59","99.935","100.142","99.827","99.689","99.6","98.959","98.998","98.959","98.338","99.422","99.442","99.49","99.33","99.88","99.83","99.89","99.91","100.02","100.21","100.32","100.35","100.34","100.43","100.34","100.38","100.33","100.33","100.41","100.46","100.46","100.62","100.56","100.8","100.89","101.14","101.64","101.9","102.3","103.08","103.58","103.86","104.19","104.56","104.69","105.36","105.74","105.89","106.39","106.95","107.23","107.76","107.68","107.84","107.7","107.72","107.86","108.07","108.33","108.23","108.41","108.15","108.04","108.06","108.42","108.65","108.61","108.51","108.45","108.92","109.28","109.24"
"4.2.1. 소비자물가지수","      여자의류","2020=100","13.7","원자료","98.964","98.935","98.453","98.027","98.462","98.377","98.377","98.387","98.377","98.964","100.193","100.203","100.02","100.02","100.02","100.03","100.05","100.02","100.02","100.02","100.02","99.57","100.09","100.11","100.11","100.11","100.09","100.1","99.83","99.81","99.84","99.84","99.83","100.44","100.64","100.62","100.88","100.9","100.91","100.92","102.19","102.21","102.23","102.26","102.29","102.63","104.98","104.95","105","105.02","105.04","105.04","108.31","108.35","108.35","108.36","108.37","110.56","111.45","111.47","111.49","111.5","111.52","111.52","112.05","112.05","112.01","112.01","112.01","113.16","114.63","114.66"
"4.2.1. 소비자물가지수","        여자외의","2020=100","6.2","원자료","97.207","97.207","97.207","97.207","97.207","97.207","97.207","97.207","97.207","98.517","99.991","99.991","100.18","100.18","100.18","100.18","100.18","100.18","100.18","100.18","100.18","99.13","99.64","99.64","99.64","99.64","99.64","99.64","99.64","99.64","99.64","99.64","99.64","101.04","101.04","101.04","101.16","101.16","101.16","101.16","101.16","101.16","101.16","101.16","101.16","101.16","103.14","103.14","103.14","103.14","103.14","103.14","103.14","103.14","103.14","103.14","103.14","107.71","108.35","108.35","108.35","108.35","108.35","108.35","108.35","108.35","108.35","108.35","108.35","110.61","111.25","111.25"
"4.2.1. 소비자물가지수","        원피스","2020=100","1.8","원자료","100","100","100","100","100","100","100","100","100","100","100","100","100","100","100","100","100","100","100","100","100","100","100","100","100","100","100","100","97.91","97.91","97.91","97.91","97.91","97.91","99.39","99.39","98.7","98.7","98.7","98.7","104.12","104.12","104.12","104.12","104.12","104.12","107.08","107.08","107.08","107.08","107.08","107.08","118.78","118.78","118.78","118.78","118.78","118.78","122.07","122.07","122.07","122.07","122.07","122.07","125.1","125.1","125.1","125.1","125.1","125.1","126.92","126.92"
"4.2.1. 소비자물가지수","        여자상의","2020=100","1.5","원자료","100","100","100","100","100","100","100","100","100","100","100","100","100","100","100","100","100","100","100","100","100","100","100","100","100","100","100","100","100","100","100","100","100","100","100","100","100.1","100.1","100.1","100.1","102.88","102.88","102.88","102.88","102.88","105.92","105.92","105.92","105.92","105.92","105.92","105.92","111.45","111.45","111.45","111.45","111.45","112.29","112.29","112.29","112.29","112.29","112.29","112.29","113.55","113.55","113.55","113.55","113.55","114.38","114.38","114.38"
"4.2.1. 소비자물가지수","        여자하의","2020=100","2.4","원자료","94.542","94.542","94.542","94.542","96.754","96.754","96.754","96.754","96.754","96.754","99.73","99.73","99.72","99.72","99.72","99.72","99.72","99.72","99.72","99.72","99.72","99.72","101.37","101.37","101.37","101.37","101.37","101.37","101.37","101.37","101.37","101.37","101.37","101.37","101.37","101.37","101.61","101.61","101.61","101.61","101.61","101.61","101.61","101.61","101.61","101.61","107.62","107.62","107.62","107.62","107.62","107.62","114.06","114.06","114.06","114.06","114.06","114.06","114.06","114.06","114.06","114.06","114.06","114.06","114.06","114.06","114.06","114.06","114.06","114.06","119.02","119.02"
"4.2.1. 소비자물가지수","        여자내의","2020=100","1.8","원자료","99.546","99.442","99.442","99.442","99.48","99.537","99.537","99.593","99.556","99.65","99.887","99.924","99.91","99.95","99.97","100.03","100.16","99.97","99.97","99.97","99.94","99.97","100","100.15","100.15","100.15","100.05","100.07","100.08","99.88","100.09","100.09","100.04","100.04","100.15","99.97","101.52","101.75","101.82","101.83","103.85","104.03","104.18","104.41","104.6","104.67","104.75","104.54","104.92","105.08","105.19","105.26","105.26","105.53","105.56","105.67","105.73","105.81","107.12","107.29","107.43","107.53","107.72","107.67","107.71","107.71","107.4","107.38","107.34","107.52","108.15","108.34"
"4.2.1. 소비자물가지수","      캐쥬얼의류","2020=100","12.9","원자료","97.982","97.982","97.982","97.982","98.314","98.314","98.38","98.38","98.38","98.38","99.555","99.555","99.46","99.46","99.46","99.39","100.2","100.2","100.2","100.15","100.2","100.3","100.5","100.5","100.46","100.5","100.5","100.46","100.52","100.52","100.52","100.52","100.52","100.89","103.12","103.12","103.48","103.48","103.48","103.37","104.76","104.76","104.76","104.76","104.76","105.03","108.83","108.83","109.66","109.66","109.66","109.55","114.62","114.62","114.62","114.62","114.62","114.62","115.69","115.69","115.69","115.69","115.69","115.69","115.69","115.69","115.72","115.72","115.72","115.72","116.31","116.31"
"4.2.1. 소비자물가지수","        점퍼","2020=100","3.3","원자료","98.599","98.599","98.599","98.599","98.599","98.599","98.599","98.599","98.599","98.599","99.652","99.652","99.84","99.84","99.84","99.84","99.84","99.84","99.84","99.84","99.84","100.18","100.65","100.65","100.65","100.65","100.65","100.65","100.65","100.65","100.65","100.65","100.65","101.88","103.15","103.15","103.18","103.18","103.18","103.18","103.18","103.18","103.18","103.18","103.18","104.24","109.31","109.31","109.31","109.31","109.31","109.31","109.31","109.31","109.31","109.31","109.31","109.31","111.28","111.28","111.28","111.28","111.28","111.28","111.28","111.28","111.28","111.28","111.28","111.28","113.42","113.42"
"4.2.1. 소비자물가지수","        티셔츠","2020=100","4.6","원자료","96.438","96.438","96.438","96.438","96.438","96.438","96.438","96.438","96.438","96.438","98.382","98.382","98.38","98.38","98.38","98.38","100.77","100.77","100.77","100.77","100.77","100.77","100.95","100.95","100.95","100.95","100.95","100.95","100.95","100.95","100.95","100.95","100.95","100.95","105.14","105.14","105.27","105.27","105.27","105.27","107.64","107.64","107.64","107.64","107.64","107.64","112.14","112.14","112.14","112.14","112.14","112.14","123.77","123.77","123.77","123.77","123.77","123.77","123.77","123.77","123.77","123.77","123.77","123.77","123.77","123.77","123.77","123.77","123.77","123.77","123.77","123.77"
"4.2.1. 소비자물가지수","        스웨터","2020=100","0.6","원자료","95.208","95.208","95.208","95.208","95.208","95.208","95.208","95.208","95.208","95.208","100","100","100","100","100","100","100","100","100","100","100","100","100","100","100","100","100","100","100","100","100","100","100","100","109.66","109.66","109.93","109.93","109.93","109.93","109.93","109.93","109.93","109.93","109.93","109.93","113.56","113.56","113.56","113.56","113.56","113.56","113.56","113.56","113.56","113.56","113.56","113.56","118.71","118.71","118.71","118.71","118.71","118.71","118.71","118.71","118.71","118.71","118.71","118.71","119.65","119.65"
"4.2.1. 소비자물가지수","        청바지","2020=100","1.6","원자료","95.73","95.73","95.73","95.73","99.473","99.473","99.473","99.473","99.473","99.473","100","100","100","100","100","100","100","100","100","100","100","100","100","100","100","100","100","100","100","100","100","100","100","100","100","100","100.27","100.27","100.27","100.27","103.91","103.91","103.91","103.91","103.91","103.91","109.46","109.46","109.46","109.46","109.46","109.46","115.71","115.71","115.71","115.71","115.71","115.71","118.34","118.34","118.34","118.34","118.34","118.34","118.34","118.34","118.34","118.34","118.34","118.34","118.34","118.34"
"4.2.1. 소비자물가지수","        운동복","2020=100","2.3","원자료","99.856","99.856","99.856","99.856","99.856","99.856","100.35","100.35","100.35","100.35","100.35","100.35","100.06","100.06","100.06","99.62","100.06","100.06","100.06","99.77","100.04","100.06","100.06","100.06","99.77","100.06","100.06","99.77","100.06","100.06","100.06","100.06","100.06","100.06","100.06","100.06","100.05","100.05","100.05","99.52","100.05","100.05","100.05","100.05","100.05","100.05","100.43","100.43","104.86","104.86","104.86","104.25","104.86","104.86","104.86","104.86","104.86","104.86","104.92","104.92","104.92","104.92","104.92","104.92","104.92","104.92","105.04","105.04","105.04","105.04","105.04","105.04"
"4.2.1. 소비자물가지수","        등산복","2020=100","0.5","원자료","101.416","101.416","101.416","101.416","100","100","100","100","100","100","100","100","100","100","100","100","100","100","100","100","100","100","100","100","100","100","100","100","100.32","100.32","100.32","100.32","100.32","100.32","100.32","100.32","100.32","100.32","100.32","100.32","100.32","100.32","100.32","100.32","100.32","100.32","100.32","100.32","100.32","100.32","100.32","100.32","103.46","103.46","103.46","103.46","103.46","103.46","103.46","103.46","103.46","103.46","103.46","103.46","103.46","103.46","103.46","103.46","103.46","103.46","103.46","103.46"
"4.2.1. 소비자물가지수","      아동복 · 유아복","2020=100","4.6","원자료","103.319","103.319","103.319","103.319","101.541","101.541","101.541","101.541","101.541","101.541","100.515","100.515","100.77","100.77","100.77","100.77","99.86","99.86","99.86","99.86","99.86","99.86","98.88","98.88","98.88","98.88","98.88","98.88","98.61","98.61","98.61","98.61","98.61","98.61","100.34","100.34","100.4","100.4","100.4","100.4","101.95","101.95","101.95","101.95","101.95","101.95","109.74","109.74","109.74","109.74","109.74","109.74","115.8","115.8","115.8","115.8","115.8","115.8","116.87","116.87","116.87","116.87","116.87","116.87","118.19","118.19","118.19","118.19","118.19","118.19","117.31","117.31"
"4.2.1. 소비자물가지수","        유아동복","2020=100","4.6","원자료","103.319","103.319","103.319","103.319","101.541","101.541","101.541","101.541","101.541","101.541","100.515","100.515","100.77","100.77","100.77","100.77","99.86","99.86","99.86","99.86","99.86","99.86","98.88","98.88","98.88","98.88","98.88","98.88","98.61","98.61","98.61","98.61","98.61","98.61","100.34","100.34","100.4","100.4","100.4","100.4","101.95","101.95","101.95","101.95","101.95","101.95","109.74","109.74","109.74","109.74","109.74","109.74","115.8","115.8","115.8","115.8","115.8","115.8","116.87","116.87","116.87","116.87","116.87","116.87","118.19","118.19","118.19","118.19","118.19","118.19","117.31","117.31"
"4.2.1. 소비자물가지수","      기타의류 및 의류 장신구","2020=100","1.7","원자료","100.086","100.223","100.155","100.096","100.096","100.115","100.037","100.086","100.155","100.488","100.468","100.459","100.81","100.82","100.83","100.84","99.31","99.36","99.37","99.38","99.37","99.35","99.42","101.15","101.12","97.45","97.44","101.06","100.99","101.01","101","101.15","101.26","101.34","101.93","102.04","102.12","102.52","102.61","102.74","102.94","102.75","102.72","104.61","104.44","104.38","106.44","106.53","106.76","106.8","107.17","106.28","106.4","102.76","106.5","108.98","108.52","108.83","110.61","110.64","111.15","111.08","111.25","111.34","111.37","111.35","111.44","111.45","111.3","111.51","111.45","111.51"
"4.2.1. 소비자물가지수","        양말","2020=100","0.9","원자료","99.494","99.725","99.594","99.494","99.494","99.494","99.353","99.433","99.524","99.524","99.484","99.474","99.69","99.71","99.69","99.65","100.08","100.17","100.17","100.19","100.13","100.12","100.23","100.17","100.13","99.92","99.9","100.03","99.9","99.94","99.91","100.17","100.32","100.45","100.47","100.64","100.95","101.68","101.87","101.85","102.14","102.43","102.42","102.43","102.04","101.89","102.5","102.68","102.96","102.97","103.51","101.84","102.06","102.15","102.19","102.86","102.03","102.56","102.71","102.77","103.71","103.55","103.85","103.93","103.99","103.95","104.14","104.14","103.87","104.23","104.13","104.22"
"4.2.1. 소비자물가지수","        모자","2020=100","0.6","원자료","101.386","101.386","101.386","101.386","101.386","101.386","101.386","101.386","101.386","103.095","103.095","103.095","103.1","103.1","103.1","103.1","97.79","97.79","97.79","97.79","97.79","97.79","97.79","103.1","103.1","92.48","92.48","103.1","103.1","103.1","103.1","103.1","103.1","103.1","103.1","103.1","103.11","103.11","103.11","103.11","103.11","101.94","101.94","107.26","107.26","107.26","107.26","107.26","107.26","107.26","107.26","107.26","107.26","96.63","107.26","113.28","113.28","113.28","113.28","113.28","113.28","113.28","113.28","113.28","113.28","113.28","113.28","113.28","113.28","113.28","113.28","113.28"
"4.2.1. 소비자물가지수","        장갑","2020=100","0.2","원자료","100.15","100.14","100.198","100.237","100.256","100.487","100.478","100.487","100.555","99.582","99.62","99.505","99.47","99.41","99.81","100.19","99.92","99.92","100.02","100.06","100.46","100.26","100.33","100.16","100.14","100.1","100.14","100.16","100.21","100.25","100.27","100.28","100.53","100.56","109.27","109.32","109.69","109.79","109.67","110.94","111.41","111.96","111.75","111.95","112.28","112.54","128.76","128.77","129.41","129.74","130.42","130.54","130.59","130.88","130.91","130.99","130.8","131.03","147.03","147.01","146.98","147.13","147.23","147.62","147.62","147.64","147.62","147.7","147.55","147.8","147.77","147.88"
"4.2.1. 소비자물가지수","      의류 세탁, 수선 및 임차","2020=100","1.3","원자료","97.097","97.656","97.875","98.049","98.04","98.013","98.04","98.04","98.123","98.434","98.535","98.535","99.31","99.61","99.57","99.7","99.91","99.95","100.18","100.18","100.35","100.39","100.43","100.43","100.5","100.89","101.34","101.7","101.93","102.29","102.4","102.45","102.57","102.78","103.05","103.35","104.06","104.23","105.23","107.43","108.28","109.55","112.09","112.86","113.12","113.73","114.05","115.26","116.03","117.04","117.93","119.63","120.12","120.24","120.57","120.66","121.18","121.45","121.98","122.4","123.24","123.92","124.34","124.75","125.22","125.38","125.66","125.77","125.91","126.7","127.38","127.51"
"4.2.1. 소비자물가지수","        의복수선료","2020=100","0.2","원자료","96.866","97.92","98.328","98.474","98.474","98.328","98.328","98.428","98.701","98.955","98.973","98.973","99.67","99.81","99.81","99.9","99.97","99.97","99.97","99.97","99.97","100.25","100.36","100.36","100.3","100.3","100.46","101.14","101.21","101.26","101.26","101.44","101.44","101.97","102.02","102.65","102.95","103.38","103.52","105.68","106.55","107.94","108.59","108.97","109.04","110.16","110.39","111.35","112.19","112.62","112.81","113.56","114.52","114.52","114.52","114.6","114.93","115.1","115.51","115.62","115.94","116.91","117.03","117.93","118.32","118.53","118.82","118.82","118.93","120.01","120.14","120.14"
"4.2.1. 소비자물가지수","        세탁료","2020=100","1.1","원자료","97.086","97.529","97.75","97.815","97.815","97.815","97.815","97.768","97.824","98.174","98.239","98.239","99.26","99.58","99.53","99.67","99.9","99.95","100.21","100.21","100.41","100.41","100.44","100.44","100.53","100.98","101.48","101.79","102.04","102.45","102.57","102.6","102.74","102.9","103.21","103.46","104.19","104.3","105.47","107.67","108.52","109.77","112.66","113.51","113.78","114.31","114.65","115.9","116.66","117.78","118.8","120.66","121.07","121.21","121.61","121.7","122.25","122.55","123.1","123.58","124.5","125.13","125.61","125.93","126.4","126.56","126.83","126.97","127.11","127.85","128.63","128.79"
"4.2.1. 소비자물가지수","    신발","2020=100","7.5","원자료","94.048","98.378","98.378","98.378","98.378","99.115","99.106","99.106","99.373","99.373","99.364","99.373","98.07","99.12","99.11","96.35","99.31","99.32","101.46","101.46","101.46","101.45","101.45","101.45","100.54","101.46","101.47","100.4","101.48","101.49","101.5","101.51","101.54","100.27","101.94","102.11","102.68","103.43","103.47","102.94","103.53","103.57","103.95","103.99","104.04","103.65","106.22","107.44","107.46","107.62","109.84","109.86","109.86","109.87","109.87","109.88","109.89","109.89","110.73","111.04","111.04","111.04","111.04","110.6","110.59","110.59","111","111.37","111.38","111.39","111.39","111.39"
"4.2.1. 소비자물가지수","      신발","2020=100","7.5","원자료","94.048","98.378","98.378","98.378","98.378","99.115","99.106","99.106","99.373","99.373","99.364","99.373","98.07","99.12","99.11","96.35","99.31","99.32","101.46","101.46","101.46","101.45","101.45","101.45","100.54","101.46","101.47","100.4","101.48","101.49","101.5","101.51","101.54","100.27","101.94","102.11","102.68","103.43","103.47","102.94","103.53","103.57","103.95","103.99","104.04","103.65","106.22","107.44","107.46","107.62","109.84","109.86","109.86","109.87","109.87","109.88","109.89","109.89","110.73","111.04","111.04","111.04","111.04","110.6","110.59","110.59","111","111.37","111.38","111.39","111.39","111.39"
"4.2.1. 소비자물가지수","        아동화","2020=100","0.9","원자료","94.091","94.091","94.091","94.091","94.091","100","100","100","100","100","100","100","100","100","100","100","100","100","100","100","100","100","100","100","100","100","100","100","100","100","100","100","100","100","100","100","100","100","100","100","100","100","100","100","100","100","100","106.3","106.3","106.3","106.3","106.3","106.3","106.3","106.3","106.3","106.3","106.3","113","113","113","113","113","113","113","113","116.17","116.17","116.17","116.17","116.17","116.17"
"4.2.1. 소비자물가지수","        구두","2020=100","2","원자료","87.473","97.861","97.861","97.861","97.861","97.861","97.861","97.861","98.488","98.488","98.488","98.488","93.53","97.03","97.03","87.85","97.71","97.71","104.86","104.86","104.86","104.86","104.86","104.86","101.83","104.86","104.86","101.28","104.86","104.86","104.86","104.86","104.86","100.58","106.08","106.6","108","110.82","110.82","108.51","110.85","110.86","112.31","112.31","112.31","110.67","110.67","112.31","112.31","112.91","112.91","112.91","112.91","112.91","112.91","112.91","112.91","112.91","112.91","114.13","114.13","114.13","114.13","112.31","112.31","112.31","112.31","113.86","113.86","113.86","113.86","113.86"
"4.2.1. 소비자물가지수","        운동화","2020=100","4.4","원자료","100","100","100","100","100","100","100","100","100","100","100","100","100","100","100","100","100","100","100","100","100","100","100","100","100","100","100","100","100","100","100","100","100","100","100","100","100.01","100.01","100.01","100.01","100.01","100.01","100.01","100.01","100.01","100.01","104.18","104.18","104.18","104.18","107.8","107.8","107.8","107.8","107.8","107.8","107.8","107.8","107.8","107.8","107.8","107.8","107.8","107.8","107.8","107.8","107.8","107.8","107.8","107.8","107.8","107.8"
"4.2.1. 소비자물가지수","        실내화","2020=100","0.2","원자료","100.209","100.14","100.249","100.229","100.061","100.11","99.745","99.764","99.962","99.962","99.646","100.012","100.4","100.28","99.93","99.99","99.98","100.09","100.09","100.04","100.04","99.84","99.67","99.67","99.73","100.14","100.4","100.65","100.78","101.24","101.58","101.79","102.77","103.4","104.17","104.69","105.24","107.06","108.81","110.5","110.91","111.87","112.71","114.43","116.67","117.5","118.9","119.76","120.51","121.44","122.54","123.11","123.16","123.51","123.76","124.24","124.34","124.52","124.6","124.65","124.87","124.94","124.63","125.3","125","125.08","125.38","125.3","125.6","125.83","125.81","125.92"
"4.2.1. 소비자물가지수","  주택, 수도, 전기 및 연료","2020=100","171.6","원자료","98.724","99.876","99.74","99.498","99.576","99.634","98.249","98.327","99.905","100.06","100.05","100.215","100.17","100.76","100.68","100.56","100.2","100.29","98.14","98.46","99.97","100.26","100.18","100.3","100.35","100.89","101.18","101.17","101.44","101.61","100.52","100.78","102.28","102.87","103.11","103.4","103.95","104.77","104.9","105.83","106.49","106.83","106.71","106.91","108.39","110.49","110.43","110.57","111.75","112.35","111.97","111.99","112.55","113.11","111.75","111.85","113.3","113.67","113.58","113.72","113.84","114.22","114.11","114.15","114.26","114.43","113.07","113.92","115.36","115.51","115.48","115.67"
"4.2.1. 소비자물가지수","    주택임차료","2020=100","99.1","원자료","99.926","99.917","99.879","99.84","99.811","99.744","99.725","99.696","99.696","99.706","99.715","99.735","99.79","99.81","99.83","99.86","99.88","99.91","99.96","100.03","100.09","100.19","100.28","100.37","100.46","100.64","100.84","100.98","101.14","101.25","101.39","101.58","101.76","101.93","102.18","102.42","102.56","102.72","102.88","102.98","103.13","103.22","103.33","103.46","103.58","103.65","103.77","103.84","103.91","103.9","103.85","103.82","103.77","103.7","103.64","103.64","103.65","103.66","103.74","103.74","103.74","103.77","103.8","103.83","103.89","103.96","104.01","104.09","104.15","104.22","104.26","104.33"
"4.2.1. 소비자물가지수","      주택임차료","2020=100","99.1","원자료","99.926","99.917","99.879","99.84","99.811","99.744","99.725","99.696","99.696","99.706","99.715","99.735","99.79","99.81","99.83","99.86","99.88","99.91","99.96","100.03","100.09","100.19","100.28","100.37","100.46","100.64","100.84","100.98","101.14","101.25","101.39","101.58","101.76","101.93","102.18","102.42","102.56","102.72","102.88","102.98","103.13","103.22","103.33","103.46","103.58","103.65","103.77","103.84","103.91","103.9","103.85","103.82","103.77","103.7","103.64","103.64","103.65","103.66","103.74","103.74","103.74","103.77","103.8","103.83","103.89","103.96","104.01","104.09","104.15","104.22","104.26","104.33"
"4.2.1. 소비자물가지수","        전세","2020=100","54.2","원자료","99.781","99.8","99.8","99.772","99.744","99.67","99.643","99.615","99.615","99.615","99.624","99.633","99.7","99.73","99.76","99.8","99.85","99.89","99.97","100.04","100.11","100.25","100.38","100.5","100.62","100.85","101.15","101.35","101.59","101.73","101.94","102.2","102.47","102.71","103.02","103.35","103.54","103.72","103.97","104.15","104.37","104.52","104.7","104.87","105.02","105.14","105.29","105.35","105.42","105.37","105.2","105.07","104.92","104.79","104.63","104.55","104.51","104.48","104.55","104.47","104.42","104.41","104.42","104.39","104.43","104.45","104.49","104.55","104.61","104.66","104.66","104.68"
"4.2.1. 소비자물가지수","        월세","2020=100","44.9","원자료","100.092","100.052","99.972","99.912","99.872","99.832","99.822","99.792","99.792","99.812","99.812","99.842","99.89","99.9","99.92","99.93","99.92","99.93","99.95","100.01","100.06","100.11","100.16","100.22","100.27","100.38","100.46","100.53","100.6","100.67","100.73","100.82","100.9","100.99","101.16","101.28","101.36","101.49","101.54","101.56","101.6","101.62","101.66","101.74","101.84","101.86","101.92","102.01","102.07","102.12","102.21","102.3","102.35","102.37","102.44","102.52","102.59","102.65","102.73","102.81","102.87","102.95","103.01","103.12","103.21","103.33","103.38","103.49","103.56","103.65","103.73","103.84"
"4.2.1. 소비자물가지수","    주거시설 유지·보수","2020=100","9.3","원자료","96.318","96.505","96.886","97.345","97.761","98.032","98.227","98.363","98.372","98.703","98.83","99.008","99.29","99.39","99.55","99.65","99.81","99.9","100.11","100.22","100.36","100.49","100.58","100.64","100.99","101.34","101.9","102.98","104.33","105.4","105.96","106.57","106.84","107.31","107.84","108.07","108.49","108.94","109.81","111.4","112.29","113.08","113.63","113.88","114.25","114.54","114.65","114.69","115.12","115.39","115.82","116.02","116.43","116.66","116.97","117.12","117.3","117.46","117.62","117.7","117.86","118.03","118.22","118.5","118.69","118.59","118.76","118.87","119.09","119.43","119.65","119.72"
"4.2.1. 소비자물가지수","      주거시설 유지·보수","2020=100","9.3","원자료","96.318","96.505","96.886","97.345","97.761","98.032","98.227","98.363","98.372","98.703","98.83","99.008","99.29","99.39","99.55","99.65","99.81","99.9","100.11","100.22","100.36","100.49","100.58","100.64","100.99","101.34","101.9","102.98","104.33","105.4","105.96","106.57","106.84","107.31","107.84","108.07","108.49","108.94","109.81","111.4","112.29","113.08","113.63","113.88","114.25","114.54","114.65","114.69","115.12","115.39","115.82","116.02","116.43","116.66","116.97","117.12","117.3","117.46","117.62","117.7","117.86","118.03","118.22","118.5","118.69","118.59","118.76","118.87","119.09","119.43","119.65","119.72"
"4.2.1. 소비자물가지수","        주택수선재료","2020=100","3.4","원자료","98.394","98.666","98.958","98.93","99.184","99.221","99.362","99.522","99.588","99.644","99.748","99.795","99.83","99.86","99.98","99.98","100.01","100.05","100.04","100.06","100.11","100.04","100","100.03","100.14","100.38","100.79","102.06","104.5","106.22","106.7","107.45","107.73","108.2","108.87","109.2","109.73","110.43","111.74","115.04","116.12","116.93","117.41","117.78","117.94","118.11","118.25","118.17","118.33","118.45","118.69","118.24","118.74","118.82","118.83","118.92","118.82","118.86","118.9","118.89","118.95","119.15","119.27","119.29","119.26","119.47","119.51","119.57","119.76","119.79","119.78","119.77"
"4.2.1. 소비자물가지수","        설비수리비","2020=100","5.9","원자료","95.08","95.209","95.651","96.398","96.905","97.323","97.54","97.669","97.636","98.135","98.288","98.537","99.02","99.16","99.33","99.49","99.71","99.83","100.15","100.3","100.48","100.72","100.87","100.94","101.42","101.82","102.45","103.44","104.25","104.99","105.59","106.13","106.39","106.87","107.32","107.5","107.96","108.28","108.89","109.57","110.35","111.12","111.71","111.9","112.39","112.74","112.83","112.94","113.51","113.86","114.42","114.96","115.33","115.64","116.11","116.29","116.63","116.84","117.1","117.22","117.44","117.59","117.82","118.23","118.56","118.29","118.52","118.66","118.89","119.42","119.75","119.86"
"4.2.1. 소비자물가지수","    수도 및 주거관련 서비스","2020=100","30.6","원자료","91.776","97.989","97.252","95.834","96.086","96.442","96.207","96.547","96.329","96.985","96.855","97.608","97.21","100.32","99.97","99.79","98.43","98.73","99.36","100.83","100.68","101.96","101.25","101.48","102.15","104.29","104.82","103.88","104.38","104.66","104.8","105.28","104.56","105.62","104.95","105.36","106.22","109.8","108.71","108.3","108.22","108.82","108.7","109.64","109.4","110.44","109.66","110.42","111.23","114.82","112.92","113.18","113.49","113.88","113.83","114.3","114.1","115.7","114.89","115.83","116.6","118.7","117.8","117.82","118.19","119.02","118.55","119.77","119.68","120.32","119.89","120.68"
"4.2.1. 소비자물가지수","      상하수도료","2020=100","7.6","원자료","99.146","99.029","99.155","99.088","99.088","99.088","99.096","99.096","99.305","99.472","99.472","99.506","100.74","100.84","99.26","98.61","98.61","98.02","98.76","100.45","101.04","101.19","101.19","101.29","102.65","102.6","102.6","102.6","102.6","102.71","103.36","103.36","103.36","103.32","103.32","103.9","106.41","106.2","106.2","106.2","105.57","105.73","106.36","106.61","106.61","106.36","106.36","106.77","109.19","109.56","109.33","109.22","109.22","109.2","109.5","109.5","109.88","109.92","109.92","110.32","112.87","113.03","113.03","113.02","113.47","113.8","114.1","114.1","114.04","113.75","113.75","114.51"
"4.2.1. 소비자물가지수","        상수도료","2020=100","4.5","원자료","100.438","100.257","100.324","100.324","100.324","100.324","100.352","100.352","100.381","100.495","100.495","100.409","100.69","100.72","99.51","98.86","98.86","98.28","99.07","100.36","100.94","101.04","101.04","100.63","100.64","100.56","100.56","100.56","100.56","100.62","101.7","101.7","101.7","101.81","101.81","102.02","104.92","104.74","104.74","104.74","104.12","104.33","104.95","105.2","105.2","104.95","104.95","105.42","108.48","108.9","108.94","108.74","108.74","108.79","108.96","108.96","109.13","109.18","109.18","109.84","111.75","111.79","111.79","111.77","112.26","112.54","113.05","113.05","112.94","112.44","112.53","112.93"
"4.2.1. 소비자물가지수","        하수도료","2020=100","3.1","원자료","97.152","97.152","97.363","97.192","97.192","97.192","97.192","97.192","97.667","97.898","97.898","98.115","100.83","101.02","98.87","98.22","98.22","97.61","98.27","100.6","101.2","101.43","101.43","102.31","105.77","105.77","105.77","105.77","105.77","105.94","105.94","105.94","105.94","105.67","105.67","106.8","108.72","108.45","108.45","108.45","107.81","107.91","108.55","108.81","108.81","108.55","108.55","108.87","110.33","110.6","109.99","109.99","109.99","109.9","110.39","110.39","111.1","111.1","111.1","111.1","114.63","114.97","114.97","114.97","115.36","115.76","115.76","115.76","115.76","115.79","115.65","116.95"
"4.2.1. 소비자물가지수","      기타 주거관련 서비스","2020=100","23","원자료","89.184","97.626","96.592","94.692","95.028","95.509","95.189","95.654","95.269","96.119","95.926","96.936","95.96","100.14","100.22","100.2","98.37","98.98","99.57","100.97","100.55","102.23","101.28","101.55","101.97","104.89","105.59","104.33","105.01","105.34","105.3","105.96","104.98","106.43","105.53","105.87","106.18","111.07","109.6","109.05","109.15","109.9","109.52","110.7","110.38","111.86","110.82","111.69","111.95","116.64","114.17","114.57","114.99","115.5","115.33","115.97","115.56","117.7","116.6","117.75","117.9","120.66","119.44","119.47","119.83","120.83","120.1","121.73","121.64","122.59","122.01","122.81"
"4.2.1. 소비자물가지수","        공동주택관리비","2020=100","21.8","원자료","88.626","97.591","96.484","94.47","94.812","95.33","94.979","95.473","95.067","95.959","95.76","96.834","95.69","100.16","100.24","100.22","98.25","98.91","99.54","101.03","100.58","102.38","101.36","101.65","101.97","105.09","105.85","104.49","105.22","105.57","105.5","106.2","105.16","106.71","105.74","106.11","106.41","111.6","110.04","109.45","109.56","110.37","109.96","111.21","110.87","112.43","111.33","112.25","112.48","117.45","114.83","115.25","115.69","116.25","116.06","116.73","116.3","118.58","117.41","118.62","118.71","121.64","120.34","120.38","120.74","121.8","121","122.72","122.62","123.56","122.95","123.79"
"4.2.1. 소비자물가지수","        쓰레기봉투료","2020=100","0.7","원자료","99.284","99.284","99.409","99.409","99.409","99.409","99.578","99.578","99.578","99.578","99.578","99.578","99.98","99.98","99.98","99.98","99.98","99.98","100.02","100.02","100.02","100.02","100.02","100.02","102.23","102.23","102.23","102.23","102.23","102.23","102.84","102.84","102.84","102.84","102.84","102.84","104.04","103.94","103.94","103.94","103.94","103.94","103.94","103.94","103.94","103.94","103.94","103.94","104.14","104.14","104.14","104.14","104.14","104.14","104.14","104.14","104.14","104.14","104.14","104.14","104.49","104.49","104.49","104.49","104.49","104.49","105.34","105.34","105.34","105.34","105.34","105.34"
"4.2.1. 소비자물가지수","        정화조청소료","2020=100","0.5","원자료","97.107","97.107","97.107","97.107","97.37","97.37","97.507","97.552","97.552","97.552","97.552","97.552","99.5","99.5","99.76","99.92","100.06","100.06","100.06","100.23","100.23","100.23","100.23","100.23","101.71","101.71","101.71","101.71","101.71","101.91","102.06","102.06","102.06","102.06","102.06","102.06","102.82","102.82","102.82","102.82","102.82","102.82","102.82","102.82","102.82","102.93","103.02","103.02","104.61","104.61","104.61","104.61","104.61","104.61","104.75","104.75","104.75","104.75","104.75","104.75","107.21","107.21","107.21","107.37","107.37","107.37","107.76","108.1","108.1","110.87","110.9","110.9"
"4.2.1. 소비자물가지수","    전기, 가스 및 기타연료","2020=100","32.6","원자료","102.362","102.338","102.35","102.42","102.561","102.596","96.073","96.201","104.072","104.095","104.154","104.166","104.36","104.47","104.27","103.65","102.93","103.02","90.94","91.02","98.84","98.84","98.75","98.9","98.12","98.34","98.62","98.68","98.71","98.69","92.21","92.41","100.28","101.75","102.73","103.07","103.63","103.99","105","109.92","113.05","113.73","112.66","112.41","120.47","131.03","131.05","130.82","136.35","136.15","135.94","135.83","138.77","141.74","134.09","134.21","142.57","142.94","142.95","142.78","142.63","142.63","142.66","142.68","142.66","142.59","135.14","138.52","146.45","146.35","146.4","146.47"
"4.2.1. 소비자물가지수","      전기","2020=100","16.1","원자료","102.772","102.772","102.772","102.772","102.772","102.772","86.138","86.138","102.772","102.772","102.772","102.772","102.74","102.74","102.74","102.74","102.74","102.74","86.29","86.29","102.74","102.74","102.74","102.74","100.38","100.38","100.38","100.38","100.38","100.38","86.31","86.31","102.75","105.39","105.39","105.39","105.41","105.41","105.41","111.49","111.49","111.49","102.16","102.16","118.32","124.83","124.83","124.83","136.36","136.36","136.36","136.36","140","143.41","127.58","127.58","143.41","143.41","143.41","143.41","143.41","143.41","143.41","143.41","143.41","143.41","127.02","127.02","142.78","142.78","142.78","142.78"
"4.2.1. 소비자물가지수","        전기료","2020=100","16.1","원자료","102.772","102.772","102.772","102.772","102.772","102.772","86.138","86.138","102.772","102.772","102.772","102.772","102.74","102.74","102.74","102.74","102.74","102.74","86.29","86.29","102.74","102.74","102.74","102.74","100.38","100.38","100.38","100.38","100.38","100.38","86.31","86.31","102.75","105.39","105.39","105.39","105.41","105.41","105.41","111.49","111.49","111.49","102.16","102.16","118.32","124.83","124.83","124.83","136.36","136.36","136.36","136.36","140","143.41","127.58","127.58","143.41","143.41","143.41","143.41","143.41","143.41","143.41","143.41","143.41","143.41","127.02","127.02","142.78","142.78","142.78","142.78"
"4.2.1. 소비자물가지수","      가스","2020=100","12.4","원자료","101.668","101.668","101.668","101.668","101.873","101.897","105.104","105.092","105.032","105.044","105.201","105.225","105.21","105.51","105.53","105.2","104.7","104.85","94.66","94.78","94.82","94.85","94.86","95.03","95.01","95.33","95.63","95.62","95.62","95.51","95.72","96.01","96.17","96.19","96.71","97.07","96.94","96.86","97.01","99.99","107.2","107.2","113.72","113.76","113.58","129.46","129.42","129.41","129.41","129.27","129.29","129.29","132.34","135.29","135.31","135.38","135.58","135.84","136","136.01","136.04","136.05","136.04","136.05","136.05","136.05","136.37","144.96","144.99","145","145.16","145.3"
"4.2.1. 소비자물가지수","        도시가스","2020=100","11.5","원자료","101.747","101.747","101.747","101.747","101.747","101.747","105.426","105.451","105.426","105.426","105.438","105.438","105.43","105.43","105.43","105.43","105.43","105.43","94.46","94.59","94.59","94.59","94.59","94.59","94.59","94.59","94.59","94.59","94.59","94.59","94.7","94.7","94.69","94.69","94.68","94.68","94.7","94.7","94.7","97.37","105.03","105.03","112.03","112.1","112.1","128.95","128.95","128.95","128.98","128.98","128.98","128.98","132.23","135.48","135.82","136.07","136.13","136.13","136.15","136.15","136.17","136.18","136.18","136.18","136.18","136.18","136.52","145.47","145.5","145.5","145.66","145.66"
"4.2.1. 소비자물가지수","        취사용LPG","2020=100","0.9","원자료","100.44","100.527","100.354","100.479","103.673","104.038","99.978","99.468","98.699","98.93","101.344","101.941","102.07","106.68","106.9","101.92","94.41","96.65","97.41","97.48","98.08","98.53","98.64","101.22","100.96","105.73","110.26","110.16","110.1","108.47","110.11","114.57","117.01","117.32","125.36","130.75","129.93","128.47","131","138.75","138.69","138.72","137.47","136.97","134.13","134.38","133.71","133.45","133.05","130.95","131.02","131.06","131.03","128.97","124","121.22","123.65","128","130.38","130.56","130.65","130.57","130.47","130.68","130.69","130.64","130.64","133.32","133.6","133.66","133.72","136.16"
"4.2.1. 소비자물가지수","      기타연료 및 에너지","2020=100","4.1","원자료","103.494","103.196","103.288","104.078","104.685","104.915","104.64","105.98","106.174","106.484","106.312","106.243","108.18","107.98","106.09","101.74","97.04","97.3","96.9","97.13","97.21","97.12","96.3","97","100.13","100.98","102.34","102.94","103.18","103.41","104.36","105.09","105.21","107.07","114.01","115.75","117.83","121.87","131.42","137.99","140.79","147.68","158.76","156.07","155.16","164.95","165.3","163.05","159.67","158.09","156.04","154.82","153.6","154.35","158.4","159.24","161.63","164.32","163.82","162.01","160.38","160.34","160.74","160.84","160.68","159.96","167.57","167.41","166.41","165.43","165.31","165.45"
"4.2.1. 소비자물가지수","        등유","2020=100","2.4","원자료","109.638","108.996","109.638","110.9","112.528","112.771","112.162","112.007","112.052","112.672","112.439","112.284","113.22","112.64","109.47","102.16","94.13","94.35","95.58","96.09","96.1","95.87","94.64","95.74","100.89","102.67","104.69","105.82","105.8","106.35","108.13","109.22","109.5","112.41","124.64","126.78","126.86","134.73","153.96","164.47","170.2","183.11","194.74","189.29","187.65","185.18","185.57","181.2","174.48","171.26","167.37","164.76","162.36","157.72","155.32","157.22","161.64","166.91","166.15","162.54","159.31","159.52","160.14","160.29","159.91","158.52","158.7","158.49","156.69","154.2","154.14","154.48"
"4.2.1. 소비자물가지수","        지역난방비","2020=100","1.6","원자료","98.038","98.038","98.038","98.038","98.038","98.038","98.038","101.293","101.293","101.293","101.293","101.293","101.27","101.27","101.27","101.27","101.27","101.27","98.73","98.73","98.73","98.73","98.73","98.73","98.73","98.73","98.73","98.73","98.73","98.73","98.73","98.73","98.73","98.73","98.73","98.73","98.54","98.54","98.54","100.92","100.92","100.92","111.18","111.18","111.18","132.45","132.45","132.45","132.45","132.45","132.45","132.45","132.45","138.34","148.49","148.49","148.49","148.49","148.49","148.49","148.49","148.49","148.49","148.49","148.49","148.49","162.91","162.99","162.99","162.99","162.99","162.99"
"4.2.1. 소비자물가지수","        부탄가스","2020=100","0.1","원자료","102.276","101.807","94.889","102.172","98.322","102.266","102.057","96.861","103.121","103.768","101.681","101.775","99.01","104.03","102.69","99.43","99.01","103.77","98.96","96.72","99.39","100.73","97.1","99.16","103.75","96.87","103.68","101.35","110.41","107.25","104.04","107.47","105.9","111.7","104.75","122.46","122.55","125.91","122.84","125.34","123.05","138.59","136.04","137.95","135.1","135.92","141.63","139.55","138.98","140.45","136.45","139.66","139.04","140.48","140.56","136.33","142.93","144.49","140.25","140.2","140.05","134.39","137.84","138.64","139.74","138.83","141.74","137.84","134.52","144.05","140.79","139.24"
"4.2.1. 소비자물가지수","  가정용품 및 가사 서비스","2020=100","45.6","원자료","98.978","100.367","100.292","100.74","99.705","99.444","100.357","100.012","99.313","100.497","99.714","100.19","99.54","100.33","99.77","99.86","100.19","99.8","99.92","100.22","99.44","100.42","100.09","100.42","101.17","100.82","99.98","100.19","101","101.11","102.11","102.46","102.51","103.3","103.46","104.35","104.58","104.87","104.2","106.29","106.38","106.85","107.38","107.91","107.44","108.02","108.43","108.99","110.28","111.18","111.27","111.98","112.7","112.58","112.86","113.25","113.41","113.8","113.42","114.01","113.74","113.94","114.69","114.7","114.48","114.37","115.35","115.35","114.95","115.44","114.99","115.84"
"4.2.1. 소비자물가지수","    가구, 가사비품 및 카페트","2020=100","8.7","원자료","99.153","100.559","100.568","100.404","96.61","96.479","100.674","100.412","100.208","100.044","100.257","100.183","99.29","100.06","100.06","99.54","100.11","99.55","99.62","100.08","100.6","99.88","101.18","100.03","100.55","99.86","98.29","98.45","100.97","102.27","105.84","106.21","109.73","109.89","110.78","111.96","113.42","112.18","112.43","114.36","110.97","111.02","111.27","111.84","114.13","110.87","114","114.1","117.9","117.43","118.77","119.91","120.61","120.15","123.1","123.22","123.24","123.55","123.57","123.57","123.48","124.6","125.82","125.8","125.67","125.68","125.94","125.95","128.25","126.08","126.13","127.98"
"4.2.1. 소비자물가지수","      가구, 가사비품 및 카페트","2020=100","8.7","원자료","99.153","100.559","100.568","100.404","96.61","96.479","100.674","100.412","100.208","100.044","100.257","100.183","99.29","100.06","100.06","99.54","100.11","99.55","99.62","100.08","100.6","99.88","101.18","100.03","100.55","99.86","98.29","98.45","100.97","102.27","105.84","106.21","109.73","109.89","110.78","111.96","113.42","112.18","112.43","114.36","110.97","111.02","111.27","111.84","114.13","110.87","114","114.1","117.9","117.43","118.77","119.91","120.61","120.15","123.1","123.22","123.24","123.55","123.57","123.57","123.48","124.6","125.82","125.8","125.67","125.68","125.94","125.95","128.25","126.08","126.13","127.98"
"4.2.1. 소비자물가지수","        장롱","2020=100","1.3","원자료","99.335","102.073","102.073","102.073","93.492","97.627","100.815","100.815","100.815","100.815","100.815","100.815","100.84","100.84","100.84","100.84","100.84","100.84","100.84","100.84","100.84","95.75","100.91","95.82","100.91","96.83","99.13","95.03","95.4","96.96","101.57","101.57","104.18","104.18","104.18","108.35","108.34","108.34","108.34","108.34","108.34","108.34","108.34","108.34","108.34","100.23","108.34","108.34","108.5","108.5","110.3","110.3","110.3","110.3","113.22","113.22","113.22","113.22","113.22","113.22","113.22","113.22","120.96","120.96","120.96","120.96","120.96","120.96","120.96","120.96","120.96","120.96"
"4.2.1. 소비자물가지수","        침대","2020=100","2.7","원자료","100","100","100","100","100","100","100","100","100","100","100","100","100","100","100","100","100","100","100","100","100","100","100","100","100","100","100","101.18","108.23","108.23","109.07","109.07","109.07","109.07","112.78","112.78","112.78","112.78","112.78","112.78","112.78","112.78","112.78","112.78","112.78","112.78","112.78","112.78","120.43","120.43","120.43","120.43","120.43","120.44","120.44","120.44","120.44","120.44","120.44","120.44","120.44","123.21","123.21","123.21","123.21","123.21","123.21","123.28","125.3","125.3","125.3","125.3"
"4.2.1. 소비자물가지수","        거실장","2020=100","0.4","원자료","96.192","96.192","96.192","98.536","98.536","98.536","99.26","99.26","99.26","99.26","99.26","99.26","99.25","100.53","100.53","100.53","100.53","100.53","100.53","100.53","100.53","95.48","100.53","100.53","100.53","100.53","99.54","95.63","100.58","106.27","106.27","106.27","106.27","106.27","106.27","108.84","108.86","108.86","108.86","111.3","105.79","112.89","112.89","112.89","112.89","112.89","112.89","112.89","115.68","115.68","117.74","117.74","117.74","117.74","122.26","122.26","122.26","122.26","122.26","122.26","122.26","122.26","122.26","122.26","122.26","122.26","122.26","122.26","122.26","122.26","122.26","122.26"
"4.2.1. 소비자물가지수","        소파","2020=100","1.3","원자료","102.936","102.936","102.936","102.936","91.847","89.23","102.936","102.936","102.936","102.936","102.936","102.936","100","100","100","100","100","100","100","100","100","100","100","100","100","95.03","83.43","90.13","90.13","92.63","100.65","100.65","108.48","108.48","108.48","114.77","114.67","114.67","114.67","117.32","98.87","98.87","98.87","98.87","117.32","114.25","117.32","117.32","117.32","117.32","119.1","119.1","119.1","119.1","125.92","125.92","125.92","125.92","125.92","125.92","125.92","125.92","125.92","125.92","125.92","125.92","125.92","125.92","127.32","120.46","120.46","127.32"
"4.2.1. 소비자물가지수","        책상","2020=100","0.4","원자료","98.108","98.108","98.108","98.108","98.108","98.108","98.403","98.403","98.403","98.403","98.403","98.403","98.42","101.47","101.47","101.47","101.47","101.47","101.47","101.47","101.47","96.33","101.94","91.55","101.94","95.36","95.23","96.99","96.86","107.99","111.18","111.18","111.38","111.38","111.38","112.9","112.93","112.93","112.93","114.01","109","115.26","115.26","115.26","115.26","106.15","115.26","115.26","118.27","118.27","118.27","128.07","128.07","128.07","130.81","130.81","130.81","130.81","130.81","130.81","130.81","130.81","130.81","130.81","130.81","130.81","130.81","130.81","130.81","111.7","113.17","113.17"
"4.2.1. 소비자물가지수","        의자","2020=100","0.4","원자료","98.518","98.423","98.624","98.402","97.948","98.233","97.082","97.578","100.134","100.007","100.07","100.377","100.23","100.03","100.02","99.83","99.59","100.03","100.1","100.12","100.12","100.13","99.69","100.13","100.36","101.38","101.41","98.78","99.83","99.66","99.47","103.86","104.92","105.14","104.74","105.18","105.61","105.37","106.19","106.27","106.31","109.16","108.18","108.91","109.15","109.07","109.08","109.15","109.16","106.21","109.3","112.96","112.94","116.21","116.82","116.9","117.03","117.02","112.31","112.39","111.98","111.87","111.89","114.12","114.08","112.57","114.09","112.58","114.1","114.1","114.09","114.1"
"4.2.1. 소비자물가지수","        식탁","2020=100","0.9","원자료","96.902","100","100","100","95.129","90.241","100","100","100","100","100","100","100","100","100","100","100","100","100","100","100","100","100","100","100","96.43","96.33","94.91","99.87","100.55","103.77","103.77","104.19","104.19","104.19","105.52","105.5","105.5","105.5","106.96","106.96","110.51","110.51","110.51","110.51","103.49","110.51","110.51","113.43","113.43","117.52","117.52","117.52","117.52","121.9","121.9","121.9","121.9","121.9","121.9","121.9","121.9","121.9","121.9","121.9","121.9","121.9","122.49","122.49","122.49","122.49","122.49"
"4.2.1. 소비자물가지수","        싱크대","2020=100","1.3","원자료","92.093","99.524","99.524","96.4","99.775","100.313","101.329","98.449","95.62","93.949","96.258","95.25","96.26","99.19","99.19","96.47","99.58","96.47","96.8","99.28","102.04","104.65","105.05","105.05","101.53","108.09","108.93","106.88","105.74","104.37","109.65","110.49","119.85","120.66","120.02","115.93","125.2","116.41","117.91","126.6","125.99","118.11","120.2","124.14","120.24","117.73","119.37","120.07","125.94","123.61","124.33","128.04","133.07","128.57","133.05","133.89","134.01","136.17","137.98","137.98","137.44","139.45","139.45","138.49","137.68","138.27","139.59","139.59","149.56","147.69","147.69","153.42"
"4.2.1. 소비자물가지수","    가정용 섬유제품","2020=100","3","원자료","96.246","95.921","96.98","97.073","97.101","97.138","97.092","96.971","97.129","96.971","98.56","98.764","98.9","98.86","98.86","98.87","98.76","101.05","100.92","100.72","100.74","100.8","100.79","100.74","100.79","101","100.96","101.03","100.98","101.06","101.03","100.99","101","101.2","101.24","101.15","101.53","101.56","95.28","101.42","101.4","107.81","107.76","110.37","110.45","110.49","110.43","110.45","110.59","110.57","110.59","110.59","110.57","110.56","110.33","110.44","110.4","110.39","110.48","110.48","110.45","110.38","110.41","110.41","110.55","110.51","110.52","110.55","110.58","110.55","110.57","110.55"
"4.2.1. 소비자물가지수","      가정용 섬유제품","2020=100","3","원자료","96.246","95.921","96.98","97.073","97.101","97.138","97.092","96.971","97.129","96.971","98.56","98.764","98.9","98.86","98.86","98.87","98.76","101.05","100.92","100.72","100.74","100.8","100.79","100.74","100.79","101","100.96","101.03","100.98","101.06","101.03","100.99","101","101.2","101.24","101.15","101.53","101.56","95.28","101.42","101.4","107.81","107.76","110.37","110.45","110.49","110.43","110.45","110.59","110.57","110.59","110.59","110.57","110.56","110.33","110.44","110.4","110.39","110.48","110.48","110.45","110.38","110.41","110.41","110.55","110.51","110.52","110.55","110.58","110.55","110.57","110.55"
"4.2.1. 소비자물가지수","        침구","2020=100","2.6","원자료","95.69","95.69","96.596","96.596","96.596","96.596","96.596","96.596","96.596","96.596","98.389","98.389","98.42","98.42","98.42","98.42","98.42","101.13","101.13","101.13","101.13","101.13","101.13","101.13","101.13","101.13","101.13","101.13","101.13","101.13","101.13","101.13","101.13","101.13","101.13","101.13","101.25","101.25","93.96","101.07","101.07","108.04","108.04","111.15","111.15","111.15","111.15","111.15","111.15","111.15","111.15","111.15","111.15","111.15","111.15","111.15","111.15","111.15","111.15","111.15","111.15","111.15","111.15","111.15","111.15","111.15","111.15","111.15","111.15","111.15","111.15","111.15"
"4.2.1. 소비자물가지수","        커튼","2020=100","0.4","원자료","100.438","97.602","99.833","100.636","100.876","101.23","100.824","99.771","101.095","99.792","99.844","101.616","101.22","100.98","101.01","101.03","100.43","100.67","99.89","98.72","98.87","99.21","99.14","98.84","99.15","100.36","100.12","100.54","100.27","100.7","100.52","100.33","100.38","101.52","101.79","101.25","103.57","103.82","104.01","103.9","103.78","106.49","106.12","105.54","106.16","106.42","105.97","106.13","107.17","106.98","107.16","107.19","107.01","106.93","105.19","106.08","105.72","105.68","106.29","106.28","106.16","105.56","105.83","105.82","106.88","106.57","106.65","106.89","107.12","106.82","106.98","106.85"
"4.2.1. 소비자물가지수","    가정용 기기","2020=100","16.7","원자료","100.829","102.048","101.988","102.989","102.068","101.75","101.721","100.868","100.521","101.929","101.324","100.947","100.24","100.96","99.98","100.23","99.94","100.28","100","99.89","98.82","99.89","99.64","100.12","100.99","100.32","99.58","99.8","99.61","99.25","99.71","99.72","99.38","99.78","99.89","99.8","99.62","99.51","99.18","100.08","100.15","99.99","100.34","100.06","99.96","100.88","100.91","100.52","102.2","102.69","102.56","103.23","103.24","103.85","102.44","103.15","102.7","103.15","103.34","103.72","103.87","103.9","103.74","104.28","103.85","102.23","104.44","104.1","102.95","103.63","102.93","103.63"
"4.2.1. 소비자물가지수","      가정용 기구","2020=100","11.8","원자료","100.722","102.265","102.193","103.468","102.306","101.884","101.853","100.763","100.331","101.113","100.341","99.858","100.17","101.02","99.74","100.07","99.69","100.13","99.77","99.63","98.9","100.3","99.97","100.6","100.62","99.74","98.63","98.91","98.67","98.19","98.8","98.41","98.54","99.06","99.41","99.29","99.04","99.09","98.61","100.12","99.84","99.62","99.53","99.13","99","100.29","100.33","100.14","101.98","101.55","101.12","102.03","101.88","102.74","100.75","101.75","101.3","101.94","102.2","102.75","102.02","102.06","101.71","102.46","101.58","100.9","101.19","100.72","100.51","101.46","100.25","101.45"
"4.2.1. 소비자물가지수","        전기밥솥","2020=100","0.5","원자료","119.388","118.483","111.2","108.348","110.887","106.829","107.942","105.541","100.485","101.656","108.023","106.759","98.47","106.01","107.5","104.09","104.47","101.98","104.15","98.89","94.88","90.81","94.49","94.25","94.53","93.59","94.07","88.41","93.79","103.64","104.58","105.56","103.36","102.42","105.09","102.63","105.86","104.87","100.55","103.39","96.88","101.81","89.48","91.45","91.29","120.18","120.65","120.68","120.34","120.95","117.69","117.56","113.76","117.18","115.98","114.05","115.22","117.18","117.99","117.73","100.41","101.57","101.83","116.99","109.88","104.94","104.21","101.76","104.01","103.56","105.04","102.96"
"4.2.1. 소비자물가지수","        가스레인지","2020=100","0.4","원자료","100.68","106.86","106.738","106.528","107.338","99.171","101.645","100.957","100.879","99.115","100.025","88.54","101.07","92.88","92.18","92.29","93.43","93.46","105.84","105.97","105.97","105.74","105.83","105.36","105.73","105.87","105.78","106.89","106.89","104.99","105.05","107.51","109.36","107.51","107.51","107.17","106.74","106.67","106.67","105.34","106.11","106.08","108.1","107.87","107.94","107.95","107.97","107.29","107.1","107.07","106.82","106.74","106.74","107.17","107.23","106.73","108.09","106.03","106.03","105.8","106.56","100.96","101.06","108.56","108.86","108.4","108.18","107.48","96","97.85","93.73","110.81"
"4.2.1. 소비자물가지수","        전자레인지","2020=100","0.1","원자료","98.933","99.134","99.687","101.406","101.348","101.434","100.795","100.747","100.852","100.728","100.814","100.317","100.15","100.11","100.17","99.28","99.28","100.01","100.51","99.79","100.26","99.33","99.48","101.63","99.7","98.47","97.94","98.3","95.7","93.75","94.27","93.97","93.58","96.75","96.37","93.39","94.7","94.27","94.49","93.16","92.3","94.43","95.33","95.38","95.33","95.46","95.34","90.66","96.41","96.4","97.37","96.97","96.97","96.64","97.18","96.43","97.21","98.46","98.44","97.83","98.29","97.67","97.98","98.59","97.35","97.35","97.89","97.24","96.83","97.12","97.13","96.98"
"4.2.1. 소비자물가지수","        전기레인지","2020=100","0.2","원자료","78.166","78.166","78.166","78.166","78.166","78.166","78.166","78.166","78.166","78.166","78.166","78.166","89.52","89.81","89.51","89.47","89.68","108.17","108.24","108.38","107.92","108.45","102.45","108.4","104.56","104.27","108.27","108.39","106.29","108.91","109.69","108.82","108.96","108.96","109.7","108.62","108.81","108.77","106.01","106.32","108.77","109.79","109.63","109.83","109.63","109.89","109.43","108.49","108.75","106.13","106.42","106.08","106.08","106.05","106.66","106.32","106.44","106.79","107.49","107.25","106.66","106.41","106.61","106.55","106.42","105.5","105.32","107.33","106.07","106.34","107.97","107.36"
"4.2.1. 소비자물가지수","        냉장고","2020=100","2.4","원자료","98.76","100.45","101.167","100.386","99.188","99.113","97.733","98.118","98.076","99.167","99.68","99.894","101.22","101.61","101.1","101.1","100.58","98.87","98.86","99.67","98.92","99.48","98.12","100.46","101.05","100.2","99.94","100.6","99.17","99.17","100.63","101.76","102.13","102.07","102.33","103.71","102.62","103.04","103","106.87","105.11","104.23","104.95","104.71","102.86","103","102.44","103.55","103.6","100.7","99.44","99.7","99.7","102.06","99.56","99.48","99.46","99.06","98.16","100.82","101.48","102.41","99.66","97.83","97.48","98.02","96.33","95.96","96.41","98.6","97.61","99.7"
"4.2.1. 소비자물가지수","        김치냉장고","2020=100","1.1","원자료","102.487","104.057","104.057","104.057","104.057","104.057","104.057","104.057","103.099","103.734","99.883","99.215","101.61","98.81","98.81","98.81","98.81","98.81","98.81","98.81","98.35","104.41","102.56","101.41","102.03","100.64","100.64","100.64","100.64","100.64","100.64","100.64","103.51","107.83","106.29","104.57","103.65","104.23","104.23","104.23","104.23","104.23","104.23","104.23","103.81","105.79","105.83","104.77","108.61","108.2","108.2","108.2","108.2","108.2","108.2","108.2","105.15","105.75","105.75","107.27","106.46","106.88","106.88","106.88","106.88","106.88","106.88","106.88","107.73","108.43","103.86","104.04"
"4.2.1. 소비자물가지수","        에어컨","2020=100","1.5","원자료","99.745","99.745","99.745","104.307","103.709","103.346","103.699","101.132","101.241","101.241","101.241","101.241","101.84","101.84","101.84","103.27","100.25","99.59","97.61","98.11","98.91","98.91","98.91","98.91","98.91","98.91","98.91","101.6","98.18","94.74","95.72","98.46","98.41","98.41","98.41","98.41","98.52","98.52","98.52","103.42","104.15","102.75","103.63","103.52","103.47","103.47","103.47","103.47","103.47","103.47","103.47","107.68","107.68","108.65","103.34","108.09","108.38","108.38","108.38","108.38","108.38","108.38","108.38","109.91","108.84","105.64","108.76","105.5","106.27","106.27","106.27","106.27"
"4.2.1. 소비자물가지수","        선풍기","2020=100","0.4","원자료","95.25","95.25","95.25","100.508","99.668","99.286","98.763","89.938","99.417","99.417","99.417","99.417","98.89","98.89","98.89","99.62","100.04","104.58","104.69","98.63","98.94","98.94","98.94","98.94","98.94","98.94","98.94","100.71","100.85","97.1","95.74","97.5","96.97","96.97","96.97","96.97","96.95","96.95","96.95","96.95","97.58","100.51","96.65","93.93","96.09","96.09","96.09","96.09","96.09","96.09","96.09","91.66","91.66","92.09","90.04","89.33","92.15","92.15","92.15","92.15","92.15","92.15","92.15","93.34","92.87","92.35","92.94","93.12","93.31","93.31","93.31","93.31"
"4.2.1. 소비자물가지수","        공기청정기","2020=100","0.6","원자료","99.005","98.911","99.47","98.058","98.001","98.058","98.058","95.737","95.179","96.533","94.544","88.368","82.88","106.58","103.68","102.51","101.75","101.43","100.1","100.49","99.59","99.47","100.22","101.28","103.36","102.92","95.35","99.95","100.96","99.29","99.67","97.9","100.4","99.58","99.09","98.1","99.48","98.99","92.75","92.81","97.32","92.59","95.74","97.02","96.99","96.77","97.31","95.09","98.27","99.23","98.92","100.2","100.2","99.92","100.23","99.57","99.62","98.95","99.09","99.26","95.36","94.82","96.55","96.67","96.97","95.61","96.15","95.5","94.4","94.79","94.12","91.55"
"4.2.1. 소비자물가지수","        세탁기","2020=100","1","원자료","101.868","100.885","100.285","102.524","100.032","100.201","100.313","100.032","99.732","100.81","100.482","100.285","101.68","100.66","99.16","98.78","100.66","101.11","99.57","99.55","99.77","99.72","99.55","99.8","99.34","98.98","94","90.48","91.16","89.55","89.64","88.75","89.44","89.02","89.52","88.5","88.34","88.25","88.43","88.54","89.4","89.31","90.07","91.19","90.9","91.5","91.07","89.4","91.15","91.36","91.43","94.13","94.13","94.64","94.57","94.59","90.96","96.45","96.21","96.46","96.64","96.96","96.98","98.14","98.2","98.81","100.57","96.2","95.27","95.04","94.98","94.45"
"4.2.1. 소비자물가지수","        의류건조기","2020=100","1.1","원자료","","","","","","","","","","","","","101.55","100.56","99.16","98.78","100.66","101.13","99.58","99.58","99.81","99.76","99.59","99.84","99.92","99.56","98.92","98.74","99.44","97.83","96.85","91.77","91.8","91.74","91.66","93.12","91.81","92.44","92.13","92.06","92.95","96.22","96.87","96.34","95.96","96.64","95.11","96.1","95.72","96.26","95.62","97.57","97.57","98.21","91.28","98.22","98.13","99.28","98.5","97.48","99.07","98.32","99.42","98.7","98.9","99.16","99.2","101.97","101.3","101.45","101.62","101.98"
"4.2.1. 소비자물가지수","        식기세척기","2020=100","0.2","원자료","","","","","","","","","","","","","99.99","100.54","99.97","99.88","100.29","99.73","99.87","100.13","99.26","100.27","99.88","100.17","100.7","101.92","101.4","99.86","98.69","100.01","100.63","100.84","99.07","99.86","99.22","100.52","97.94","100.17","99.46","99.65","99.6","99.2","99.46","100.06","100.13","100.16","100.05","99.21","99.25","99.7","99.86","99.37","99.37","99.05","99","99.02","99.12","99.8","100.86","103.09","100.08","100.93","102.81","102.81","102.39","101.47","101.6","100.75","101.11","100.32","99.42","99.89"
"4.2.1. 소비자물가지수","        청소기","2020=100","1.1","원자료","96.792","96.792","98.417","98.009","97.897","97.628","97.489","96.866","97.08","97.776","97.832","97.869","94.33","94.22","94.75","100.21","98.86","103.85","102.67","102.48","97.89","102.99","103.17","104.55","102.54","101.73","101.57","100.62","100.42","100.02","100.9","96.59","93.07","94.61","95.38","94.85","92.69","94.79","96.51","97.89","95.93","92.44","93.69","93.44","93.31","93.37","93.41","94.45","100.75","100.62","99.16","98.82","98.82","99.37","98.83","97.97","97.59","97.85","97.55","97.45","96.94","97.36","96.38","95.24","97.43","97","97.38","100.64","100.04","99.75","99.05","97.91"
"4.2.1. 소비자물가지수","        소형주방가전","2020=100","0.8","원자료","104.815","136.401","119.356","130.603","112.259","112.942","117.91","113.491","101.856","108.109","92.429","98.83","118.92","111.36","99.08","99.08","95.71","94.32","93.3","93.3","91.88","101.08","101.52","100.45","100.26","93.23","92.77","95.76","97.96","99.83","102.54","102.26","101.97","105.57","109.58","110.29","112.76","108.51","107.54","106.43","105.67","106.82","103.73","97.23","101.52","98.22","101.44","102.04","110.38","111.52","114.04","114.54","114.54","114.11","113.91","113.81","113.46","113.51","115.4","114.71","115.29","114.89","115.38","116.71","107.18","105.75","105.83","105.28","106.43","113.45","103.47","112.61"
"4.2.1. 소비자물가지수","        보온매트","2020=100","0.4","원자료","102.295","102.295","102.295","102.295","102.295","102.295","102.295","102.295","102.295","102.295","99.909","99.909","99.92","99.92","99.92","99.92","99.92","99.92","99.92","99.92","99.92","100.25","100.25","100.25","100.25","100.25","100.25","100.25","100.25","100.25","100.25","100.25","100.25","100.25","100.25","97.64","97.64","96.57","96.57","96.57","96.57","96.57","96.57","96.57","96.57","96.57","99.08","93.7","93.7","93.7","93.7","93.7","93.7","93.7","93.7","93.7","93.7","93.7","104.28","104.28","104.28","104.28","104.28","104.28","104.28","104.28","104.28","104.28","104.28","104.28","109.39","109.39"
"4.2.1. 소비자물가지수","      가정용 기구 수리서비스","2020=100","4.9","원자료","101.223","101.223","101.223","101.223","101.223","101.223","101.223","101.223","101.223","104.958","104.958","104.958","100.46","100.76","100.76","100.76","100.76","100.76","100.76","100.76","98.55","98.55","98.55","98.55","102.2","102.2","102.71","102.71","102.71","102.71","102.71","104.01","102.14","102.14","101.48","101.48","101.49","101","101","100.43","101.36","101.36","102.8","102.8","102.8","102.8","102.8","101.93","103.22","105.99","106.55","106.67","107.06","107.06","107.06","107.06","106.6","106.6","106.6","106.6","108.92","108.92","109.22","109.22","109.91","105.99","112.91","112.91","109.45","109.45","110.01","109.47"
"4.2.1. 소비자물가지수","        가전제품수리비","2020=100","2.4","원자료","94.022","94.022","94.022","94.022","94.022","94.022","94.022","94.022","94.022","101.152","101.152","101.152","100.95","101.59","101.59","101.59","101.59","101.59","101.59","101.59","96.98","96.98","96.98","96.98","104.09","104.09","104.09","104.09","104.09","104.09","104.09","104.09","104.09","104.09","104.09","104.09","105.21","105.21","105.21","105.21","107.19","107.19","107.19","107.19","107.19","107.19","107.19","107.19","108.05","113.97","113.97","113.97","113.97","113.97","113.97","113.97","113.97","113.97","113.97","113.97","118.92","118.92","119.55","119.55","119.55","119.55","134.34","134.34","126.95","126.95","126.95","126.95"
"4.2.1. 소비자물가지수","        가전제품렌탈비","2020=100","2.5","원자료","109.13","109.13","109.13","109.13","109.13","109.13","109.13","109.13","109.13","109.13","109.13","109.13","100","100","100","100","100","100","100","100","100","100","100","100","100.46","100.46","101.43","101.43","101.43","101.43","101.43","103.94","100.34","100.34","99.08","99.08","98.02","97.11","97.11","96.03","96.03","96.03","98.72","98.72","98.72","98.72","98.72","97.11","98.75","98.75","99.82","100.05","100.77","100.77","100.77","100.77","99.91","99.91","99.91","99.91","99.91","99.91","99.91","99.91","101.21","93.84","93.84","93.84","93.84","93.84","94.89","93.88"
"4.2.1. 소비자물가지수","    주방용품 및 가정용품","2020=100","4","원자료","96.067","100.179","97.412","99.521","100.605","99.889","98.834","101.582","93.9","102.259","95.748","102.424","97.83","103.46","99.93","99.98","103.65","96.69","99.84","102.77","97.08","102.29","96.89","99.58","101.07","100.87","99.41","98.19","102.25","99.01","99.43","101.77","95.83","101.02","100.15","106.29","102.97","106.51","105.49","110.06","112.49","112.48","112.32","114.6","107.79","113.08","109.12","114.4","109.51","117.79","114.63","114.62","117.83","116.47","117.66","118.82","116.25","118.83","115.27","118.26","114.29","112.34","117.64","116.92","118.22","117.13","117.75","119.16","113.5","120.35","116.33","121.1"
"4.2.1. 소비자물가지수","      주방용품 및 가정용품","2020=100","4","원자료","96.067","100.179","97.412","99.521","100.605","99.889","98.834","101.582","93.9","102.259","95.748","102.424","97.83","103.46","99.93","99.98","103.65","96.69","99.84","102.77","97.08","102.29","96.89","99.58","101.07","100.87","99.41","98.19","102.25","99.01","99.43","101.77","95.83","101.02","100.15","106.29","102.97","106.51","105.49","110.06","112.49","112.48","112.32","114.6","107.79","113.08","109.12","114.4","109.51","117.79","114.63","114.62","117.83","116.47","117.66","118.82","116.25","118.83","115.27","118.26","114.29","112.34","117.64","116.92","118.22","117.13","117.75","119.16","113.5","120.35","116.33","121.1"
"4.2.1. 소비자물가지수","        식기","2020=100","0.8","원자료","85.328","95.609","94.509","95.66","95.515","95.319","93.861","97.109","98.047","100.143","99.257","100.169","96.19","102.04","97.79","95.28","102.02","100.32","102.47","100.96","99.74","101.68","101.6","99.88","92.65","100.73","102.01","94.75","100.49","102.35","102.32","102.37","97","92.52","102.97","101.33","93.01","103.2","101.48","106","111","111.93","109.61","114.55","108.04","104.61","109.78","108.29","112.55","121.22","118.61","112.95","119.41","118.89","120.47","121.56","119.49","119.81","123.94","124.02","114.11","118.47","120.84","116.48","119.9","121.37","122.91","119.85","120.37","123.44","123.22","122.76"
"4.2.1. 소비자물가지수","        컵","2020=100","0.5","원자료","104.758","100.719","105.281","105.949","104.914","99.662","103.222","99.172","99.929","98.682","97.024","100.919","100.85","99.18","99.32","99.97","102.58","102.8","98.82","101.97","100.6","98.78","98.7","96.43","96.6","96.64","95.36","99.86","97.83","96.82","96.74","100.37","93.65","99.43","95.39","96.66","98.73","96.68","100.46","103.38","98.75","102.44","103.78","104.7","100.28","105","102.11","105.72","105.72","103.56","102.44","102.26","104.38","103.73","102.76","103.29","102.87","107.45","99.37","101.82","104.37","104.54","104.03","106.61","105.49","105.56","105.72","102.31","101.07","103.43","98.98","102.58"
"4.2.1. 소비자물가지수","        솥","2020=100","0.2","원자료","98.888","98.995","98.976","83.611","89.676","99.276","99.14","94.684","99.634","102.57","97.987","102.327","95.35","102.5","102.18","95.7","97.5","102.46","93.63","97.48","103.08","103.26","103.38","103.5","103.61","99.41","103.71","99.25","99.07","104.45","94.19","105.1","98.4","105.94","103.24","109.61","111.04","114.75","115.21","107.76","115.66","115.74","103.79","115.95","104.96","116.29","116.41","116.6","116.9","117.51","117.67","117.7","117.73","117.9","107.55","120.07","115.69","120.61","121.17","120.95","121.11","114.38","120.81","116.98","117.32","122.63","106.02","120.92","110.47","122.54","122.56","122.57"
"4.2.1. 소비자물가지수","        프라이팬","2020=100","0.6","원자료","97.831","100.825","101.145","100.09","106.174","103.745","105.343","108.55","87.175","105.844","89.679","106.249","89.21","106.37","99.22","98.52","106.34","105.58","105.62","102.44","88.16","99.79","94.32","104.43","105.63","97.54","99.88","98.36","99.86","104.65","102.12","103.33","94.87","106.4","90.62","112.76","100.51","116.92","105.11","112.64","116.4","116.86","118.79","118.08","104.08","115.95","100.77","117.89","98.48","119.49","118.5","117.82","120.19","119.42","123.38","125.37","113.11","125.69","109.29","122.64","113.2","105.96","124.3","119.19","122.08","112.46","123.04","122.63","106.7","122.66","115.7","125.3"
"4.2.1. 소비자물가지수","        냄비","2020=100","0.5","원자료","98.093","104.094","97.767","101.805","102.843","104.114","99.527","104.216","92.112","102.762","90.505","104.094","94.34","104.26","94.72","99.89","103.77","103.93","99.88","103.82","98.03","104.23","89.67","103.45","104.91","102.27","102.79","106.07","108.67","108.58","103.83","109.92","98.66","110.2","99.42","112.18","101.28","119.14","111.96","117.65","119.6","117.28","118.26","120.51","109.91","120.19","111.37","123.64","107.03","123.68","114.94","121.72","124.21","119.93","121.33","123.88","117.26","123.03","113.53","115.84","114.61","107.54","119.64","116.85","123.2","122.29","115.85","125.46","108.59","123.37","115.37","126.48"
"4.2.1. 소비자물가지수","        수저","2020=100","0.3","원자료","98.025","98.102","98.314","98.602","98.737","98.727","99.227","99.39","99.39","99.487","99.487","99.035","98.88","100.66","99.67","100.81","100.79","99.55","99.09","100.99","99.63","101.04","99.06","99.84","100.51","97.76","100.64","99.72","101.78","99.88","99.4","100.89","96.82","101.68","100.7","100.83","100.47","103.31","101.9","106.96","106.95","103.06","104.35","108.06","104.9","107.45","105.68","109.31","107.28","111.74","109.96","108.81","111.48","110.85","111.25","111.07","111.57","111.01","110.27","111.41","106.92","106.34","110.91","111.08","110.32","108.58","110.41","112.15","106.6","112.26","109.35","112.01"
"4.2.1. 소비자물가지수","        밀폐용기","2020=100","0.7","원자료","106.764","106.764","95.196","106.957","107.1","102.823","99.697","106.56","82.692","106.061","94.015","105.145","106.61","107.28","106.86","107.38","107.97","72.03","93.9","107.93","94.82","107.26","93.86","94.11","107.93","106.95","93.83","92.72","106.4","80.9","92.14","93.43","87.4","94.88","103.98","108.81","115.64","96.04","105.28","114","118.85","117.98","119.2","118","112.61","121.63","115.11","119.74","114.42","122.02","114.83","118.7","122.68","119.15","123.15","122.12","124.74","120.05","121.86","123.62","121.05","117.45","119.49","125.2","122.96","124.11","122.58","126.36","123.77","127.21","122.39","128.6"
"4.2.1. 소비자물가지수","        부엌용용구","2020=100","0.4","원자료","92.563","96.578","97.324","97.499","97.518","97.932","98.697","100.097","100.953","100.916","98.835","100.649","100.3","101.18","99.82","99.99","101.04","98.34","100.46","100.93","99.82","100.46","99.85","97.81","98.08","101.05","100.54","100.41","100.39","102.05","101.61","102.7","105.7","106.79","106.38","106.64","107.81","108.48","108","107.55","107.92","107.49","107.58","110.51","111.87","113.16","111.94","112.38","113.47","114.03","114.53","113.64","114.26","115.25","115.65","114.01","116.51","115.99","115.52","115.77","116.23","116.4","113.52","114.91","114.75","112.88","116.89","116.11","117.4","119.2","115.6","119.45"
"4.2.1. 소비자물가지수","    가정·정원용 공구 및 장비","2020=100","3.1","원자료","100.087","100.077","100.205","100.205","100.186","100.205","98.559","98.608","98.795","98.756","99.377","99.426","98.75","98.55","99.03","99.21","98.61","98.81","99.17","98.89","100.84","101.8","101.98","104.36","104.18","104.39","104.36","104.8","104.46","105.46","105.72","105.5","105.98","105.87","105.76","108.03","109.46","110.34","111.07","111.54","111.84","111.63","111.96","112.66","112.79","112.64","112.68","112.81","112.85","113.37","113.57","114.48","114.56","114.63","114.82","114.41","114.5","113.75","113.63","115.28","115.77","115.87","116.55","116.93","116.45","116.3","117.22","117.57","117.12","116.65","117.58","117.84"
"4.2.1. 소비자물가지수","      가정·정원용 공구 및 장비","2020=100","3.1","원자료","100.087","100.077","100.205","100.205","100.186","100.205","98.559","98.608","98.795","98.756","99.377","99.426","98.75","98.55","99.03","99.21","98.61","98.81","99.17","98.89","100.84","101.8","101.98","104.36","104.18","104.39","104.36","104.8","104.46","105.46","105.72","105.5","105.98","105.87","105.76","108.03","109.46","110.34","111.07","111.54","111.84","111.63","111.96","112.66","112.79","112.64","112.68","112.81","112.85","113.37","113.57","114.48","114.56","114.63","114.82","114.41","114.5","113.75","113.63","115.28","115.77","115.87","116.55","116.93","116.45","116.3","117.22","117.57","117.12","116.65","117.58","117.84"
"4.2.1. 소비자물가지수","        보일러","2020=100","1.5","원자료","97.261","97.376","97.396","97.396","97.396","97.222","97.222","97.222","97.222","97.116","98.177","98.234","98.01","98.07","98.07","98.14","98.11","98.14","98.12","98.18","101.22","103.07","103.14","107.74","107.82","107.93","107.86","107.86","107.86","107.86","107.69","107.55","107.81","107.86","107.98","112.66","115.21","115.68","115.81","116.29","116.33","116.28","116.4","116.4","116.44","116.53","116.56","116.62","116.61","116.69","116.81","116.9","116.9","116.9","116.9","116.9","116.93","116.94","117.06","118.98","119.07","119.9","120.18","120.47","120.47","120.48","120.49","120.51","120.5","120.66","120.72","120.79"
"4.2.1. 소비자물가지수","        건전지","2020=100","0.3","원자료","95.851","94.912","96.246","96.326","96.062","97.423","96.501","97.019","99.275","99.477","99.784","100.012","97.7","100.33","100.58","100.29","98.87","100.5","100.51","98.25","100.57","100.63","101.02","100.77","98.59","101.09","101.02","101","97.43","103.13","103.77","100.65","104.77","104.11","103.69","101.76","102.02","104.3","107.56","107.56","110.32","109.52","113.06","111.6","114.8","114.97","115.76","116.85","116.78","117.44","117.36","124.3","125.36","126.54","126.92","124.95","128.01","126.08","124.92","131.2","132.03","130.24","129.81","132.9","129.96","132.88","130.9","132.96","133.64","131.2","131.13","136.72"
"4.2.1. 소비자물가지수","        소형가사용품","2020=100","1.3","원자료","105.651","105.651","105.651","105.651","105.651","105.651","101.183","101.183","101.183","101.183","101.183","101.183","100.07","98.78","100","100.45","99.26","99.34","100.32","100.06","100.37","100.29","100.57","100.48","100.42","100.21","100.23","101.41","101.41","102.65","103.42","103.82","103.7","103.5","103.12","103.05","103.5","104.5","105.3","105.84","105.88","105.61","105.48","107.35","106.92","106.42","106.33","106.32","106.42","107.37","107.72","108.14","108.09","107.98","108.33","107.84","107.34","106.07","105.93","106.25","107.06","106.8","108.17","108.02","107.59","106.6","109.1","109.39","108.26","107.58","109.62","108.91"
"4.2.1. 소비자물가지수","    일상 생활용품 및 가사 서비스","2020=100","10.1","원자료","97.674","99.137","99.572","99.304","99.23","99.008","100.017","98.952","99.545","99.508","98.683","98.776","99.53","99.1","99.54","99.86","100.22","100.26","99.96","100.19","99.7","100.67","100.52","100.45","101.36","101.54","100.94","101.75","102.2","103.26","103.71","104.16","104.16","104.94","105.06","105.33","106.54","107.47","106.88","109.49","111.66","112.17","113.79","114.41","113.05","114.79","115.6","116.71","118.38","118.63","119.38","120.22","121.76","120.93","121.92","121.95","124.52","124.49","123.77","124.12","124.08","124.79","125.26","124.5","123.92","126.88","126.71","126.63","127.29","127.61","128.06","127.22"
"4.2.1. 소비자물가지수","      비내구성 가정용품","2020=100","5.1","원자료","98.987","101.545","101.966","101.05","100.766","100.039","101.903","99.734","100.829","100.292","98.671","98.723","100.06","99.04","99.71","100","100.65","100.67","99.82","100.08","98.78","100.68","100.35","100.17","100.72","100.27","98.78","100.13","100.65","102.63","102.96","103.36","103.19","104.47","104.59","104.43","105.68","106.54","104.81","109.23","112.61","112.83","115.46","116.2","112.75","116.09","117.52","119.01","120.69","120.42","120.8","120.76","123.15","121.25","122.9","122.71","127.63","127.26","125.34","125.72","124.4","125.44","125.98","123.97","122.75","128.43","127.94","127.73","128.92","129.23","129.94","128.18"
"4.2.1. 소비자물가지수","        세탁세제","2020=100","1.7","원자료","97.581","104.878","104.313","101.068","99.648","98.493","102.985","101.899","102.13","100.791","95.41","98.239","101.19","99.79","100.61","97.78","99.49","100.83","99.04","100.64","100.77","101.38","99.53","98.92","99.32","97.28","97.29","96.5","97.52","98.28","97.77","98.14","98.89","100.93","101.41","100.73","104.15","103.07","100.35","109.34","111.82","110.37","117.03","118.36","116.13","114.59","117.15","115.04","118.16","118","118.67","119.71","123.48","119.5","121.58","120.62","135.4","132.96","127.19","131.29","125.98","127.82","127.96","123.52","118.41","132.84","133.13","132.54","132.08","129.67","131.14","129.86"
"4.2.1. 소비자물가지수","        섬유유연제","2020=100","0.1","원자료","113.771","113.204","111.428","107.394","110.096","99.673","108.899","103.768","103.805","102.362","98.958","107.875","104.39","106.77","99.87","102.4","100.97","98.37","105.35","99.52","99.36","95.93","91.11","95.98","103.96","96.25","99.83","100.73","98.88","102.55","103.17","99.52","101.33","105.26","105.4","109.23","108.87","109.42","109.06","112.91","111.53","107.69","109","109.86","104.14","109.22","107.8","116.74","125.79","116.43","117.86","118.24","120.86","118.08","116.93","116.42","117.09","117.49","118.14","116.61","115.55","127.01","137.15","135.02","139.05","138.25","140.73","136.1","137.48","143.05","147.88","141.24"
"4.2.1. 소비자물가지수","        전구","2020=100","0.2","원자료","102.143","102.437","100.389","102.448","102.317","99.104","99.965","99.801","99.997","100.684","97.819","100.64","97.95","100.6","101.99","102.57","102.51","99.95","99.9","97.64","98.27","99.75","99.38","99.51","98.24","100.59","98.12","99.89","97.02","100.65","100.89","100.25","99.97","100.55","95.31","99.97","104.48","101.65","101","99.87","104.63","105.95","107.56","105.36","107.16","107.87","105.34","108.29","105.12","110.76","110.24","106","110.06","111.38","108.37","110.65","108.44","108.87","106.36","103.29","108.24","102.61","109.05","109.26","109.45","105.39","109.96","103.83","100.87","106.97","105.64","107.81"
"4.2.1. 소비자물가지수","        부엌용세제","2020=100","0.6","원자료","99.703","98.324","99.437","99.887","98.313","98.722","98.722","99.008","98.497","98.977","99.315","98.436","96.38","97.2","101.19","99.82","99.76","99.96","99.79","101.28","101.22","101.52","101.33","100.55","100.62","100.47","94.25","100.89","100.66","100.65","98.09","97.7","99.51","100.07","100.07","100.65","102.11","103.29","105.43","105.05","107.97","109.44","110.05","110.44","111.15","111.02","110.34","114.61","114.62","113.38","114.71","114.65","115.05","115.4","115.62","115.77","116.53","116.72","117.05","117.11","117.21","121.33","121.38","118.84","118.88","118.86","118.89","118.91","118.03","118.36","119.09","119.35"
"4.2.1. 소비자물가지수","        청소용세제","2020=100","0.2","원자료","91.958","93.679","95.354","96.421","97.855","99.055","99.306","99.342","99.584","99.369","99.584","99.629","99.66","99.77","99.88","99.92","99.98","100.15","100.24","100.34","100.5","100.31","99.69","99.57","99.84","100.18","100.07","100.45","100.54","100.79","100.71","100.81","100.83","100.91","101.28","102.99","104.72","106.28","107.62","108","108.72","109.65","110.38","110.72","111.04","110.92","110.19","110.5","110.49","110.83","110.85","110.98","111.34","112.12","116.03","120.27","123.24","123.98","125.17","126","126.42","126.75","127.25","127.21","127.24","127.49","127.7","128.19","128.07","127.94","128.04","128.5"
"4.2.1. 소비자물가지수","        살충제","2020=100","0.3","원자료","95.453","95.462","95.741","95.806","93.945","91.796","91.312","92.066","93.648","93.899","93.843","94.169","94.35","94.25","94.69","96.67","100.23","102.22","102.64","102.51","102.88","103.07","103.13","103.38","103.41","103.5","103.62","105.53","107.11","106.66","106.5","107.89","107.44","107.47","107.8","107.67","108.02","108.67","109.13","114.64","117.8","119.4","119.08","119.06","119.74","119.65","119.67","119.78","119.99","120.12","120.49","121.74","124.25","124.47","124.29","123.15","123.92","124.13","124.53","125","125.06","125.3","125.76","129.24","130.96","129.35","129.04","130.87","130.58","130.84","130.85","131.31"
"4.2.1. 소비자물가지수","        가정용비닐용품","2020=100","0.6","원자료","88.938","90.296","94.139","97.344","97.948","98.42","99.041","99.008","99.588","99.638","97.021","99.704","98.96","99.71","99.87","99.91","99.75","99.77","99.42","100.4","100.42","100.53","100.68","100.6","100.86","99.74","100.53","100.86","99.24","106.13","107.07","107.81","107.38","108.53","108.78","107.54","110.73","112.09","109.34","111.76","111.09","116.33","115.58","117","116.89","119.18","118.85","119.49","121.02","121.4","121.9","118.33","122.59","123.83","122.83","120.61","123.08","120.85","122.39","119","123.06","123.69","124.02","122.46","123.17","123.96","124.85","129.72","130.57","132.4","133.81","131.43"
"4.2.1. 소비자물가지수","        키친타월","2020=100","1","원자료","100.967","101.263","103.543","102.705","103.472","104.545","105.005","97.859","101.846","102.552","104.576","96.959","102.65","97.33","99.33","103.36","102.8","102.78","99.81","98.53","91.02","99.61","102.52","100.25","100.26","103.23","99.18","101.07","103.38","108.38","112.01","112.8","110.52","111.41","111.85","111.41","107.93","111.7","107.06","109.86","119.49","118.25","119.38","120.03","106.57","124.35","128.47","133.9","135.02","133.83","132.49","132.78","133.73","131.09","135.48","135.47","133.68","136.44","135.35","131.73","131.47","130.03","130.11","128.26","129.46","135.29","130","128.85","133.44","136.04","134.14","128.33"
"4.2.1. 소비자물가지수","        방향제","2020=100","0.3","원자료","100.157","99.904","96.537","99.688","100.504","101.301","99.613","99.932","100.185","96.481","102.023","100.457","101.82","101.28","96.85","101.19","102.14","98.44","98.43","99.11","98.35","100.05","98.92","103.46","106.46","105.62","103.64","105.68","107.57","103.94","104.03","106.46","104.07","104.98","106.7","104.29","106.57","110.45","111.5","114.67","115.25","116.19","117.38","118.23","113.81","116.05","117.53","120.39","120.04","120.07","121.93","122.91","125.5","120.29","124.68","127.45","124.82","126.63","127.01","130.06","126.63","128.09","125.4","128.09","128.1","127.14","129.62","126.94","128.04","129.29","130.92","130.77"
"4.2.1. 소비자물가지수","        습기제거제","2020=100","0.1","원자료","109.32","109.639","109.719","105.018","104.629","110.158","95.975","94.368","96.185","95.127","95.566","95.686","96.76","95.44","95.51","99.05","101.77","100.44","100.97","99.85","100.26","103.13","103.35","103.47","100.55","100.17","102.72","102.76","104.04","101.11","101.15","102.24","101.48","103.93","102.9","99.91","98.39","97.95","98.23","103.32","105.09","105.34","105.74","104.77","104.93","105.15","105.23","109.66","119.2","121.14","123.49","124.37","118.36","118.81","117.14","117.81","116.73","116.46","116.56","116.23","116.96","117.85","121.1","121.49","121.21","119.85","115.89","117.41","143.22","139.72","148.11","148.6"
"4.2.1. 소비자물가지수","      가구내 고용 및 가사 서비스","2020=100","5","원자료","96.397","96.79","97.231","97.624","97.747","98.008","98.172","98.196","98.303","98.736","98.703","98.85","98.99","99.16","99.38","99.72","99.79","99.84","100.11","100.3","100.62","100.66","100.68","100.73","102","102.8","103.11","103.36","103.76","103.89","104.46","104.97","105.13","105.42","105.53","106.23","107.42","108.43","108.98","109.76","110.71","111.52","112.12","112.6","113.34","113.5","113.67","114.4","116.05","116.82","117.95","119.66","120.36","120.6","120.92","121.18","121.38","121.71","122.21","122.51","123.77","124.13","124.54","125.04","125.1","125.33","125.47","125.52","125.64","125.98","126.17","126.26"
"4.2.1. 소비자물가지수","        가사도우미료","2020=100","2.4","원자료","96.393","96.726","97.287","97.79","97.896","98.286","98.497","98.327","98.327","98.936","98.887","99.09","99.31","99.48","99.66","99.73","99.83","99.84","100.22","100.31","100.31","100.4","100.45","100.45","100.85","101","101.07","101.08","101.24","101.42","101.92","102.2","102.36","102.86","102.91","103.27","104.72","105.32","105.72","106.29","107.2","107.57","108.02","108.39","108.97","108.99","109.14","109.71","111.61","112.36","112.64","113.03","113.58","113.76","114.17","114.47","114.58","114.6","114.6","114.67","115.6","115.69","116.09","116.52","116.66","116.66","116.8","116.81","116.81","117.24","117.53","117.57"
"4.2.1. 소비자물가지수","        간병도우미료","2020=100","2.6","원자료","96.404","96.926","97.109","97.242","97.391","97.391","97.449","97.889","98.229","98.262","98.27","98.27","98.7","98.86","99.11","99.72","99.76","99.84","100.01","100.3","100.9","100.91","100.9","100.99","103.08","104.47","105.01","105.48","106.1","106.18","106.83","107.54","107.7","107.8","107.96","108.99","109.88","111.29","111.98","112.96","113.96","115.19","115.95","116.54","117.44","117.72","117.91","118.8","120.2","121","122.97","125.97","126.83","127.12","127.34","127.58","127.87","128.48","129.48","130.01","131.6","132.24","132.63","133.19","133.19","133.63","133.79","133.85","134.11","134.36","134.45","134.6"
"4.2.1. 소비자물가지수","  보건","2020=100","84","원자료","98.262","98.358","98.329","98.406","98.416","98.714","98.522","98.531","98.618","98.666","98.637","98.734","100.4","100.31","100.36","100.34","100.36","100.8","99.84","99.76","99.31","99.62","99.5","99.4","100.22","100.23","100.31","100.03","99.88","99.79","99.91","99.92","99.7","99.63","99.74","99.7","100.83","100.86","100.4","100.57","100.53","100.61","100.62","100.78","100.61","101.09","101.11","101.06","102.13","102.23","102.28","101.9","102.01","102.4","102.47","102.56","102.51","102.63","102.8","102.83","103.98","104.06","104.25","104.26","104.52","104.25","104.27","104.37","104.5","104.44","104.56","104.56"
"4.2.1. 소비자물가지수","    의료용품 및 장비","2020=100","35.3","원자료","97.598","97.986","97.996","98.483","98.523","99.318","98.9","98.92","99.298","99.408","99.437","99.696","100.58","100.95","100.94","100.86","100.9","101.93","99.57","99.34","98.35","99.07","98.89","98.63","98.55","98.58","98.71","98.65","98.29","98.05","98.35","98.34","98.4","98.23","98.51","98.39","98.41","98.48","98.23","98.59","98.47","98.63","98.63","98.97","98.61","99.71","99.74","99.63","99.86","100.09","100.19","99.26","99.47","100.4","100.54","100.76","100.62","100.9","101.29","101.4","101.59","101.78","102.2","102.2","102.83","102.13","102.15","102.37","102.68","102.47","102.72","102.69"
"4.2.1. 소비자물가지수","      의약품","2020=100","25","원자료","97.681","97.968","98.216","98.731","98.82","99.86","99.256","99.305","99.582","99.701","99.573","99.82","99.68","100.06","100.1","99.87","100.01","100.83","100.3","100.19","99.44","100.04","99.93","99.54","99.48","99.51","99.78","99.83","99.48","99.34","99.76","99.93","99.79","99.81","100.16","99.92","100.02","100.09","99.89","100.17","100.05","100.34","100.35","100.67","100.18","101.36","101.43","101.6","101.6","101.92","102.05","100.52","100.65","101.69","101.78","102.13","102.12","102.49","103.28","103.42","102.91","103.34","103.71","103.55","104.34","104.07","104.45","104.43","104.49","104.3","104.45","104.52"
"4.2.1. 소비자물가지수","        감기약","2020=100","0.4","원자료","98.005","98.274","98.66","98.83","99.144","99.449","99.709","99.745","99.772","99.79","99.826","99.907","99.91","99.86","99.88","99.96","100.02","100","100.03","100.03","100.03","100.09","100.09","100.1","100.03","100","100","100.09","100.09","100.16","100.16","100.16","100.21","100.18","100.23","100.25","100.49","100.55","100.79","101.79","102.4","102.92","103.01","103.11","104.06","105.85","110.15","113.42","116.01","117.39","118.6","119.7","120.52","120.76","120.78","120.84","121.13","121.97","122.59","124.06","125.21","125.76","126.07","126.77","126.96","126.96","126.96","126.91","126.78","127.1","127.1","127.05"
"4.2.1. 소비자물가지수","        진통제","2020=100","0.4","원자료","89.643","89.74","89.748","89.958","90.329","90.668","92.082","93.18","94.416","94.868","95.272","95.627","96.12","96.43","96.7","97.81","99.26","100.09","100.71","101.13","102.15","102.89","103.15","103.57","103.67","103.81","104.02","104.13","104.38","106.03","107.4","107.64","108.08","108.24","108.54","108.78","108.93","109.06","109.2","109.61","109.71","109.74","109.88","110.04","110.39","110.6","110.79","110.79","111.08","111.39","112.27","114.26","114.82","115.47","115.92","116.31","116.65","117.02","117.28","117.48","117.85","118.12","118.3","118.66","118.87","119.25","119.2","119.19","119.32","119.41","119.54","119.53"
"4.2.1. 소비자물가지수","        소화제","2020=100","0.3","원자료","85.558","85.768","86.204","88.763","91.766","94.208","96.011","96.825","97.731","98.092","98.822","98.864","99.25","99.51","99.81","99.81","99.92","99.92","100.17","100.3","100.3","100.33","100.32","100.35","100.35","100.43","100.66","100.83","100.87","100.9","100.95","101.05","101","100.99","101.28","101.43","101.67","101.97","102.21","102.44","102.74","103.16","103.43","103.72","104.04","104.06","104.57","104.68","104.93","105.41","106.06","106.55","106.92","107.24","108.65","110.95","113.11","114.17","115.46","116.65","117.25","117.58","117.73","118.35","118.3","118.38","118.64","118.85","119.3","119.89","120.33","120.53"
"4.2.1. 소비자물가지수","        위장약","2020=100","0.2","원자료","95.024","95.121","95.13","95.413","95.785","95.749","95.961","96.244","96.563","97.102","97.544","98.199","99.17","99.29","99.47","99.67","99.85","100.04","100.2","100.2","100.34","100.5","100.64","100.66","100.87","101.02","101.12","101.3","101.33","101.41","101.56","101.77","101.8","101.89","102.03","102.05","102.13","102.24","102.32","102.53","102.6","102.71","102.49","102.66","102.71","102.76","103.1","103.3","103.36","103.82","104","104.34","104.59","104.75","105.15","104.99","105.23","105.33","105.4","105.53","105.95","106.49","107.32","107.86","107.99","108.26","108.55","108.77","108.92","109.17","109.62","110.06"
"4.2.1. 소비자물가지수","        진해거담제","2020=100","0.2","원자료","92.242","92.919","93.976","94.804","96.089","96.241","97.04","97.253","97.701","98.089","98.127","98.135","98.58","98.96","99.46","99.68","99.94","99.94","99.97","100.05","100.3","100.69","101.01","101.43","101.58","101.96","102.19","102.34","102.48","102.48","102.43","102.35","102.48","102.73","102.73","102.73","102.83","103.25","103.34","103.76","103.9","104.23","104.48","104.63","104.92","105.13","105.52","105.81","106.12","106.62","106.81","106.73","106.77","107.04","107.22","107.58","107.89","108.35","108.7","108.81","108.99","109.16","109.31","109.45","109.73","110.18","110.35","110.35","110.45","110.56","111","110.96"
"4.2.1. 소비자물가지수","        소염진통제","2020=100","0.6","원자료","97.552","97.552","97.976","98.184","98.49","98.689","98.933","99.041","99.068","99.221","99.239","99.266","99.4","99.57","99.61","99.79","99.94","100.09","100.22","100.29","100.29","100.29","100.24","100.29","100.32","100.34","100.57","101.1","101.27","101.37","101.5","101.81","101.95","101.96","102.14","102.28","102.34","102.34","102.48","102.51","102.73","103.77","105.34","106.18","107.39","107.97","108.68","109.46","109.8","110.22","110.39","110.84","111.04","111.45","111.69","111.87","112.42","112.67","113.19","113.47","113.63","113.81","113.87","113.96","113.99","114.15","114.13","114.2","114.3","114.34","114.65","114.68"
"4.2.1. 소비자물가지수","        피부질환제","2020=100","0.3","원자료","91.828","93.313","95.099","96.877","97.65","98.183","98.45","98.468","98.779","99.125","99.125","99.383","99.52","99.56","99.72","99.72","99.96","100.02","100.22","100.22","100.2","100.27","100.32","100.29","100.29","100.33","100.33","100.32","100.35","100.47","100.52","100.56","100.64","100.67","100.7","100.82","100.87","100.98","100.96","101.05","101.23","101.34","101.37","101.37","101.48","101.5","101.54","101.54","101.54","101.73","101.83","101.84","101.96","102.08","102.11","102.11","102.33","102.55","104.87","106.66","108.01","108.67","109.23","110.09","110.33","110.61","111.11","111.29","111.6","111.69","112.01","112.4"
"4.2.1. 소비자물가지수","        치과구강용약","2020=100","0.3","원자료","86.689","86.61","86.593","86.523","88.092","92.076","95.738","96.627","98.205","98.981","99.207","99.443","99.57","99.67","99.8","99.81","99.89","99.99","100.04","100.04","100.16","100.16","100.4","100.46","100.58","100.78","100.9","101.04","101.25","101.26","101.3","101.37","101.39","101.34","101.39","101.44","101.49","101.57","101.56","101.65","101.68","101.7","101.7","101.75","101.82","101.89","101.97","101.99","102.07","102.1","102.15","102.15","102.29","102.28","111.23","111.22","111.41","111.62","111.79","112.03","112.05","111.97","112.09","112.16","111.96","111.99","111.97","112.06","112.06","112.05","112.17","112.17"
"4.2.1. 소비자물가지수","        조제약","2020=100","5.8","원자료","100.872","100.872","100.872","100.872","100.872","100.872","100.872","100.872","100.819","100.819","100.321","100.321","100.18","100.18","100.18","100.18","100.15","100.12","100.12","100.12","99.99","99.61","99.59","99.57","99.57","99.56","99.55","99.55","99.51","99.51","99.51","99.48","99.08","98.88","98.88","98.73","98.46","98.46","98.17","98.16","98.11","98.09","98.06","98.05","97.77","97.77","97.6","97.55","97.55","97.55","97.55","97.39","97.34","97.31","97.31","97.29","96.6","96.31","96.16","96.13","95.94","95.94","95.93","95.84","95.83","95.74","95","94.88","94.88","94.32","94.28","94.28"
"4.2.1. 소비자물가지수","        한방약","2020=100","2.7","원자료","90.922","91.944","93.05","93.878","95.154","96.125","96.708","96.708","97.916","98.499","98.744","99.2","99.69","99.6","99.84","99.99","99.95","100.02","99.99","99.95","100.14","100.26","100.23","100.33","100.36","100.37","100.66","100.86","100.75","101.19","101.37","101.67","101.84","101.98","102.12","102.29","103.04","103.32","103.46","104.1","104.48","104.9","105.35","105.53","105.67","105.75","106.17","106.43","107.87","109.51","110.64","111.78","112.46","113.32","113.85","114.3","114.54","114.95","115.27","115.38","115.96","117.09","119.43","121.32","123.32","125.58","126.63","127.38","128.94","129.57","130.05","130.33"
"4.2.1. 소비자물가지수","        인삼","2020=100","0.3","원자료","102.767","102.871","101.329","101.588","102.705","103.481","104.898","104.847","104.557","102.819","101.567","100.543","100.83","100.87","100.52","100.62","100.08","100.45","101.25","101.53","100.55","99.03","97.32","96.98","96.82","98.04","98.17","98.43","98.5","98.39","97.17","96.75","95.39","93.01","91.35","90.69","91.64","93.08","92.98","93.64","94.24","95.3","96.61","96.98","97.6","96.39","94.97","94.15","94.04","93.81","93.14","93.24","91.9","92.13","92.08","91.94","91.61","90.46","89.32","88.94","89.87","90.94","91.97","92.84","95.07","96.42","97.78","98.14","97.57","96.56","95.96","95.59"
"4.2.1. 소비자물가지수","        홍삼","2020=100","1.1","원자료","100","100","100","100","100","100","100","100","100","100","100","100","100","100","100","100","100","100","100","100","100","100","100","100","100","100","100","100","100","100","100","100","100","100","100","100","100","100","100","100","100","100","100","106.57","99.1","106.57","106.57","106.57","100.18","106.57","101.24","101.51","106.57","106.57","106.57","106.57","95.91","106.57","106.57","106.57","106.57","106.57","106.57","106.57","106.57","106.57","106.57","106.57","106.57","106.57","106.57","106.57"
"4.2.1. 소비자물가지수","        비타민제","2020=100","1.2","원자료","99.378","99.388","99.489","99.499","99.76","99.619","99.509","99.499","99.79","99.81","99.79","99.91","100.08","100.27","100.22","100.21","99.94","99.91","99.98","100.01","99.81","99.81","99.81","99.96","100.25","100.55","101.29","101.53","101.88","102.05","102.12","102.28","102.18","102.23","102.37","102.48","102.46","102.53","102.57","102.7","102.78","103.07","103.1","103.29","103.36","103.56","103.77","103.84","104.12","104.34","105.24","106.45","107.5","108.42","109.54","109.87","110.68","111.22","111.37","111.43","111.68","111.77","111.92","112.02","112.24","112.11","112.11","112.13","112.19","112.32","112.43","112.46"
"4.2.1. 소비자물가지수","        건강기능식품","2020=100","6.5","원자료","100.314","100.776","100.776","102.504","100.829","105.242","100.046","100.046","100.046","100.046","100.046","100.046","100.04","100.04","100.04","100.04","100.04","102.76","100.48","99.99","98.1","99.99","100.49","97.98","98.41","98.41","98.41","98.41","98.41","98.41","98.41","98.41","98.41","98.41","99.51","99.51","99.51","99.51","99.51","99.51","99.51","99.51","99.51","99.51","99.51","102.35","102.35","102.35","102.35","102.35","102.35","95.66","95.66","98.44","98.44","100.09","102.2","102.2","104.97","104.97","104.02","104.02","104.02","104.02","104.02","104.02","104.02","104.02","104.02","104.02","104.02","104.02"
"4.2.1. 소비자물가지수","        유산균","2020=100","1.2","원자료","","","","","","","","","","","","","94.93","102","102","96.81","99.49","102.53","102.08","101.98","96.75","101.98","97.87","101.58","98.12","98.12","101.67","101.67","94.87","90.59","98.08","100.67","100.68","102.67","104.08","99.94","101.43","101.73","100.7","104.36","100.48","104.36","102.6","102.2","99.14","100.62","100.53","102.57","103.81","99.94","103.33","103.62","99.37","102.93","99.57","96.1","97.27","95.2","95.55","97.04","89.89","95.53","97.51","90.04","101.52","89.4","100.15","98.89","96.47","95.27","97.01","97.83"
"4.2.1. 소비자물가지수","        병원약품","2020=100","3.5","원자료","100.796","100.796","100.796","100.796","100.796","100.796","100.796","100.796","100.753","100.753","100.303","100.303","100.22","100.22","100.22","100.18","100.11","100.09","100.09","100.09","99.96","99.64","99.63","99.55","99.55","99.5","99.49","99.49","99.44","99.44","99.44","99.42","99","98.81","98.81","98.7","98.37","98.35","97.59","97.58","97.54","97.52","97.47","97.42","97.19","97.19","97.03","97","97","97","97","96.86","96.77","96.74","96.73","96.69","95.97","95.75","95.62","95.6","95.46","95.46","95.43","95.16","95.12","95.56","94.87","94.71","94.71","94.25","94.22","94.21"
"4.2.1. 소비자물가지수","      의료용품 및 치료기기","2020=100","10.3","원자료","97.399","98.022","97.409","97.791","97.7","97.841","97.972","97.912","98.565","98.605","99.078","99.37","102.6","102.94","102.81","103.05","102.87","104.39","97.94","97.44","95.92","96.9","96.56","96.59","96.47","96.48","96.34","96.01","95.63","95.18","95.19","94.77","95.29","94.68","94.81","94.97","94.82","94.88","94.51","95.03","94.94","94.8","94.78","95.18","95.11","96.03","95.98","95.23","95.97","95.97","96","96.46","96.86","97.51","97.82","97.7","97.29","97.35","96.85","96.9","98.69","98.31","98.86","99.22","99.45","97.78","97.01","97.78","98.63","98.37","98.87","98.62"
"4.2.1. 소비자물가지수","        종이기저귀","2020=100","1.4","원자료","90.872","91.834","91.785","92.659","91.952","93.965","92.629","92.865","94.181","94.436","95.664","98.413","99.45","100.01","100.36","100.78","100.4","99.66","99.75","97.06","97.97","100.72","100.65","103.19","104.13","104.68","104.4","104.38","104.6","102.9","103.47","100.56","104.66","103.19","104.48","104.37","104.83","104.01","102.48","104.58","105.24","105.78","107.04","108.4","108.55","110.18","111.53","111.1","112.71","112.9","110.39","111.89","113.21","117.94","120.96","120.07","117.34","117.7","115.34","116.39","120.16","119.91","120.2","120.83","121.84","111","111.34","114.67","113.32","113.6","114.84","115.21"
"4.2.1. 소비자물가지수","        생리대","2020=100","1","원자료","95.98","99.906","99.399","98.993","99.713","97.431","99.906","97.512","100.342","99.399","101.245","98.841","100.75","101.51","99.61","101.24","100.42","99.97","99.6","99.76","100.73","99.74","98.66","98.03","97.72","99.34","99.99","100.88","101.1","100.82","101.3","101.4","101.83","97.46","100.8","103.22","102.89","104.88","106.5","111.41","109.98","108.84","107.71","110.7","110.87","116.86","115","108.8","114.86","114.48","117.77","116.02","116.93","117.77","117.55","117.38","116.68","117.17","114","112.67","122.54","118.8","123.17","122.5","122.67","123.41","113.78","118.22","123.46","119.19","123.41","119.77"
"4.2.1. 소비자물가지수","        마스크","2020=100","1.6","원자료","","","","","","","","","","","","","113.41","114.43","114.26","114.23","114.23","121.67","91.92","90.92","83.03","81.61","80.44","79.87","78.92","78.38","78.03","77.39","76.72","75.2","75.11","74.6","75.07","74.17","73.9","73.86","73.96","73.96","73.33","72.85","72.51","72.44","72.11","72.11","71.48","71.48","71.5","71.21","71.39","70.94","70.86","70.5","70.57","70.32","70.27","70.49","70.54","70.7","70.51","70.66","70.66","70.84","70.67","70.72","70.85","70.85","70.85","70.88","70.8","70.8","70.35","70.57"
"4.2.1. 소비자물가지수","        반창고","2020=100","0.1","원자료","","","","","","","","","","","","","99.7","100.01","99.58","100.18","99.97","99.99","99.81","99.69","99.91","100.51","100.4","100.28","100.57","100.51","100.9","100.48","100.12","99.6","99.54","99.54","99.54","99.56","99.56","99.51","99.52","99.59","99.63","99.66","99.71","99.86","99.86","99.74","99.82","99.85","99.84","99.86","99.86","99.92","99.97","100","100.06","100.12","100.25","100.37","100.48","100.58","100.66","100.66","100.86","100.98","101.12","101.47","101.52","101.55","101.63","101.63","101.7","101.69","101.73","101.74"
"4.2.1. 소비자물가지수","        안경","2020=100","1","원자료","101.093","100.91","100.106","100.096","100.34","100.259","100.411","100.391","100.35","100.391","100.493","100.086","100.11","100.13","100.1","100.33","100.24","99.87","99.69","99.94","99.89","99.77","100","99.91","99.91","99.91","99.79","99.73","99.31","99.42","99.07","99.02","99.18","99.2","99.17","99.31","99.2","99.2","97.88","98.19","98.19","98.24","98.24","98.33","98.5","98.5","98.39","98.52","99.39","100.3","100.86","101.17","101.31","101.42","101.39","101.16","100.85","100.69","101.1","101.18","101.1","100.96","100.98","101.21","101.19","101.21","101.12","101.17","101.1","101.19","101.54","101.25"
"4.2.1. 소비자물가지수","        콘택트렌즈","2020=100","1.4","원자료","101.659","101.627","98.999","98.873","98.588","98.071","99.147","100.16","100.339","100.92","100.561","100.339","100.67","100.47","100.39","100.53","99.8","100.27","99.94","99.92","99.93","99.67","99.51","98.9","98.9","98.52","98.09","97.8","96.09","96.8","96.61","96.81","96.03","96.5","96.18","96.02","95.58","95.38","94.84","94.27","94.39","93.69","93.57","93.4","93.38","93.53","93.7","92.82","92.02","92.15","92.28","94.23","95.15","95.53","95.32","95.15","95.15","94.91","95.18","95.12","95.25","94.83","95.56","97.85","98.26","98.24","98.31","98.15","97.97","98.38","98.73","98.73"
"4.2.1. 소비자물가지수","        의료측정기","2020=100","0.2","원자료","96.031","96.478","95.953","96.254","95.613","95.418","95.379","95.369","95.953","95.69","96.838","96.76","95.13","96.13","97.24","98.88","100.64","102.43","102.69","101.71","101.62","101.71","101.22","100.61","100.23","99.98","99.35","98.63","98.39","97.98","97.97","97.77","97.46","97.63","98.46","98.71","98.39","99","99.21","99.37","99.1","99.39","99.6","99.94","100.03","100.08","100","99.21","100.77","100.82","100.81","100.79","100.86","101.19","101.21","100.87","100.67","100.63","101.08","101.29","101.32","101.08","99.5","99.16","99.09","99.19","99.01","99.22","99.13","99","98.89","98.76"
"4.2.1. 소비자물가지수","        보청기","2020=100","0.6","원자료","100","100","100","100","100","100","100","100","100","100","100","100","100","100","100","100","100","100","100","100","100","100","100","100","100","100","100","100","100","100","100","100","100","100","100","100","100","100","100","100","100","100","100","100","100","100","100","100","100","100","100","100","100","100","100","100","100","100","100","100","100","100","101.85","101.85","101.95","101.95","101.95","101.95","101.95","101.95","101.95","101.95"
"4.2.1. 소비자물가지수","        건강기기렌탈비","2020=100","1.5","원자료","98.963","98.963","98.963","98.963","98.963","98.963","98.963","98.963","98.963","98.963","98.963","98.963","98.35","98.35","98.35","98.35","98.35","98.35","98.35","98.35","98.35","104.94","104.94","104.94","104.94","104.94","104.94","104.94","104.94","104.94","104.94","104.94","104.94","104.94","104.94","104.94","104.94","104.94","104.94","104.94","104.94","104.94","104.94","104.94","104.94","104.94","104.94","104.94","104.94","104.94","104.94","104.94","104.94","104.94","104.94","104.94","104.94","104.94","104.94","104.94","104.94","104.94","104.94","104.94","104.94","101.78","101.78","101.78","106.52","106.52","106.52","106.52"
"4.2.1. 소비자물가지수","        치료재료","2020=100","1.5","원자료","98.431","98.431","98.361","99.805","99.805","99.805","99.805","99.805","99.805","99.805","99.805","99.805","99.63","99.63","99.63","99.63","99.63","99.63","99.63","99.63","99.63","101.1","101.1","101.1","101.1","101.1","101.1","99.63","99.63","99.63","99.63","99.63","99.63","99.63","98.37","98.37","98.37","98.37","98.37","98.37","98.37","98.37","98.37","98.37","98.37","99.81","99.33","99.33","99.33","99.33","99.33","100.76","100.76","100.76","100.76","100.76","100.76","100.76","100.76","100.76","104.31","104.31","104.31","104.31","104.31","104.31","104.31","104.31","104.31","104.31","104.31","104.31"
"4.2.1. 소비자물가지수","    외래환자 서비스","2020=100","37.4","원자료","98.129","98.139","98.064","97.833","97.833","97.805","97.796","97.805","97.805","97.824","97.814","97.814","99.93","99.95","99.93","99.94","99.96","99.98","100.01","100.05","100.1","100.11","100.02","100.02","101.5","101.5","101.53","101.55","101.56","101.57","101.56","101.59","101.6","101.61","101.59","101.6","103.57","103.59","103.6","103.63","103.67","103.7","103.72","103.72","103.7","103.71","103.72","103.7","105.45","105.46","105.48","105.52","105.55","105.53","105.54","105.55","105.56","105.56","105.57","105.52","107.38","107.39","107.43","107.45","107.43","107.49","107.5","107.53","107.53","107.59","107.62","107.64"
"4.2.1. 소비자물가지수","      의료서비스","2020=100","24.5","원자료","97.942","97.942","97.951","97.648","97.648","97.648","97.63","97.63","97.63","97.63","97.63","97.63","99.97","99.98","99.98","99.99","99.99","100.01","100.01","100.01","100.01","100.01","100.01","100.01","101.91","101.91","101.93","101.94","101.95","101.95","101.95","101.95","101.96","101.96","101.96","101.96","104.36","104.37","104.39","104.37","104.4","104.4","104.41","104.41","104.41","104.41","104.42","104.42","106.45","106.45","106.47","106.49","106.52","106.52","106.52","106.52","106.52","106.52","106.53","106.53","108.59","108.6","108.62","108.64","108.64","108.66","108.68","108.68","108.68","108.68","108.68","108.68"
"4.2.1. 소비자물가지수","        외래진료비","2020=100","20.5","원자료","97.654","97.654","97.654","97.654","97.654","97.654","97.654","97.654","97.654","97.654","97.654","97.654","100","100","100","100","100","100","100","100","100","100","100","100","101.83","101.83","101.83","101.83","101.83","101.83","101.83","101.83","101.83","101.83","101.83","101.83","104.19","104.19","104.19","104.19","104.19","104.19","104.19","104.19","104.19","104.19","104.19","104.19","106.11","106.11","106.11","106.11","106.11","106.11","106.11","106.11","106.11","106.11","106.11","106.11","108.22","108.22","108.22","108.22","108.22","108.22","108.22","108.22","108.22","108.22","108.22","108.22"
"4.2.1. 소비자물가지수","        건강검진비","2020=100","1.2","원자료","99.233","99.224","99.358","99.445","99.445","99.349","99.349","99.349","99.349","99.32","99.32","99.32","99.54","99.6","99.7","99.85","99.89","100.2","100.2","100.2","100.2","100.2","100.2","100.2","100.15","100.15","100.57","100.76","100.88","100.88","100.88","100.94","101.06","101.06","101.06","101.13","101.38","101.55","101.73","101.65","101.94","102.06","102.28","102.23","102.23","102.23","102.45","102.49","102.93","102.95","103.35","103.66","104.07","104.07","104.19","104.19","104.19","104.15","104.25","104.33","104.3","104.47","104.94","105.4","105.4","105.54","105.92","105.92","105.92","105.92","105.92","105.92"
"4.2.1. 소비자물가지수","        한방진료비","2020=100","1","원자료","102.687","102.687","102.687","97.442","97.442","97.442","97.129","97.129","97.129","97.129","97.129","97.129","100","100","100","100","100","100","100","100","100","100","100","100","102.86","102.86","102.86","102.86","102.86","102.86","102.86","102.86","102.86","102.86","102.86","102.86","106.07","106.07","106.07","106.07","106.07","106.07","106.07","106.07","106.07","106.07","106.07","106.07","109.27","109.27","109.27","109.27","109.27","109.27","109.27","109.27","109.27","109.27","109.27","109.27","113.18","113.18","113.18","113.18","113.18","113.18","113.18","113.18","113.18","113.18","113.18","113.18"
"4.2.1. 소비자물가지수","        약국조제료","2020=100","1.8","원자료","96.595","96.595","96.595","96.595","96.595","96.595","96.595","96.595","96.595","96.595","96.595","96.595","100","100","100","100","100","100","100","100","100","100","100","100","103.3","103.3","103.3","103.3","103.3","103.3","103.3","103.3","103.3","103.3","103.3","103.3","107.05","107.05","107.05","107.05","107.05","107.05","107.05","107.05","107.05","107.05","107.05","107.05","110.91","110.91","110.91","110.91","110.91","110.91","110.91","110.91","110.91","110.91","110.91","110.91","112.84","112.84","112.85","112.85","112.85","112.85","112.85","112.85","112.85","112.85","112.85","112.85"
"4.2.1. 소비자물가지수","      기타의료서비스","2020=100","12.9","원자료","98.479","98.499","98.271","98.142","98.132","98.082","98.092","98.102","98.122","98.162","98.142","98.142","99.85","99.9","99.83","99.86","99.91","99.92","100.02","100.11","100.24","100.27","100.03","100.04","100.81","100.8","100.86","100.88","100.9","100.92","100.91","100.99","101","101.01","100.97","100.99","102.22","102.27","102.27","102.38","102.46","102.54","102.59","102.59","102.51","102.55","102.55","102.5","103.69","103.71","103.73","103.83","103.88","103.83","103.86","103.89","103.91","103.91","103.93","103.79","105.28","105.28","105.31","105.34","105.29","105.44","105.44","105.52","105.54","105.72","105.81","105.87"
"4.2.1. 소비자물가지수","        치과진료비","2020=100","6.1","원자료","97.485","97.485","97.1","97.1","97.1","97.1","97.1","97.1","97.1","97.1","97.1","97.1","100.07","100.07","100.07","100.07","100.07","100.07","100.07","100.07","100.07","100.07","99.63","99.63","101.11","101.11","101.11","101.11","101.11","101.11","101.11","101.11","101.11","101.11","101.11","101.11","103.39","103.39","103.39","103.39","103.39","103.39","103.39","103.39","103.39","103.39","103.39","103.39","106.02","106.02","106.02","106.02","106.02","106.02","106.02","106.02","106.02","106.02","106.02","106.02","109.43","109.43","109.43","109.43","109.43","109.43","109.43","109.43","109.43","109.43","109.43","109.43"
"4.2.1. 소비자물가지수","        치과보철료","2020=100","6.8","원자료","99.399","99.43","99.357","99.108","99.098","98.983","99.004","99.025","99.066","99.139","99.108","99.108","99.61","99.73","99.57","99.63","99.75","99.77","99.97","100.16","100.42","100.48","100.45","100.47","100.49","100.47","100.6","100.64","100.67","100.72","100.7","100.86","100.88","100.91","100.83","100.87","101.02","101.12","101.12","101.33","101.48","101.63","101.71","101.72","101.59","101.64","101.65","101.56","101.48","101.52","101.56","101.73","101.82","101.74","101.79","101.85","101.89","101.89","101.92","101.66","101.45","101.46","101.52","101.57","101.47","101.78","101.78","101.91","101.94","102.29","102.46","102.55"
"4.2.1. 소비자물가지수","    병원 서비스","2020=100","11.3","원자료","100.527","100.177","100.167","100.167","100.137","100.137","99.867","99.867","99.436","99.436","99.196","99.196","101.26","99.58","100","100.05","100.05","100.05","100.06","100.07","99.72","99.72","99.72","99.72","101.16","101.17","101.17","99.48","99.48","99.48","99.49","99.5","97.9","97.9","97.9","97.9","99.92","99.83","97.29","97.31","97.31","97.31","97.31","97.31","97.32","97.32","97.32","97.32","98.95","98.95","98.97","98.97","98.97","98.97","98.98","98.98","98.99","98.99","98.99","99","100.88","100.88","100.9","100.9","100.91","100.91","100.92","100.92","100.93","100.92","100.93","100.93"
"4.2.1. 소비자물가지수","      병원 서비스","2020=100","11.3","원자료","100.527","100.177","100.167","100.167","100.137","100.137","99.867","99.867","99.436","99.436","99.196","99.196","101.26","99.58","100","100.05","100.05","100.05","100.06","100.07","99.72","99.72","99.72","99.72","101.16","101.17","101.17","99.48","99.48","99.48","99.49","99.5","97.9","97.9","97.9","97.9","99.92","99.83","97.29","97.31","97.31","97.31","97.31","97.31","97.32","97.32","97.32","97.32","98.95","98.95","98.97","98.97","98.97","98.97","98.98","98.98","98.99","98.99","98.99","99","100.88","100.88","100.9","100.9","100.91","100.91","100.92","100.92","100.93","100.92","100.93","100.93"
"4.2.1. 소비자물가지수","        입원진료비","2020=100","10.2","원자료","98.542","98.542","98.533","98.533","98.533","98.533","98.214","98.214","98.214","98.214","98.214","98.214","100","100","100","100","100","100","100","100","100","100","100","100","101.48","101.48","101.48","101.48","101.48","101.48","101.48","101.48","101.48","101.48","101.48","101.48","103.03","103.03","103.03","103.03","103.03","103.03","103.03","103.03","103.03","103.03","103.03","103.03","104.78","104.78","104.78","104.78","104.78","104.78","104.78","104.78","104.78","104.78","104.78","104.78","106.75","106.75","106.75","106.75","106.75","106.75","106.75","106.75","106.75","106.75","106.75","106.75"
"4.2.1. 소비자물가지수","        병원검사료","2020=100","1.1","원자료","114.966","112.071","112.071","112.058","111.807","111.845","111.883","111.895","108.323","108.335","106.342","106.342","109.9","96.69","100.03","100.4","100.42","100.42","100.45","100.53","97.77","97.78","97.8","97.83","98.97","99.04","99.06","85.75","85.75","85.75","85.8","85.86","73.27","73.23","73.23","73.24","75.37","74.76","58.46","58.57","58.57","58.59","58.61","58.61","58.64","58.65","58.67","58.67","59.43","59.43","59.53","59.61","59.64","59.64","59.67","59.68","59.73","59.73","59.76","59.83","61.03","61.05","61.16","61.18","61.22","61.22","61.27","61.32","61.34","61.29","61.36","61.37"
"4.2.1. 소비자물가지수","  교통","2020=100","110.6","원자료","98.899","98.699","99.289","100.769","103.049","103.299","102.569","102.579","102.979","103.589","103.109","103.569","105.09","105.06","101.88","98.28","96.06","97.63","99.62","99.83","99.4","99.05","98.59","99.51","101.82","102.55","103.97","104.71","104.66","105.53","107.07","107.9","107.59","109.31","111.48","109.41","109.3","111.16","116.96","118.93","119.61","123.38","123.54","117.64","115.72","115.34","115.43","113.15","112.34","111.38","110.87","111.79","111.52","109.74","110.25","114.09","115.28","117.29","114.98","112.89","111.97","113.64","114","115.02","115.74","114.01","116","116.17","113.9","112.56","113.69","114.32"
"4.2.1. 소비자물가지수","    운송장비","2020=100","28.4","원자료","99.434","99.264","99.064","99.464","99.294","98.994","99.274","98.794","98.443","98.503","97.382","98.183","100.2","101.5","98.59","98.58","98.84","98.88","101.02","100.76","100.27","100.76","100.61","99.98","100.72","100.68","101.6","101.55","101.14","101.17","101.44","101.5","101.27","102.44","102.57","103.3","104.03","104.17","104.24","103.86","104.57","105.06","105.41","105.59","105.67","107","107.18","106.23","106.2","105.07","104.99","105.51","105.56","105.06","106.06","106.04","105.53","108.08","107.09","106.47","107.05","109.02","108.85","109.31","109.21","109.15","108.52","108.46","108.75","107.96","109.34","108.24"
"4.2.1. 소비자물가지수","      운송장비","2020=100","28.4","원자료","99.434","99.264","99.064","99.464","99.294","98.994","99.274","98.794","98.443","98.503","97.382","98.183","100.2","101.5","98.59","98.58","98.84","98.88","101.02","100.76","100.27","100.76","100.61","99.98","100.72","100.68","101.6","101.55","101.14","101.17","101.44","101.5","101.27","102.44","102.57","103.3","104.03","104.17","104.24","103.86","104.57","105.06","105.41","105.59","105.67","107","107.18","106.23","106.2","105.07","104.99","105.51","105.56","105.06","106.06","106.04","105.53","108.08","107.09","106.47","107.05","109.02","108.85","109.31","109.21","109.15","108.52","108.46","108.75","107.96","109.34","108.24"
"4.2.1. 소비자물가지수","        소형승용차","2020=100","1","원자료","101.074","100.935","100.876","101.074","100.787","100.925","100.925","100.342","100.045","100.649","99.017","99.897","102.63","102.63","98.24","98.16","97.78","97.78","100.69","100.28","100.28","100.69","100.41","100.41","100.82","100.55","100.55","101.09","100.83","100.83","100.83","100.96","100.96","100.96","100.96","100.96","101.02","101.02","102.23","102.23","102.23","102.23","102.23","102.23","102.37","102.37","102.37","102.37","102.37","102.37","102.99","102.99","103.34","103.34","104.11","104.13","104.13","104.13","104.13","104.13","104.13","104.13","104.13","104.13","104.13","104.13","105","105","105","105","105","105"
"4.2.1. 소비자물가지수","        중형승용차","2020=100","1","원자료","97.491","96.538","94.947","98.789","98.718","99.001","99.873","98.637","98.322","97.785","97.41","97.886","101.83","101.83","97.37","97.37","98.12","98.2","101.29","100.72","101.29","100.59","100.79","100.58","101.37","100.94","99.91","99.42","99.45","99.33","99.36","99.36","99.36","100.16","100.16","100.16","100.12","100.12","100.12","100.12","100.12","100.19","100.19","101.49","101.49","101.49","101.49","101.49","101.49","101.49","101.49","101.87","103.4","103.4","104.16","104.16","104.15","104.15","104.89","104.89","104.97","104.97","104.97","104.97","104.97","104.82","104.6","104.6","104.6","104.6","105.61","105.82"
"4.2.1. 소비자물가지수","        대형승용차","2020=100","3.2","원자료","100.148","100.148","99.825","99.825","99.825","99.825","100.48","100.167","100.167","97.468","96.686","100.47","102.37","102.37","98.66","98.66","98.66","98.66","100.45","100.23","99.7","99.88","100.18","100.18","100.69","100.69","100.92","102.09","102.09","102.09","102.16","102.16","102.16","102.16","102.16","102.16","102.43","102.43","102.43","102.43","105.14","105.14","105.14","105.14","105.14","105.14","107.72","107.72","107.72","107.72","107.72","107.72","107.72","107.72","108.47","108.47","108.47","108.62","108.62","108.62","109.2","109.2","109.2","109.2","109.2","109.5","109.5","111.93","111.93","111.93","111.69","111.8"
"4.2.1. 소비자물가지수","        경승용차","2020=100","0.6","원자료","100.237","100.237","99.639","99.639","99.639","100.701","100.701","100.701","99.783","99.6","98.837","99.754","100.96","99.63","99.63","98.42","100.63","99.63","100.63","99.3","100.96","100.96","99.63","99.63","100.96","100.07","100.07","100.07","100.07","100.07","102.06","102.06","102.06","102.06","102.06","102.06","102.06","102.06","102.06","102.06","102.06","102.06","102.06","102.06","102.06","102.06","102.06","102.06","102.06","101.42","101.42","101.42","100.35","100.35","103.32","103.32","103.32","103.32","103.32","103.32","103.32","103.32","103.32","103.32","103.32","104.08","104.08","104.08","104.08","104.08","105.55","105.55"
"4.2.1. 소비자물가지수","        다목적승용차","2020=100","7.7","원자료","100.672","100.63","100.806","100.404","100.435","100.424","100.311","99.857","99.177","98.93","97.981","98.775","101.43","100.73","98.06","98.08","97.98","97.98","101.29","100.89","101.08","101.1","100.67","100.72","101.26","101.29","101.41","101.19","101.55","101.55","102.13","102.28","102.28","102.28","102.28","104.74","105.59","105.59","105.59","105.59","105.59","105.59","106.82","107.06","107.36","107.52","107.52","107.52","107.74","107.74","107.74","107.74","107.7","107.53","108.4","109.35","109.84","109.84","109.84","109.9","109.9","109.9","109.9","109.9","109.9","109.9","109.75","109.75","110.77","110.77","112.24","112.3"
"4.2.1. 소비자물가지수","        수입승용차","2020=100","9.3","원자료","97.446","97.317","97.357","97.771","97.209","95.669","96.073","95.639","95.501","98.364","96.478","94.928","96.54","102.03","99.21","99.21","99.94","99.94","101.35","101.35","99.4","101.1","101.1","98.83","99.92","99.96","103.03","102.5","100.66","100.6","100.66","100.66","99.85","103.78","104.22","104.09","105.18","105.48","105.48","104.24","104.62","106.09","106.17","106.17","106.17","110.1","109.81","106.85","106.42","102.48","102.08","103.67","103.7","102.3","103.7","102.84","100.88","108.7","105.72","103.53","105.08","111.14","110.31","111.72","111.52","111.08","109.36","108.08","108.13","105.88","108.69","105.16"
"4.2.1. 소비자물가지수","        전기동력차","2020=100","5.1","원자료","","","","","","","","","","","","","101.48","101.48","99.65","99.65","99.65","99.65","100.01","100.01","100.01","100.01","99.12","99.29","99.79","99.39","99.79","99.69","99.85","100.38","100.55","100.55","100.55","100.55","100.55","100.55","100.6","100.6","100.6","100.6","102.12","102.12","102.12","102.47","102.47","102.47","102.47","102.47","102.47","103.06","103.06","103.06","103.06","103.06","103.61","103.61","103.61","103.61","103.36","103.75","103.8","103.8","104.36","104.34","104.17","104.4","104.1","104.48","104.51","104.2","104.39","104.42"
"4.2.1. 소비자물가지수","        자전거","2020=100","0.5","원자료","98.984","98.285","97.557","97.314","97.071","97.061","96.887","96.838","96.576","96.527","96.43","96.498","96.47","96.63","96.61","97.41","97.57","101.22","101.22","101.07","101.24","101.29","104.65","104.64","106.49","108.85","110.01","110.42","110.46","110.65","110.74","110.69","110.75","110.79","110.94","110.94","117.54","120.96","122.63","123.43","123.75","124.08","124.03","124.06","124.16","124.12","124.2","124.27","126.84","130.97","132.21","132.48","132.61","132.56","132.62","132.69","132.62","132.34","132.25","132.09","132.22","132.31","132.4","132.52","132.43","132.5","132.52","132.31","132.34","132.34","132.18","132.15"
"4.2.1. 소비자물가지수","    개인운송장비 운영","2020=100","60.3","원자료","100.444","99.824","100.958","103.635","108.297","108.927","106.816","106.806","108.36","109.084","108.822","109.305","110.15","109.31","104.85","97.65","93.02","96.13","98.59","98.86","98.51","97.48","96.65","98.79","102.85","104.26","106.64","108.06","108.13","109.85","112.54","114.03","113.7","116.51","120.73","115.92","115.3","118.99","130.55","134.52","135.16","142.17","141.79","129.52","126.37","124.91","125.18","120.82","119.03","117.63","116.73","118.52","118.03","114.51","114","120.34","123.33","124.72","120.76","116.85","114.32","116.53","117.67","119.39","120.79","117.26","121.47","121.37","117.21","115.02","116.71","118.3"
"4.2.1. 소비자물가지수","      개인운송장비 연료 및 윤활유","2020=100","43.2","원자료","100.686","99.851","101.153","104.908","111.235","112.049","109.097","109.064","111.213","112.179","111.777","112.483","114.12","113.04","108.1","97.56","89.98","94.5","97.99","98.08","97.67","96.11","94.85","98.02","103.91","105.88","109.67","111.4","111.65","113.95","117.87","119.76","119.61","123.07","129.05","121.61","120.34","125.9","143.52","148.89","149.28","157.56","156.77","139.82","135.84","132.28","132.69","127.07","123.34","121.88","120.49","122.49","120.75","115.73","115.1","125.39","130.54","132.04","126.82","120.49","117.32","120.48","122.4","124.48","124.96","121.07","125.33","125.25","119.78","116.93","120.02","122.06"
"4.2.1. 소비자물가지수","        휘발유","2020=100","24.1","원자료","98.056","97.171","98.514","102.576","109.214","110.197","107.729","107.915","110.393","111.54","110.895","111.725","113.37","111.92","107.26","97.28","90.37","94.91","98.43","98.51","98.03","96.49","95.24","98.19","104.17","105.74","109.13","110.92","111.19","113.71","117.47","119.01","118.62","122.06","127.11","118.78","117.52","123.23","138.99","142.49","141.17","149.4","147.42","129.14","124.76","119.58","118.49","113.03","112.49","113.8","114.69","118.23","117.86","113.87","113.82","123.23","127.13","127.84","121.3","115.37","112.63","116.11","118.16","121.03","122.37","118.8","122.83","122.39","116.9","114.23","117.18","118.68"
"4.2.1. 소비자물가지수","        경유","2020=100","16.3","원자료","104.995","104.1","105.715","109.885","115.713","116.215","113.399","113.334","115.56","116.51","115.571","115.909","117.29","115.28","108.95","96.83","89.06","93.81","97.66","97.77","97.2","95.22","93.72","97.2","104.08","105.85","109.76","111.72","111.97","114.88","119.16","120.83","120.35","124.48","131.08","123.08","121.24","128.09","151.41","159.05","163.22","173.12","175.11","157.59","154.5","153.18","156.73","150.03","140.09","134.19","128.66","128.42","123.96","116.87","116.53","131.01","138.68","141.12","136.11","127.89","123.38","126.57","128.65","129.74","128.79","123.65","128.82","128.54","122.07","118.36","121.92","124.62"
"4.2.1. 소비자물가지수","        자동차용LPG","2020=100","2.8","원자료","101.296","100.888","100.755","100.643","106.826","107.785","101.071","99.622","99.092","99.041","102.449","103.745","103.84","110.68","110.7","103.68","91.45","94.68","96.02","96.06","97.08","97.56","97.44","100.81","100.83","107.24","113.72","113.77","113.8","111.06","114.47","120.45","123.93","124.16","134.67","137.56","135.58","132.78","136.95","147.16","143.44","143.35","138.97","137.57","132.85","132.49","130.29","129.01","128.76","125.3","124.91","124.76","124.69","121.34","114.07","109.87","112.96","116.9","122.71","122.75","122.69","122.66","122.62","122.64","122.64","122.57","124.1","128.31","128.5","128.49","130.13","133.72"
"4.2.1. 소비자물가지수","      개인운송장비 소모품 및 유지·수리","2020=100","9.8","원자료","98.607","98.531","99.476","98.932","99.008","99.151","99.218","99.218","99.294","99.333","99.504","99.495","100.01","99.76","99.55","99.89","99.97","99.87","99.98","100.04","100.01","100.18","100.31","100.45","100.5","100.78","101.34","102.49","101.9","102.63","101.86","102.46","102.55","103.13","103.42","103.94","105.19","105.38","106.14","106.44","106.87","107.49","108.4","107.61","108.1","108.86","109.75","110.1","111.1","112.31","112.92","113.64","113.96","114.19","113.77","114.21","114.27","115.05","114.78","114.85","116.03","116.09","115.59","115.82","116.47","115.92","115.92","116.42","116.2","116.13","117.28","117.41"
"4.2.1. 소비자물가지수","        자동차용품","2020=100","0.9","원자료","101.605","98.51","107.564","100.387","100.453","102.735","102.351","102.186","101.495","101.21","102.483","98.916","104.34","100.31","96.87","100.69","100.82","98.5","99.93","99.93","99.65","99.76","99.71","99.48","99.32","98.45","96.6","103.17","94.21","102.5","92.09","99.3","93.92","99.47","94.87","98.41","107.14","106.38","105.72","104.51","104.75","105.79","108.6","98.5","100.98","104.47","109.62","109.62","110.08","114.84","109.76","114.07","115.37","117.66","109.67","113.09","113.29","117.47","112.74","110.82","116.72","114.92","108.96","109.59","115.26","108.81","107.61","111.32","107.61","106.27","115.61","115.61"
"4.2.1. 소비자물가지수","        블랙박스","2020=100","0.2","원자료","100.176","100.079","100.1","101.511","101.522","101.436","101.012","101.24","100.665","100.621","100.567","100.578","100.54","100.51","100.29","100.29","100.16","100.23","100.23","100.19","99.42","99.3","99.45","99.4","99.45","99.36","99.6","99.53","99.43","99.33","98.95","98.84","98.99","98.96","98.96","100.01","100.42","98.59","98.7","98.62","98.45","98.38","98.27","98.39","98.43","98.4","98.23","102.61","102.41","102.56","102.53","102.69","101.97","100.44","100.12","103.15","102.82","102.61","102.62","102.54","102.45","102.43","102.27","101.63","101.62","101.5","101.41","102.96","102.86","102.78","102.74","102.74"
"4.2.1. 소비자물가지수","        자동차타이어","2020=100","0.9","원자료","101.288","101.111","100.922","100.788","100.844","100.844","100.733","100.677","101.211","100.888","100.699","100.521","100.62","100.61","100.39","100.17","100.02","99.9","99.71","99.72","99.65","99.78","99.69","99.74","99.75","99.69","103.82","104.48","104.82","104.86","104.84","104.82","107.34","107.99","108.14","108.37","108.51","108.62","113.83","114.83","115.02","115.24","115.2","115.44","115.69","115.79","116.22","116.39","116.48","116.56","120.41","120.82","121.08","120.93","120.9","120.98","121.02","120.86","120.98","120.97","121.05","120.55","120.37","120.29","120.06","120.2","120.16","120.22","120.17","120.09","120.13","119.8"
"4.2.1. 소비자물가지수","        자동차수리비","2020=100","6.3","원자료","98.514","98.721","98.947","98.881","98.928","98.872","98.966","98.947","99.023","99.117","99.211","99.532","99.63","99.65","99.76","99.8","99.91","99.99","99.99","100.07","100.07","100.22","100.38","100.55","100.58","100.89","101.28","101.94","102.03","102.09","102.1","102.1","102.44","102.47","103.25","103.44","103.99","104.24","104.55","104.76","105.22","105.73","106.46","106.59","106.87","107.38","107.81","108.04","109.21","110.12","110.96","111.21","111.35","111.41","111.81","111.83","111.83","112.33","112.43","112.76","113.4","113.73","113.74","113.91","114","114.04","114.16","114.28","114.43","114.48","114.78","114.9"
"4.2.1. 소비자물가지수","        엔진오일교체료","2020=100","1","원자료","96.535","96.95","97.241","97.302","97.426","97.435","98.061","98.211","98.316","98.378","98.51","98.89","99.01","99.54","99.46","99.68","99.82","100.08","100.2","100.28","100.34","100.5","100.54","100.57","100.66","102.12","102.99","104.33","104.65","105.01","105.44","105.77","106.29","106.77","107.77","108.19","109.15","109.76","110.99","112.66","113.39","115.05","116.54","116.93","117.46","118.24","118.91","119.42","120.37","121.32","123.1","123.6","124.42","124.76","125.37","125.53","125.76","126.63","127.32","127.5","128.64","128.88","129.26","129.61","130.12","130.13","130.43","130.57","130.93","130.98","131.53","132.24"
"4.2.1. 소비자물가지수","        세차료","2020=100","0.5","원자료","93.931","94.132","95.19","95.801","96.056","96.18","96.234","96.489","97.586","97.748","97.957","98.66","98.81","99.12","99.45","99.56","99.56","99.8","99.8","99.83","100.06","100.74","101.31","101.96","102.68","103.16","103.87","104.23","104.3","104.34","104.87","104.97","105.62","106.2","106.69","107.54","109.6","110.88","112","112.69","113.31","113.79","114.14","114.36","114.45","114.84","115.48","116.38","118.19","119.79","120.74","121.9","122.19","122.3","122.66","122.98","123.42","123.57","123.99","124.46","126.5","127.01","127.94","128.84","129.45","129.93","130.18","130.44","130.75","131.03","131.6","131.76"
"4.2.1. 소비자물가지수","      개인운송장비 관련 기타 서비스","2020=100","7.3","원자료","101.864","102.024","102.156","102.166","102.288","102.326","102.76","102.901","102.637","102.684","102.732","102.401","103.67","103.22","94.8","94.61","99.32","99.49","99.84","101.44","100.94","101.01","101.05","100.59","100.54","100.58","97.79","97.92","97.97","98.05","99.15","99.76","97.81","100.43","100.82","102.5","99.81","99.59","97.74","100.07","102.09","111.36","111.18","105.34","101.31","106.28","105.07","100.42","103.7","99.31","98.67","100.77","104.76","103.15","103.11","99.38","96.47","98.08","95.12","96.96","92.64","93.31","93.04","94.93","101.38","95.77","104.92","103.95","100.67","98.77","94.96","96.35"
"4.2.1. 소비자물가지수","        자동차학원비","2020=100","0.5","원자료","95.264","95.778","96.781","96.89","97.53","97.627","97.929","98.014","98.086","97.972","98.516","98.624","99.18","99.87","99.99","100.04","100.04","100.08","100.17","100.17","100.17","100.17","100.1","100.02","100.08","100.12","100","100.26","100.26","100.57","100.94","100.87","100.99","100.95","101.82","102.83","103.48","103.65","104.3","104.91","105.43","105.55","105.86","105.9","106.28","106.39","108.58","108.99","109.53","109.51","109.74","109.85","109.51","109.58","109.13","108.29","108.16","108.08","108.36","108.5","108.7","108.7","108.81","110.13","110.43","112.12","112.15","112.44","112.64","112.74","113.56","113.65"
"4.2.1. 소비자물가지수","        주차료","2020=100","1.2","원자료","100.262","101.193","101.365","101.365","101.749","101.749","101.749","101.749","101.749","101.749","101.749","101.749","104.45","101.42","98.95","97.81","97.98","99.14","99.94","100.07","100.08","100.04","100.04","100.08","99.66","99.75","99.98","100.64","100.64","100.64","100.72","100.72","100.85","100.85","100.85","100.85","105.27","105.27","105.3","105.3","105.3","105.43","105.43","105.43","105.43","105.43","105.67","105.87","105.87","105.87","105.93","105.93","105.79","106.77","106.77","106.87","106.9","107.08","107.34","107.34","107.34","107.47","107.47","108.59","108.71","108.99","108.85","108.85","109.23","109.38","109.38","109.38"
"4.2.1. 소비자물가지수","        도로통행료","2020=100","1.7","원자료","101.311","101.311","101.311","101.311","101.311","101.311","101.311","101.311","101.311","101.311","101.311","100.146","100.15","100.15","100.15","100.15","100.15","100.15","100.15","100.15","100.15","100.15","100.15","98.36","98.36","98.36","98.36","98.36","98.36","98.36","98.36","98.36","98.36","98.36","98.36","98.36","98.36","98.36","98.36","98.36","98.36","98.36","98.36","98.36","98.36","98.36","98.36","98.36","98.36","98.36","98.36","98.36","98.36","98.36","98.36","98.36","98.36","97.28","97.28","97.28","97.28","97.28","97.28","97.28","97.28","97.28","97.28","97.28","97.28","97.28","97.28","97.28"
"4.2.1. 소비자물가지수","        승용차임차료","2020=100","3.2","원자료","109.524","109.524","109.524","109.524","109.524","109.524","111.235","111.786","110.043","110.043","110.043","110.043","108.26","108.26","86.02","86.02","99","99","99.57","103.93","102.48","102.48","102.48","102.48","102.48","102.48","94.4","94.4","94.4","94.4","97.21","98.77","93.18","100.2","100.92","104.93","96","95.36","90.91","95.99","100.43","121.45","120.83","107.45","98.12","109.22","105.88","95.06","102.43","92.36","90.72","95.37","104.53","100.5","100.41","91.96","85.29","89.4","82.47","86.51","76.62","78.11","77.45","81.16","95.75","82.66","103.55","101.27","93.6","89.23","80.38","83.51"
"4.2.1. 소비자물가지수","        대리운전이용료","2020=100","0.4","원자료","97.3","97.054","97.071","97.071","97.071","97.415","97.556","97.644","98.763","99.203","99.203","99.882","99.63","99.63","99.51","99.51","99.73","99.18","99.25","99.42","99.61","100.87","101.71","101.96","102.13","102.42","103.86","103.81","104.6","105.29","106","106.93","107.27","108.88","109.71","112.06","113.84","114.95","116.35","117.25","118.12","118.19","119.56","120.44","121.3","123.19","124.58","125.56","125.97","126.63","127.73","128.74","128.83","128.83","129.37","130.28","130.68","131.57","131.97","133.2","133.34","133.34","133.71","133.42","133.42","133.02","133.02","133.29","133.36","133.53","133.83","133.9"
"4.2.1. 소비자물가지수","        자동차검사료","2020=100","0.3","원자료","100","100","100","100","100","100","100","100","100","100","100","100","100","100","100","100","100","100","100","100","100","100","100","100","100","100","100","100","100","100","100","100","100","100","100","100","100","100","100","100","100","100","100","100","100","100","100","100","100","100","100","100","100","100","100","100","100","100","100","100","100","100","100","100","100","100","100","100","100","100","100","100"
"4.2.1. 소비자물가지수","    운송 서비스","2020=100","21.9","원자료","95.536","96.081","96.517","97.089","97.797","97.969","98.595","99.167","98.296","99.321","99.167","99.213","99.88","99.82","99.45","99.44","99.44","99.47","100.02","100.84","100.32","100.37","100.37","100.59","100.94","101.11","100.88","101.11","101.36","101.34","101.97","102.32","101.93","101.72","101.91","102.4","102.08","102.08","102.43","102.96","103.63","104.4","105.51","106.02","104.29","104.12","103.67","104.29","104.7","104.97","104.76","104.24","104.04","104.51","106.65","109.85","109.25","111.87","111.57","111.64","112.38","112.48","111.75","111.98","112.2","112.35","112.73","113.82","112.52","112.36","111.93","112.6"
"4.2.1. 소비자물가지수","      철도 여객수송","2020=100","3.9","원자료","100","100","100","100","100","100","100","100","100","100","100","100","100","100","100","100","100","100","100","100","100","100","100","100","100","100","100","100","100","100","100","100","100","100","100","100","100","100","100","100","100","100","100","100","100","100","100","100","100","100","100","100","100","100","100","100","100","105.11","105.11","105.11","106.14","106.14","106.14","106.14","106.9","106.9","106.9","106.9","106.9","106.9","106.9","106.9"
"4.2.1. 소비자물가지수","        열차료","2020=100","1.7","원자료","100","100","100","100","100","100","100","100","100","100","100","100","100","100","100","100","100","100","100","100","100","100","100","100","100","100","100","100","100","100","100","100","100","100","100","100","100","100","100","100","100","100","100","100","100","100","100","100","100","100","100","100","100","100","100","100","100","100","100","100","100","100","100","100","100","100","100","100","100","100","100","100"
"4.2.1. 소비자물가지수","        도시철도료","2020=100","2.2","원자료","100","100","100","100","100","100","100","100","100","100","100","100","100","100","100","100","100","100","100","100","100","100","100","100","100","100","100","100","100","100","100","100","100","100","100","100","100","100","100","100","100","100","100","100","100","100","100","100","100","100","100","100","100","100","100","100","100","109.05","109.05","109.05","110.88","110.88","110.88","110.88","112.23","112.23","112.23","112.23","112.23","112.23","112.23","112.23"
"4.2.1. 소비자물가지수","      도로 여객수송","2020=100","11","원자료","92.581","93.731","95.455","95.791","96.87","96.914","96.967","96.985","97.232","99.461","99.461","99.461","99.88","99.88","99.88","99.88","99.88","99.88","100.08","100.08","100.13","100.13","100.13","100.13","100.28","100.28","100.28","100.28","100.41","100.24","100.47","100.47","100.47","100.47","100.47","100.66","100.88","100.88","100.88","100.28","100.28","100.28","100.28","100.28","100.28","100.23","100.68","101.02","101.61","102.96","102.96","102.96","102.96","103.72","106.64","111.65","111.91","113.92","114.07","114.07","114.78","114.78","114.78","114.78","114.78","114.78","114.78","114.93","114.91","115.1","115.1","115.37"
"4.2.1. 소비자물가지수","        시내버스료","2020=100","6.8","원자료","95.1","95.1","95.1","95.1","95.1","95.1","95.1","95.1","95.505","99.126","99.126","99.126","99.81","99.81","99.81","99.81","99.81","99.81","100.13","100.13","100.22","100.22","100.22","100.22","100.45","100.45","100.45","100.45","100.67","100.39","100.77","100.77","100.77","100.77","100.77","100.77","101.12","101.12","101.12","100.01","100.01","100.01","100.01","100.01","100.01","99.94","99.94","99.94","100.45","100.45","100.45","100.45","100.45","100.45","100.45","107.87","107.87","111.11","111.08","111.08","112.23","112.23","112.23","112.23","112.23","112.23","112.23","112.23","112.19","112.5","112.5","112.94"
"4.2.1. 소비자물가지수","        시외버스료","2020=100","1","원자료","89.765","89.765","100","100","100","100","100","100","100","100","100","100","100","100","100","100","100","100","100","100","100","100","100","100","100","100","100","100","100","100","100","100","100","100","100","100","100","100","100","100","100","100","100","100","100","100","104.96","104.96","104.96","104.96","104.96","104.96","104.96","104.96","110.18","110.18","110.18","110.18","110.18","110.18","110.18","110.18","110.18","110.18","110.18","110.18","110.18","110.18","110.18","110.18","110.18","110.18"
"4.2.1. 소비자물가지수","        택시료","2020=100","3.2","원자료","87.927","92.493","93.972","95.255","99.513","99.701","99.932","99.991","99.991","99.991","99.991","99.991","100","100","100","100","100","100","100","100","100","100","100","100","100","100","100","100","100","100","100","100","100","100","100","100.63","100.63","100.63","100.63","100.9","100.9","100.9","100.9","100.9","100.9","100.9","100.9","102.09","103.06","107.69","107.69","107.69","107.69","110.34","118.76","120.17","121.06","121.06","121.66","121.66","121.66","121.66","121.66","121.66","121.66","121.66","121.68","122.21","122.21","122.21","122.21","122.21"
"4.2.1. 소비자물가지수","      항공 및 수상여객운송","2020=100","4.1","원자료","99.837","98.495","94.375","97.322","98.129","99.387","104.032","108.359","100.485","98.739","97.266","97.454","100.99","98.69","95.22","95.33","95.31","95.71","100.4","109.78","102.21","101.5","101.46","103.38","105.74","106.38","102.53","104.44","105.46","105.83","110.83","114.03","108.1","105.11","106.89","110.42","111.82","111.34","113.69","118.54","122.6","126.53","133.22","136.53","125.35","124.45","120.17","122.87","123.23","120.11","118.59","114.84","113.62","114.02","117.79","121.55","116.88","120.71","118.26","118.72","119.16","119.11","114.71","116.01","116.43","117.29","119.62","125.93","117.58","115.12","112.02","115.21"
"4.2.1. 소비자물가지수","        국내항공료","2020=100","1","원자료","95.783","103.244","95.337","95.086","97.886","98.853","104.649","115.636","104.696","103.514","99.393","98.379","103.43","107.57","100.31","97.43","98.24","94.41","100.09","111.27","95.99","99.39","94.41","97.47","95.75","109.66","96.29","96.64","102.72","96.64","103.89","114.97","105.4","97.76","99.99","103.79","104.31","109.72","104.16","105.11","113.2","115.45","120.72","132.1","117.45","114.24","110.08","111.61","116.1","116.29","107.5","105.62","107.55","106.52","109.15","115.66","107.67","112.85","108.97","109.38","106.39","115.41","107.76","106.74","109.7","109.98","108.92","123.93","111.14","107.03","102.28","103.81"
"4.2.1. 소비자물가지수","        국제항공료","2020=100","2.9","원자료","100.747","98.058","94.221","97.841","98.387","99.731","104.489","108.137","100.277","98.311","97.108","97.381","100.89","95.51","92.73","93.83","93.51","95.46","100.44","110.6","104.66","102.37","104.05","105.93","109.98","106.3","105.04","107.81","107.21","109.89","114.78","115.77","110.29","108.39","110.37","114.4","116.16","113.36","118.46","125.26","127.9","132.81","140.33","140.47","129.84","129.8","125.93","129.3","127.76","123.35","123.77","118.93","116.59","117.64","122.22","125.12","121.31","124.7","122.39","122.88","124.84","121.35","117.91","120.2","119.62","120.75","124.65","128.03","120.76","118.88","116.35","120.39"
"4.2.1. 소비자물가지수","        여객선료","2020=100","0.2","원자료","94.909","95.42","94.63","94.369","94.89","95.681","96.351","97.291","95.281","95.458","95.337","96.584","96.7","100.05","99.94","100.17","100.29","99.81","100.8","101.84","99.99","100.46","99.99","99.94","100.29","100.3","99.94","99.81","100.46","99.81","100.98","101.67","100.35","100.11","99.81","99.76","101.29","101.31","107.68","107.45","110.01","110.07","113.6","117.57","115.79","115.27","105.13","105.25","109.24","105.83","115.44","115.84","113.16","112.51","111.84","113.28","113.85","116.67","119.23","119.7","117.82","116.58","115.71","116.07","116.77","117","116.36","117.49","116.48","114.91","112.28","113.1"
"4.2.1. 소비자물가지수","      기타 여객운송","2020=100","2.9","원자료","97.75","98.336","98.345","98.309","98.272","98.245","98.144","98.3","98.162","98.226","98.565","98.62","98.93","99.99","99.5","99.36","99.32","99.32","99.54","99.56","100.35","101.24","101.24","101.65","102.13","103.03","103.8","104.29","104.94","105.29","105.8","106.3","107.29","107.69","107.97","108.47","109.99","110.55","110.38","111.02","111.19","112.43","112.69","112.69","113","112.97","112.89","113.06","113.33","113.92","114.17","114.8","114.83","114.88","115.1","115.17","115.25","115.36","115.48","115.5","116.36","117.28","117.01","117.2","117.33","117.41","117.49","117.55","117.84","118.84","119.4","119.68"
"4.2.1. 소비자물가지수","        이삿짐운송료","2020=100","1","원자료","98.04","98.867","98.216","98.146","98.102","98.031","97.917","97.715","97.566","97.671","98.207","98.286","98.71","100.13","99.4","99.29","99.24","99.27","99.6","99.63","100.06","101.4","101.3","101.95","102.67","104.08","104.39","104.71","104.94","105.1","105.72","106.37","107.4","107.89","108.29","108.96","110.91","112.42","111.66","111.99","112.37","113.19","113.43","113.44","113.71","113.83","113.58","113.86","114.17","115.55","115.63","116.99","117.04","117.24","117.54","117.72","117.92","118.27","118.89","119.33","121.89","124.56","124.39","124.58","124.63","124.78","125.02","125.19","125.64","125.77","126.21","126.84"
"4.2.1. 소비자물가지수","        택배이용료","2020=100","1.9","원자료","97.261","97.466","98.557","98.557","98.557","98.586","98.527","99.258","99.161","99.161","99.161","99.161","99.36","99.71","99.71","99.49","99.49","99.42","99.42","99.42","100.93","100.93","101.11","101.04","101.04","100.92","102.63","103.46","104.94","105.66","105.95","106.16","107.08","107.29","107.33","107.5","108.12","108.18","108.31","109.11","109.16","110.6","110.87","110.87","111.2","111.1","111.1","111.21","111.46","111.62","111.95","112.22","112.22","112.22","112.37","112.41","112.41","112.41","112.25","112.05","112.04","112.04","111.72","111.92","112.1","112.13","112.13","112.13","112.33","113.77","114.39","114.48"
"4.2.1. 소비자물가지수","  통신","2020=100","46.6","원자료","103.283","102.39","102.127","102.411","102.201","102.043","101.613","102.001","102.285","102.211","101.413","101.361","100.75","100.7","100.66","101.29","101.25","101.84","101.76","101.69","101.62","87.78","99.89","100.75","99.22","99.25","99.32","99.32","98.88","98.87","98.87","98.88","98.89","98.39","99.62","99.63","99.64","99.65","99.43","99.7","99.71","99.72","99.75","99.76","100.06","100.92","100.92","100.92","100.92","100.93","100.94","100.95","100.95","100.97","100.97","100.98","101.19","101.21","101.23","101.24","101.24","101.24","101.24","101.24","101.32","101.32","101.32","101.32","101.32","101.32","101.32","101.34"
"4.2.1. 소비자물가지수","    우편서비스","2020=100","0.1","원자료","89.644","89.644","89.644","89.644","100","100","100","100","100","100","100","100","100","100","100","100","100","100","100","100","100","100","100","100","100","100","100","100","100","100","100","100","109.99","109.99","109.99","109.99","109.99","109.99","109.99","109.99","109.99","109.99","109.99","109.99","109.99","109.99","109.99","109.99","109.99","109.99","109.99","109.99","109.99","109.99","109.99","109.99","109.99","109.99","109.99","109.99","109.99","109.99","109.99","109.99","109.99","109.99","109.99","109.99","109.99","109.99","109.99","109.99"
"4.2.1. 소비자물가지수","      우편서비스","2020=100","0.1","원자료","89.644","89.644","89.644","89.644","100","100","100","100","100","100","100","100","100","100","100","100","100","100","100","100","100","100","100","100","100","100","100","100","100","100","100","100","109.99","109.99","109.99","109.99","109.99","109.99","109.99","109.99","109.99","109.99","109.99","109.99","109.99","109.99","109.99","109.99","109.99","109.99","109.99","109.99","109.99","109.99","109.99","109.99","109.99","109.99","109.99","109.99","109.99","109.99","109.99","109.99","109.99","109.99","109.99","109.99","109.99","109.99","109.99","109.99"
"4.2.1. 소비자물가지수","        우편료","2020=100","0.1","원자료","89.644","89.644","89.644","89.644","100","100","100","100","100","100","100","100","100","100","100","100","100","100","100","100","100","100","100","100","100","100","100","100","100","100","100","100","109.99","109.99","109.99","109.99","109.99","109.99","109.99","109.99","109.99","109.99","109.99","109.99","109.99","109.99","109.99","109.99","109.99","109.99","109.99","109.99","109.99","109.99","109.99","109.99","109.99","109.99","109.99","109.99","109.99","109.99","109.99","109.99","109.99","109.99","109.99","109.99","109.99","109.99","109.99","109.99"
"4.2.1. 소비자물가지수","    전화 및 팩스장비","2020=100","10.4","원자료","99.435","96.906","96.906","99.416","99.416","99.416","97.604","100.056","101.859","101.859","98.243","98.243","96.36","96.36","96.36","99.36","99.36","102.22","102.22","102.22","102.22","101.29","101.29","100.76","93.74","93.6","93.6","93.6","91.75","91.75","91.75","91.75","91.75","89.52","94.85","94.85","94.95","94.95","94.05","94.17","94.17","94.17","94.17","94.17","95.25","98.87","98.87","98.87","98.87","98.87","98.87","98.87","98.87","98.87","98.87","98.87","99.63","99.63","99.63","99.63","99.63","99.63","99.63","99.63","99.63","99.63","99.63","99.63","99.63","99.63","99.63","99.63"
"4.2.1. 소비자물가지수","      전화 및 팩스장비","2020=100","10.4","원자료","99.435","96.906","96.906","99.416","99.416","99.416","97.604","100.056","101.859","101.859","98.243","98.243","96.36","96.36","96.36","99.36","99.36","102.22","102.22","102.22","102.22","101.29","101.29","100.76","93.74","93.6","93.6","93.6","91.75","91.75","91.75","91.75","91.75","89.52","94.85","94.85","94.95","94.95","94.05","94.17","94.17","94.17","94.17","94.17","95.25","98.87","98.87","98.87","98.87","98.87","98.87","98.87","98.87","98.87","98.87","98.87","99.63","99.63","99.63","99.63","99.63","99.63","99.63","99.63","99.63","99.63","99.63","99.63","99.63","99.63","99.63","99.63"
"4.2.1. 소비자물가지수","        휴대전화기","2020=100","10.4","원자료","99.435","96.906","96.906","99.416","99.416","99.416","97.604","100.056","101.859","101.859","98.243","98.243","96.36","96.36","96.36","99.36","99.36","102.22","102.22","102.22","102.22","101.29","101.29","100.76","93.74","93.6","93.6","93.6","91.75","91.75","91.75","91.75","91.75","89.52","94.85","94.85","94.95","94.95","94.05","94.17","94.17","94.17","94.17","94.17","95.25","98.87","98.87","98.87","98.87","98.87","98.87","98.87","98.87","98.87","98.87","98.87","99.63","99.63","99.63","99.63","99.63","99.63","99.63","99.63","99.63","99.63","99.63","99.63","99.63","99.63","99.63","99.63"
"4.2.1. 소비자물가지수","    전화 및 팩스 서비스","2020=100","36.1","원자료","104.26","103.79","103.458","103.201","102.901","102.698","102.602","102.484","102.399","102.313","102.195","102.142","102.04","101.99","101.93","101.87","101.81","101.74","101.63","101.54","101.45","83.77","99.47","100.75","100.84","100.92","101","101.01","100.98","100.97","100.96","100.98","100.97","100.98","101","101.01","101.01","101.02","101.01","101.31","101.32","101.35","101.38","101.39","101.44","101.46","101.46","101.47","101.47","101.48","101.49","101.52","101.52","101.53","101.54","101.54","101.6","101.61","101.65","101.65","101.66","101.66","101.66","101.66","101.76","101.76","101.76","101.76","101.76","101.76","101.76","101.79"
"4.2.1. 소비자물가지수","      전화 및 팩스 서비스","2020=100","36.1","원자료","104.26","103.79","103.458","103.201","102.901","102.698","102.602","102.484","102.399","102.313","102.195","102.142","102.04","101.99","101.93","101.87","101.81","101.74","101.63","101.54","101.45","83.77","99.47","100.75","100.84","100.92","101","101.01","100.98","100.97","100.96","100.98","100.97","100.98","101","101.01","101.01","101.02","101.01","101.31","101.32","101.35","101.38","101.39","101.44","101.46","101.46","101.47","101.47","101.48","101.49","101.52","101.52","101.53","101.54","101.54","101.6","101.61","101.65","101.65","101.66","101.66","101.66","101.66","101.76","101.76","101.76","101.76","101.76","101.76","101.76","101.79"
"4.2.1. 소비자물가지수","        유선전화료","2020=100","0.4","원자료","99.925","99.925","99.925","99.925","99.925","99.925","99.925","99.925","99.925","99.925","99.925","99.925","99.94","99.94","99.94","100.02","100.02","100.02","100.02","100.02","100.02","100.02","100.02","100.02","100.1","100.1","100.1","100.1","100.1","100.1","100.1","100.1","100.1","100.19","100.19","100.19","100.21","100.24","100.24","100.24","100.24","100.24","100.24","100.24","100.24","100.24","100.24","100.24","100.24","100.24","100.24","100.24","100.24","100.24","100.24","100.24","100.24","100.24","100.24","100.24","100.24","100.24","100.24","100.24","100.24","100.24","100.24","100.24","100.24","100.24","100.24","100.24"
"4.2.1. 소비자물가지수","        휴대전화료","2020=100","29.8","원자료","105.3","104.723","104.299","103.984","103.625","103.374","103.222","103.081","102.939","102.841","102.7","102.624","102.44","102.37","102.3","102.22","102.15","102.06","101.93","101.83","101.72","80.58","99.43","100.96","101.06","101.14","101.24","101.25","101.25","101.24","101.23","101.25","101.24","101.25","101.27","101.29","101.28","101.3","101.28","101.65","101.66","101.69","101.73","101.74","101.77","101.79","101.79","101.8","101.8","101.81","101.76","101.75","101.75","101.77","101.77","101.78","101.79","101.81","101.85","101.86","101.87","101.86","101.86","101.86","101.89","101.9","101.89","101.9","101.89","101.9","101.89","101.93"
"4.2.1. 소비자물가지수","        인터넷이용료","2020=100","5.5","원자료","99.92","99.92","100","100","100","100","100","100","100","100","100","100","100","100","100","100","100","100","100","100","100","100","100","100","100","100","100","100","100","100","100","100","100","100","100","100","100","100","100","100","100","100","100","100","100","100","100","100","100","100","100.33","100.33","100.33","100.33","100.33","100.33","100.62","100.62","100.62","100.62","100.62","100.62","100.62","100.62","100.62","100.62","100.62","100.62","100.62","100.62","100.62","100.62"
"4.2.1. 소비자물가지수","        휴대전화기수리비","2020=100","0.4","원자료","94.781","94.781","94.781","94.781","94.781","94.781","97.396","97.396","99.621","99.621","99.621","99.621","100.45","100.45","101.09","101.09","101.09","101.09","101.09","101.09","101.09","101.09","95.19","95.19","95.19","96.28","96.28","96.28","93.63","93.63","93.63","93.63","93.63","93.63","93.63","93.63","93.79","93.79","93.79","93.79","94","94","94","94","96.35","96.35","96.35","96.35","96.35","96.73","97.12","98.9","98.9","98.9","99.1","99.1","99.1","99.1","99.1","99.1","99.1","99.7","99.7","99.7","106.34","106.34","106.34","106.34","106.34","106.34","106.34","106.34"
"4.2.1. 소비자물가지수","  오락 및 문화","2020=100","62.9","원자료","100.468","101.319","100.587","101.615","101.2","100.181","101.685","102.515","101.418","101.774","100.092","99.42","100.12","99.83","99.4","99.71","100.02","99.84","100.23","100.69","100.03","100.33","99.92","99.89","100.13","100.03","99.82","100.4","100.53","99.89","100.72","101.21","100.63","100.65","100.38","100.81","101.56","101.01","101.62","102.37","102.61","103.27","104.18","104.96","104.17","104.18","104.24","105.34","106.06","106.09","106.39","106.79","106.96","107.1","107.57","107.92","107.63","107.69","107.24","107.35","107.35","108.41","107.96","108.45","108.81","108.74","109.45","109.35","108.86","108.71","108.15","108.66"
"4.2.1. 소비자물가지수","    음향, 영상, 사진 및 정보처리 장비","2020=100","7.9","원자료","103.71","103.353","102.502","103.561","104.4","104.147","103.399","101.651","100.523","101.858","102.042","102.376","101.03","100.16","99.38","99.49","101.16","100.79","100.18","99.61","99.15","100.42","99.43","99.19","99.14","99.71","99.14","99.55","98.65","97.73","97.76","97.67","97.65","98.07","97.89","98.37","97.52","97.54","97.47","96.83","96.72","96.74","96.68","96.16","95.15","95.32","95.52","98.91","98.8","98.71","99.35","100.47","100.46","100.25","98.55","99.17","99.33","99.96","99.51","99.49","99.69","100.08","100.09","99.64","99.82","99.79","100","98.66","98.13","97.17","97.1","98.25"
"4.2.1. 소비자물가지수","      영상·음향기기","2020=100","2.8","원자료","108.439","107.333","107.222","107.319","109.491","109.117","108.55","101.509","102.201","102.436","102.74","103.003","100.43","99.95","99.15","98.13","104","103.36","100.25","99.68","98.79","99.91","97.62","98.74","97.29","97.75","97.21","99.68","100.28","96.83","96.25","97.95","97.47","97.98","97.4","97.42","97.53","96.88","96.94","96.71","96.8","96.59","96.88","97.29","97.17","96.42","97.44","97.63","96.72","96.36","96.34","97.45","97.12","96.8","93.36","95.11","94.77","95.06","95.33","95.4","95.61","95.54","95.78","96","95.31","95.65","94.33","91.81","91.82","90.77","91.04","90.8"
"4.2.1. 소비자물가지수","        TV","2020=100","1.9","원자료","112.18","111.139","111.061","111.297","114.325","114.041","113.095","103.507","104.233","103.996","104.028","104.28","99.62","99.06","97.96","97.79","105.89","105.09","100.91","99.75","98.49","100.01","96.97","98.45","96.93","97.81","97.15","100.5","102.04","97.7","96.89","97.5","96.89","97.27","96.84","96.3","96.4","95.75","95.92","95.54","95.68","95.77","96.27","96.74","96.42","95.4","96.08","96.4","95.05","94.63","94.71","96.19","95.89","95.66","90.59","93.23","92.67","92.6","93.07","92.52","93.02","92.73","93.07","93.37","92.32","92.84","90.94","89.65","89.64","88.43","88.43","88.4"
"4.2.1. 소비자물가지수","        영상음향기기","2020=100","0.9","원자료","100.534","100.566","100.438","100.066","99.991","99.991","99.927","99.821","100.193","99.874","99.65","100.002","102.85","102.63","102.7","99.13","98.31","98.17","98.27","99.47","99.67","99.6","99.57","99.62","98.37","97.57","97.4","97.23","94.99","94.21","94.32","99.31","99.22","100.09","99.08","100.78","100.81","100.13","100","100.06","100.06","99.15","98.98","99.3","99.58","99.45","101.22","101.14","101.19","100.96","100.71","101","100.62","100.11","100.19","100.02","100.15","101.25","101.09","102.52","102.09","102.49","102.51","102.58","102.66","102.6","102.54","97.3","97.38","96.66","97.5","96.82"
"4.2.1. 소비자물가지수","      정보처리기기·소모품","2020=100","5.1","원자료","100.704","100.835","99.52","101.186","101.186","101.005","100.142","101.758","99.45","101.507","101.587","101.969","101.39","100.28","99.53","100.31","99.46","99.24","100.14","99.57","99.37","100.72","100.52","99.45","100.25","100.88","100.3","99.47","97.67","98.27","98.67","97.5","97.75","98.13","98.19","98.94","97.5","97.88","97.75","96.89","96.67","96.81","96.57","95.53","94.02","94.71","94.46","99.59","99.93","99.97","100.99","102.1","102.26","102.12","101.37","101.37","101.82","102.62","101.78","101.71","101.91","102.54","102.44","101.62","102.27","102.03","103.07","102.39","101.56","100.65","100.4","102.3"
"4.2.1. 소비자물가지수","        컴퓨터","2020=100","3","원자료","102.219","102.457","100.495","102.942","102.777","102.932","100.309","102.808","99.132","102.292","102.405","102.973","101.61","100.14","98.9","100.1","99.46","99.29","100.62","100.04","99.27","100.65","100.63","99.3","100.49","101.36","100.63","99.2","97.64","97.9","98.41","96.79","97.16","97.43","97.71","98.62","97","97.64","97.51","95.94","95.61","95.5","95","93.24","90.61","91.58","91.19","91.29","91.9","91.34","92.14","93.48","93.75","93.43","92.97","92.79","94.12","94.89","93.59","93.48","93.81","94.15","94","92.48","92.28","91.89","92.87","91.34","90.64","89.1","88.47","91.41"
"4.2.1. 소비자물가지수","        컴퓨터수리비","2020=100","0.1","원자료","100","100","100","100","100","100","100","100","100","100","100","100","100","100","100","100","100","100","100","100","100","100","100","100","100","100","106.85","113.7","113.7","113.7","113.7","113.7","113.7","113.7","113.7","113.7","113.7","113.7","113.7","113.7","113.7","113.7","113.7","113.7","113.7","113.7","113.7","113.7","113.7","116.44","116.44","116.44","116.44","116.44","116.44","116.44","116.44","116.44","116.44","116.44","116.44","116.44","116.44","116.44","165.07","165.07","178.77","178.77","165.07","165.07","165.07","165.07"
"4.2.1. 소비자물가지수","        휴대용멀티미디어기기","2020=100","1.2","원자료","102.703","102.703","102.703","102.703","102.703","102.703","102.703","102.703","102.703","102.703","102.703","102.703","102.61","101.46","101.46","101.46","99.31","98.07","98.07","98.07","98.07","100.46","100.46","100.46","100.46","100.46","100.46","100.46","95.09","98.85","98.85","98.85","98.85","98.85","98.85","98.85","98.84","98.84","98.84","98.84","98.84","98.84","98.84","98.84","98.84","98.84","98.83","118.93","118.93","118.93","118.93","118.93","118.93","118.93","118.93","118.93","117.86","117.86","117.18","117.18","117.18","117.18","117.18","117.18","117.18","117.18","117.18","117.18","117.18","117.18","117.18","117.18"
"4.2.1. 소비자물가지수","        컴퓨터소모품","2020=100","0.7","원자료","93.147","92.533","92.524","92.542","92.542","92.631","99.198","98.931","99.66","99.66","99.847","99.91","99.88","99.93","99.93","99.93","99.75","99.79","99.72","98.52","101.96","101.96","100.1","98.52","98.59","98.59","98.59","98.59","98.59","98.59","98.59","98.59","98.59","98.59","98.11","98.11","98.75","98.75","98.75","98.75","99.37","100.88","101.32","101.32","101.88","101.71","101.64","105.24","105.62","105.32","109.91","109.9","109.9","110.74","111.13","111.93","111.1","113.68","113.68","113.68","113.68","116.86","116.75","116.75","116.48","116.48","118.23","117.55","116.27","116.41","117.42","118.4"
"4.2.1. 소비자물가지수","        저장장치","2020=100","0.1","원자료","97.555","98.517","98.036","96.972","99.795","92.2","92.643","92.795","93.225","92.719","92.579","92.364","95.99","98.51","101.27","100.19","99.17","102.09","102.03","100.49","99.83","100.23","100.19","100.01","99.42","100.41","94.72","95.66","100.31","94.22","95.78","93.86","93.86","99.81","97.25","101.1","100.21","100.39","96.97","101.83","96.85","96.85","96.83","98.2","98.5","104.75","104.76","107.73","103.54","122.79","119.93","135.97","135.97","132.72","105.06","105.06","105.06","105.06","109.94","109.94","109.94","110.16","110.09","115.53","115.48","115.45","115.14","131.87","131.71","131.81","131.64","131.5"
"4.2.1. 소비자물가지수","    기타 오락 및 문화용 주요 내구재","2020=100","1.4","원자료","105.798","104.879","104.79","104.197","104.424","103.792","100.491","100.303","97.575","100.026","99.394","98.999","99.83","99.61","100.27","98.39","98.12","97.49","100.7","101.46","101.25","101","101.09","100.81","99.39","98.32","98.6","101.21","100.45","100.22","100.46","102.04","102.11","102.25","101.81","102.71","102.4","98.36","99.38","99.82","99.81","101.28","100.96","102.87","102.68","102.52","102.64","102.13","100.47","102.16","102.99","102.92","102.91","108.75","104.86","102.75","103.2","102","104.17","105.67","111.35","114.05","107.64","107.84","108.21","108.8","107.95","108.05","108.03","107.56","107.61","109.4"
"4.2.1. 소비자물가지수","      기타 오락 및 문화용 주요 내구재","2020=100","1.4","원자료","105.798","104.879","104.79","104.197","104.424","103.792","100.491","100.303","97.575","100.026","99.394","98.999","99.83","99.61","100.27","98.39","98.12","97.49","100.7","101.46","101.25","101","101.09","100.81","99.39","98.32","98.6","101.21","100.45","100.22","100.46","102.04","102.11","102.25","101.81","102.71","102.4","98.36","99.38","99.82","99.81","101.28","100.96","102.87","102.68","102.52","102.64","102.13","100.47","102.16","102.99","102.92","102.91","108.75","104.86","102.75","103.2","102","104.17","105.67","111.35","114.05","107.64","107.84","108.21","108.8","107.95","108.05","108.03","107.56","107.61","109.4"
"4.2.1. 소비자물가지수","        악기","2020=100","0.3","원자료","99.427","100.005","99.427","99.473","100.005","99.865","99.856","99.548","99.651","99.977","99.987","98.904","98.9","98.88","100.17","100.3","98.95","100.03","100.29","100.17","100.49","100.33","100.66","100.84","100.67","100.78","100.52","99.91","100.24","100.08","100.09","100.11","99.92","102.02","102.1","101.28","101.13","101.38","101.66","102.56","102.92","103.18","103.02","102.99","103.12","103.48","103.43","103.51","103.52","103.72","104.3","104.22","104.19","104.58","104.02","103.99","104","104.03","104.18","104.2","104.41","104.33","104.49","104.52","104.56","104.75","104.63","104.66","104.56","104.36","104.59","104.56"
"4.2.1. 소비자물가지수","        헬스기구","2020=100","1.1","원자료","115.54","112.355","112.998","111.443","111.185","109.812","101.457","101.457","94.399","100.105","98.497","99.14","100.53","100.16","100.34","96.96","97.49","95.58","101","102.42","101.82","101.5","101.41","100.79","98.43","96.47","97.16","102.19","100.6","100.32","100.74","103.49","103.75","102.42","101.59","103.78","102.02","96.87","98.08","98.39","98.29","100.06","99.71","102.11","101.85","101.55","101.72","101.05","98.96","101.03","101.92","101.85","101.85","109.09","104.35","101.71","102.26","100.74","103.44","105.33","112.42","115.84","107.73","107.97","108.43","109.11","108.07","108.2","108.19","107.66","107.66","109.91"
"4.2.1. 소비자물가지수","    기타 오락용품, 조경용품 및 애완동물","2020=100","13.6","원자료","98.555","100.105","99.725","98.374","97.984","95.815","95.681","95.777","96.994","97.346","97.394","98.241","100.28","100.36","99.52","99.28","100.23","99.51","99.97","99.66","100.38","100.34","100.31","100.15","100.59","100.27","100.24","99.66","99.62","99.34","98.64","98.46","99.72","99.92","99.81","100.77","102.3","101.85","103.94","103.38","103.17","104.45","103.84","103.65","104.7","104.97","105.9","106.63","108.17","108.66","108.98","107.68","107.98","107.21","107.46","107.58","107.5","106.8","106.6","106.6","107.68","109.17","109.29","109.14","109.42","109.5","109.53","109.1","109.47","109.16","109.69","109.26"
"4.2.1. 소비자물가지수","      기타 오락용품, 조경용품 및 애완동물","2020=100","13.6","원자료","98.555","100.105","99.725","98.374","97.984","95.815","95.681","95.777","96.994","97.346","97.394","98.241","100.28","100.36","99.52","99.28","100.23","99.51","99.97","99.66","100.38","100.34","100.31","100.15","100.59","100.27","100.24","99.66","99.62","99.34","98.64","98.46","99.72","99.92","99.81","100.77","102.3","101.85","103.94","103.38","103.17","104.45","103.84","103.65","104.7","104.97","105.9","106.63","108.17","108.66","108.98","107.68","107.98","107.21","107.46","107.58","107.5","106.8","106.6","106.6","107.68","109.17","109.29","109.14","109.42","109.5","109.53","109.1","109.47","109.16","109.69","109.26"
"4.2.1. 소비자물가지수","        장난감","2020=100","2.9","원자료","99.618","99.693","99.636","99.524","99.599","99.618","99.261","98.801","98.604","98.876","99.683","99.693","99.74","99.89","99.96","99.95","100.08","100.08","100.09","99.96","100.08","100.09","100.02","100.06","100.05","98.86","99.44","100.31","100.1","99.53","98.3","96.97","98.57","99.37","99.45","99.38","99.76","99.89","99.62","99.67","99.28","99.76","99.65","98.02","98","99.76","100.3","98.86","100.34","100.33","100.72","101.24","101.23","101.26","101.21","101.29","101.37","100.65","100.14","99.12","100.68","98.87","100.63","101.15","100","101.23","100.73","100.68","98.65","100.74","100.48","98.26"
"4.2.1. 소비자물가지수","        레저용품","2020=100","1.6","원자료","93.254","99.231","99.221","99.136","99.278","81.537","89.462","89.632","99.439","99.467","99.543","95.647","100.09","99.98","96.74","98.04","100.28","100.56","100.52","100.75","100.89","101.14","100.44","100.56","100.67","100.64","100.64","100.69","98.5","100.65","100.73","100.79","100.83","100.87","98.81","101.02","101.06","103.67","104.34","102.46","103.03","105.98","106.06","106.4","106.42","106.53","106.11","106.75","106.85","109.98","110.07","110.75","111.11","111.18","111.11","111.17","111.2","111.24","108.57","108.6","108.67","112.43","112.48","112.6","112.59","112.59","112.62","112.66","112.66","109.27","108.71","109.23"
"4.2.1. 소비자물가지수","        운동용품","2020=100","2.1","원자료","96.94","96.354","95.262","94.02","95.49","94.318","93.117","93.027","90.644","85.43","85.986","85.092","95.38","99.88","102.13","101.49","101.06","100.65","101.85","100.52","99.82","99.66","99.2","98.36","97.52","97.22","94.36","92.71","92.7","92.19","91.6","92.77","95","92.89","90.99","90.76","93.34","92.74","100.68","100.44","99.85","103.32","100.57","100.38","101.71","101.46","101.56","101.6","102.59","101.57","100.9","97.68","96.98","96.01","95.88","95.69","91.32","91.06","89.47","87.53","87.1","98.34","97.94","97.22","99.26","100.87","100.19","100.31","100.49","98.5","97.84","96.35"
"4.2.1. 소비자물가지수","        화초","2020=100","0.7","원자료","112.517","111.736","102.159","92.41","102.706","94.262","83.716","83.716","93.981","93.637","100.347","109.143","120.58","107.34","94.81","89.76","99.09","88.62","93.54","90.72","101.49","100.83","104.54","108.68","113.05","112.65","115.76","107.18","114.07","102.48","96.03","96.41","104.59","104.18","113.14","122.73","141.53","123.85","131.55","125.48","129","113.29","110.91","116.76","130.85","124.73","127.17","136.14","156.12","150.6","142.52","124.54","135.16","121.97","115.35","117.32","124.06","123.14","126.35","139.25","153.23","144.01","143.14","128.49","141.06","124.58","119.01","118.46","129.7","134.97","139.69","146.77"
"4.2.1. 소비자물가지수","        원예용품","2020=100","0.4","원자료","98.847","98.977","98.977","98.907","98.797","98.797","98.797","98.797","98.937","99.327","99.327","99.327","100.14","100.15","100.66","100.33","100.24","100.28","99.72","99.73","99.68","99.68","99.68","99.68","99.84","99.95","99.99","100.11","100.41","101.16","101.05","101.09","101.04","101.27","101.41","101.96","102.34","103.42","106.51","107.71","107.99","108.12","108.82","109.17","109.72","109.99","110.02","110.14","110.58","111.45","112.83","112.84","113.37","113.56","113.74","114.4","114.4","114.55","114.6","114.6","114.68","114.84","115.25","115.35","115.37","115.55","115.96","115.96","115.96","116.05","116.1","116.38"
"4.2.1. 소비자물가지수","        반려동물용품","2020=100","3.3","원자료","94.19","98.516","99.815","99.239","96.348","98.741","98.643","98.868","96.29","98.292","94.991","99.473","99.49","99.99","99.46","99.49","100.31","99.88","99.93","100.22","100.8","100.79","100.43","99.21","100.44","100.64","100.8","100.53","99.86","101.31","101.35","101.19","101.28","102.6","101.99","102.8","104.01","104.03","105.39","104.82","103.54","107.45","107.01","106.33","106.97","107.43","110.32","112.58","112.45","113.9","115.92","114.54","113.94","113.54","115.82","115.82","117.13","115.66","117.02","116.91","116.97","116.84","115.42","116.72","115.33","116.17","118.1","116.29","117.44","116.01","118.28","118.04"
"4.2.1. 소비자물가지수","        반려동물관리비","2020=100","2.6","원자료","103.634","103.811","103.879","100.257","96.145","95.881","94.442","95.891","99.64","103.781","104.173","104.173","99.72","99.9","99.87","99.93","99.94","100.08","100.11","100.02","100.1","100.11","100.1","100.11","100.09","100.16","100.29","100.27","100.32","100.43","100.75","100.77","100.85","100.93","100.91","100.94","101.39","101.52","101.82","102.04","102.32","102.41","102.53","102.89","103.29","103.54","103.74","104.09","105.15","105.96","106.72","107.31","107.57","107.69","107.82","107.96","107.97","107.35","107.5","107.58","108.47","108.81","109.55","110.33","110.38","110.57","110.65","110.71","110.9","111.2","111.3","111.26"
"4.2.1. 소비자물가지수","    오락 및 문화 서비스","2020=100","27.1","원자료","98.373","98.747","98.933","99.185","99.167","99.195","99.288","99.307","99.316","99.381","99.409","99.568","99.83","99.86","99.86","99.84","99.49","100.09","99.99","100.3","99.84","99.73","100.58","100.6","100.62","100.55","100.72","100.88","101.08","101.27","101.95","102.05","101.59","101.51","101.82","101.76","102.12","102.26","102.67","103.09","103.49","103.79","104.79","105.91","105.59","105.62","105.69","106.05","106.5","106.74","107.16","107.64","107.63","107.89","108.47","108.54","107.99","107.8","108.23","108.47","108.61","108.81","108.9","109.08","109.28","109.63","110.24","110.25","109.81","110.59","110.56","110.64"
"4.2.1. 소비자물가지수","      오락 및 스포츠 서비스","2020=100","11","원자료","98.23","98.416","98.743","99.153","99.106","99.088","99.265","99.274","99.367","99.433","99.433","99.862","99.24","99.28","99.28","99.21","99.46","99.86","100.75","101.51","100.18","100.54","100.4","100.26","100.32","100.39","100.71","100.86","101.08","101.56","103.08","103.43","102.03","101.81","101.99","101.74","102.31","102.53","103.46","104.08","104.98","105.62","107.61","107.65","106.72","106.7","106.89","107.03","107.61","108.02","108.56","109.48","109.81","110.49","111.77","111.94","110.44","110","110.02","109.97","110.22","110.58","110.75","111.08","111.49","112.28","113.71","113.69","112.53","112.31","112.24","112.39"
"4.2.1. 소비자물가지수","        수영장이용료","2020=100","0.2","원자료","97.75","98.262","98.572","98.572","98.599","98.599","99.166","99.166","99.458","99.458","99.458","99.458","99.72","99.72","99.72","99.69","99.69","99.72","99.72","99.89","100.03","100.61","100.74","100.74","100.74","101.01","101.01","101.14","101.14","101.14","101.14","101.1","101.1","101.1","101.58","101.58","101.97","101.97","102.31","102.31","102.73","102.78","103.08","103.08","103.44","103.44","103.44","103.6","103.94","104.72","105.84","106.43","106.8","107.01","107.05","107.7","107.7","107.7","107.7","107.75","107.89","107.93","108.26","109.13","109.13","109.54","109.66","109.96","109.96","110.74","110.74","110.92"
"4.2.1. 소비자물가지수","        볼링장이용료","2020=100","0.2","원자료","99.736","99.736","99.718","99.79","99.988","100.06","100.06","99.934","99.961","99.916","99.979","100.024","100.11","100.03","100.07","100.07","99.96","99.94","99.94","100.11","100.11","100.08","100.08","99.49","99.57","100.18","99.52","99.83","99.9","99.9","99.86","99.86","99.86","99.86","100.28","100.18","100.65","100.83","101.15","101.16","101.25","101.25","101.39","101.6","101.71","101.97","102.41","103.01","103.38","103.61","104.24","104.21","104.55","104.83","105.15","105.29","105.31","105.36","105.41","105.46","106.24","106.54","106.63","106.81","106.86","106.86","107.09","107.13","107.19","107.33","107.47","107.52"
"4.2.1. 소비자물가지수","        헬스클럽이용료","2020=100","1.5","원자료","98.299","98.806","98.538","98.605","98.816","98.624","99.017","99.295","99.486","99.706","99.591","99.563","100.09","100.1","100.12","99.94","100.06","100.1","100.22","100.22","100.22","99.98","99.47","99.47","99.53","99.18","99.4","99.66","99.6","99.68","99.6","99.63","99.39","99.4","99.59","99.6","100.1","100.46","101.27","102.22","102.12","102.49","102.66","102.89","103.14","103.14","103.2","103.21","103.88","103.88","104.4","105.57","105.75","105.92","105.66","105.82","105.85","105.47","105.49","105.8","106.26","106.62","106.62","106.43","106.57","107.04","107.31","107.19","107.19","107.44","107.4","107.65"
"4.2.1. 소비자물가지수","        골프연습장이용료","2020=100","2.3","원자료","99.671","99.722","99.949","100.031","99.804","99.835","99.609","99.495","99.64","99.701","99.557","99.732","99.72","99.92","99.96","99.94","99.99","99.96","100.04","100.05","100","100.15","100.1","100.17","100.27","100.37","100.55","100.54","100.57","100.45","100.83","100.84","101.1","100.91","101.36","101.48","101.86","101.99","102.42","102.69","102.82","102.97","103.05","103.26","103.6","103.55","103.52","103.91","104.19","104.35","104.73","105.04","105.23","105.1","104.61","104.61","104.56","104.64","104.93","105","105.09","105.2","105.23","105.04","105.06","105.02","105.03","105.02","105.04","105","104.78","104.99"
"4.2.1. 소비자물가지수","        골프장이용료","2020=100","3","원자료","95.09","95.09","96.037","97.49","97.49","97.616","98.293","98.293","98.564","98.564","98.564","100.026","98.75","98.73","98.78","98.89","99.39","99.76","99.5","99.79","100.76","101.88","102.12","101.64","101.73","101.9","102.81","103.3","103.8","103.92","104.46","104.59","105.09","105.47","105.63","105.59","107.64","107.64","108.07","108.84","109.87","110.12","110.71","110.29","112.06","112.49","113.11","112.99","113.11","114.24","114.53","114.8","114.95","115.32","115.39","115.38","116.09","116.09","116.21","115.84","115.14","115.92","116.04","116.51","117.2","118.18","117.89","117.73","118.43","118.43","118.67","118.17"
"4.2.1. 소비자물가지수","        당구장이용료","2020=100","0.5","원자료","99.994","100.079","100.098","100.098","100.232","100.213","99.956","99.937","99.651","99.546","99.727","99.584","99.95","100.01","100.04","99.87","100.23","100.21","99.87","99.87","99.92","100.03","99.99","100","99.92","99.9","99.92","99.94","99.98","100.13","100.12","100.29","99.96","100.06","99.79","100.15","100.7","100.99","100.95","101.36","101.61","101.72","102","102.07","102.08","102.09","102.3","102.71","104.01","104.49","105.03","105.95","105.75","105.75","105.18","105.16","105.23","105.47","105.91","106.11","106.59","106.48","106.46","106.31","106.38","106.5","106.75","106.97","107.04","107.05","107.12","107.32"
"4.2.1. 소비자물가지수","        노래방이용료","2020=100","0.5","원자료","98.731","99.242","99.242","99.365","99.185","99.1","99.176","99.176","99.176","99.27","99.27","99.611","99.72","99.72","99.78","99.83","99.83","99.83","99.83","99.83","99.83","100.28","100.74","100.74","100.48","100.68","101.72","101.72","101.4","101.57","101.57","101.85","101.64","102.12","102.12","102.7","102.95","103.8","104.86","105.25","105.68","106.54","106.8","106.82","107.24","108.14","108.72","108.8","109.52","110.06","111.15","113.36","113.9","114.03","114.96","115.53","115.89","116.07","116.28","116.24","118.71","119.43","119.65","119.99","119.99","120.09","120.09","120.09","120.54","120.66","120.78","121.26"
"4.2.1. 소비자물가지수","        PC방이용료","2020=100","0.3","원자료","100.799","101.743","102.295","102.524","101.676","100.761","101.075","100.599","100.322","100.446","100.551","100.637","100.95","101.08","100.5","100.41","100.18","98.99","98.64","98.62","99.31","101.39","100.52","99.4","100.05","99.98","100","100.47","100.42","101.49","101.63","101.02","101.15","101.55","101.75","101.99","102.13","102.07","102.68","102.92","103.31","103.61","103.82","104.23","104.62","104.73","104.77","105.2","105.83","106.55","107.41","108.53","109.18","109.22","109.31","109.49","109.68","109.82","109.79","109.92","110.21","110.73","111.48","111.53","112.33","112.39","112.42","112.58","112.78","112.82","114.1","114.39"
"4.2.1. 소비자물가지수","        놀이시설이용료","2020=100","2.3","원자료","99.07","99.223","99.573","99.815","99.743","99.797","99.797","99.877","99.931","99.958","100.039","100.173","97.51","97.53","97.47","97.13","97.69","99.83","105.76","109.86","99.77","99.47","98.85","99.12","99.09","99.22","99.18","98.82","99.49","102.05","110.3","112.28","102.74","100.57","100.46","98.64","99.08","99.51","102.05","102.89","105.64","107.76","116.25","116.51","109.06","107.98","107.86","107.68","108.98","108.98","109.55","111.47","112.3","115.04","121.75","122.26","114.07","111.93","111.43","111.28","112.19","112.35","112.73","113.81","114.68","116.9","123.92","124.04","117.35","115.89","115.14","115.95"
"4.2.1. 소비자물가지수","        운동경기관람료","2020=100","0.2","원자료","96.955","96.955","97.39","97.461","97.461","97.461","97.461","97.461","97.461","98.1","98.1","98.1","99.01","99.01","99.01","99.01","99.01","99.01","99.01","100.53","100.53","101.95","101.95","101.95","101.95","101.95","102.06","102.06","102.06","102.06","102.06","102.06","102.06","103.34","103.35","102.09","103.2","103.2","103.91","104.06","104.06","104.06","104.15","104.15","104.24","106.77","107.6","111.18","111.18","111.47","114.14","116.91","116.91","116.91","116.91","116.91","116.91","116.96","116.89","117.19","117.19","117.39","118.37","119.28","119.28","119.28","119.28","119.28","119.28","121.27","122.22","122.22"
"4.2.1. 소비자물가지수","      문화 서비스","2020=100","16.1","원자료","98.459","98.926","99.048","99.197","99.197","99.253","99.3","99.328","99.291","99.337","99.384","99.403","100.15","100.18","100.18","100.18","99.51","100.21","99.58","99.63","99.66","99.29","100.68","100.79","100.79","100.64","100.72","100.89","101.07","101.11","101.33","101.3","101.34","101.36","101.72","101.77","102.12","102.23","102.3","102.57","102.64","102.7","103.04","104.9","104.98","105.06","105.05","105.55","105.9","106.03","106.39","106.57","106.34","106.32","106.4","106.42","106.48","106.47","107.18","107.61","107.7","107.78","107.83","107.89","107.95","108.03","108.07","108.09","108.15","109.6","109.61","109.61"
"4.2.1. 소비자물가지수","        영화관람료","2020=100","1","원자료","97.418","97.418","97.418","97.418","97.418","97.418","97.418","97.418","97.418","97.418","97.529","97.529","97.51","97.51","97.51","97.51","97.51","97.51","97.51","97.51","97.51","104.49","106.77","111.13","111.13","111.13","111.13","114.83","114.83","114.83","119.97","119.97","119.97","119.97","119.97","119.97","119.98","119.98","119.98","123.66","123.66","123.66","128.81","128.81","128.81","128.81","128.81","128.81","128.81","128.81","128.81","128.81","128.81","128.81","128.81","128.81","128.81","128.81","128.81","128.81","128.81","128.81","128.81","128.81","128.81","128.81","128.81","128.81","128.81","128.81","128.81","128.81"
"4.2.1. 소비자물가지수","        공연예술관람료","2020=100","0.7","원자료","100.213","100.213","100.213","100.213","100.213","100.213","100.213","100.213","100.213","100.213","100.213","100.213","100.07","100.07","100.07","100.07","100.22","100.38","100.38","99.81","100.38","98.78","98.78","101","101","101","100.45","100.45","100.45","100.45","100.45","101","101","101","101","101","101.03","101.03","101.03","101.03","101.03","101.03","101.03","101.03","101.03","101.03","100.08","106.31","107.03","107.03","107.03","107.03","107.03","107.03","107.03","107.03","107.03","107.03","107.03","107.03","107.03","107.03","107.03","107.03","107.03","108.55","108.55","108.55","108.55","108.55","108.55","113.19"
"4.2.1. 소비자물가지수","        관람시설이용료","2020=100","0.6","원자료","99.513","99.513","99.513","99.513","99.513","99.513","99.513","99.513","98.513","98.513","98.513","98.513","108.4","109.04","109.39","109.39","81.85","106.96","81.85","83.7","83.7","109.39","109.39","106.96","106.94","106.94","107.39","107.39","107.39","106.92","106.92","106.92","106.98","106.98","108.53","109.4","110.17","110.17","111.06","111.56","111.56","111.56","111.56","111.56","112.21","112.21","112.21","112.21","112.42","112.59","112.59","112.59","105.84","104.59","105.8","105.8","105.8","105.8","105.8","105.8","106.54","108.18","108.18","108.65","108.76","108.76","108.76","108.76","109.95","109.95","109.95","109.95"
"4.2.1. 소비자물가지수","        독서실비","2020=100","0.8","원자료","99.128","99.157","99.283","99.283","99.254","99.186","99.882","99.882","99.602","100.007","100.326","100.297","100.11","100.24","100.13","100.09","99.89","99.89","99.91","99.94","99.94","100.02","100.04","99.8","99.66","99.11","99.63","99.86","99.72","99.75","99.73","99.7","99.67","99.69","99.49","99.06","98.28","99.01","98.62","98.73","98.9","99.11","99.3","99.57","99.7","99.8","99.47","98.77","98.51","98.79","99.59","99.08","98.99","98.93","99.01","98.54","98.9","98.79","98.79","98.9","98.95","99.02","98.92","99.51","99.54","99.61","99.88","99.92","99.99","100.15","100.18","99.92"
"4.2.1. 소비자물가지수","        문화강습료","2020=100","0.9","원자료","97.525","97.669","97.893","98.163","98.064","98.388","98.675","98.729","99.098","99.295","99.295","99.43","99.38","99.39","99.39","99.39","99.4","100.16","100.28","100.3","100.41","100.62","100.61","100.66","100.66","100.66","101.5","101.77","102.18","102.66","102.88","102.91","103.27","103.46","103.5","103.92","104.13","104.23","104.49","104.7","104.73","105.29","105.56","105.71","106.24","106.51","106.81","107.48","108.12","108.8","111.09","111.13","111.2","111.75","111.91","112.2","112.51","112.43","112.42","112.45","112.74","112.72","113.48","113.26","113.51","113.53","113.49","113.49","113.67","113.48","113.39","113.91"
"4.2.1. 소비자물가지수","        온라인콘텐츠이용료","2020=100","8","원자료","98.749","100.099","100.099","100.099","100.099","100.099","100.099","100.099","100.099","100.099","100.099","100.099","100.2","100.2","100.2","100.2","100.2","100.2","100.2","100.2","100.2","97.85","100.2","100.2","100.2","100.37","100.37","100.37","100.37","100.37","100.37","100.37","100.37","100.37","100.96","100.96","101.64","101.64","101.64","101.64","101.64","101.64","101.64","105.21","105.21","105.21","105.21","105.21","105.21","105.21","105.21","105.21","105.21","105.21","105.21","105.21","105.21","105.21","106.59","107.44","107.44","107.44","107.44","107.44","107.44","107.44","107.44","107.44","107.44","110.33","110.33","110.33"
"4.2.1. 소비자물가지수","        방송수신료","2020=100","2.4","원자료","99.877","99.877","99.967","99.967","99.967","99.967","99.967","99.967","99.967","99.967","99.967","99.967","99.97","99.94","99.94","99.94","99.94","100.1","100.03","100.03","100.03","100.03","100.03","100.03","100.03","99.09","99.04","99.04","99.04","99.06","99.06","98.91","98.91","98.91","98.91","98.91","98.91","98.91","98.89","98.89","98.89","98.89","98.89","98.89","98.89","98.89","98.89","99.84","100.02","100.02","100.02","100.97","100.97","100.97","100.97","100.97","100.97","100.97","100.97","100.97","100.97","100.96","100.93","100.93","100.93","100.93","100.93","100.93","100.93","100.93","100.93","100.93"
"4.2.1. 소비자물가지수","        사진서비스료","2020=100","1.7","원자료","96.392","96.615","96.776","97.847","97.918","98.133","98.24","98.356","98.32","98.552","98.704","98.802","99.46","99.59","99.56","99.6","99.82","99.96","99.96","100.08","100.24","100.43","100.57","100.72","100.76","100.39","100.62","100.67","102.5","102.77","102.98","102.93","103.18","103.23","103.44","103.73","104.44","104.98","105.46","105.91","106.55","106.75","107.27","107.73","108.06","108.57","108.89","109.63","112.24","112.91","114.76","115.25","115.31","115.31","115.6","115.85","116.15","116.14","116.25","116.35","116.67","116.97","117.16","117.46","117.84","117.84","118.18","118.32","118.43","118.49","118.59","116.49"
"4.2.1. 소비자물가지수","    신문, 서적 및 문방구","2020=100","5.4","원자료","100.09","100.454","100.128","100.368","100.406","100.675","100.819","100.704","100.761","100.512","100.848","100.838","100.13","100.16","99.89","99.95","99.99","100.01","99.8","99.86","100","99.96","99.97","100.28","100.29","100.16","100.18","100.2","100.47","100.17","100.69","100.7","100.79","101.01","100.84","101.51","102.27","102.45","102.46","102.61","102.6","103.72","103.7","103.76","103.9","104.13","104.2","104.88","105.88","106.08","106.27","106.8","107","107.62","107.61","107.68","107.7","107.96","107.98","108.05","108.38","108.39","108.36","108.59","108.95","109.98","110.07","110.1","110.04","110.19","111.05","110.98"
"4.2.1. 소비자물가지수","      서적","2020=100","3.8","원자료","100.827","101.157","100.837","100.837","100.837","101.021","101.176","101.021","101.021","101.021","101.021","101.137","99.9","99.96","100.16","100.16","100.16","100.16","99.85","99.85","99.85","99.85","99.85","100.26","100.25","100.25","100.25","100.27","100.27","100.27","100.5","100.5","100.59","100.84","100.84","101.44","101.65","101.81","101.81","101.81","101.81","103.22","102.89","102.89","102.94","103.17","103.23","103.64","104.73","104.73","104.73","104.73","104.73","105.54","105.54","105.54","105.54","105.87","105.87","105.87","106.2","106.2","106.17","106.2","106.64","107.2","107.2","107.2","107.08","107.21","108.27","108.27"
"4.2.1. 소비자물가지수","        유아용학습교재","2020=100","0.3","원자료","98.334","98.334","98.363","98.363","98.363","98.363","98.363","98.363","98.363","98.363","98.363","98.363","98.46","98.46","100.31","100.31","100.31","100.31","100.31","100.31","100.31","100.31","100.31","100.31","100.31","100.31","100.31","100.31","100.31","100.31","100.31","100.31","100.31","100.31","100.31","100.31","100.31","100.31","100.31","100.31","100.31","100.31","100.31","100.31","100.31","100.31","100.37","100.37","107.9","107.9","107.9","107.9","107.9","107.9","107.9","107.9","107.9","107.9","107.9","107.9","107.9","107.9","107.9","107.9","112.36","112.36","112.36","112.36","112.36","112.36","112.36","112.36"
"4.2.1. 소비자물가지수","        초등학교학습서","2020=100","0.6","원자료","97.817","97.817","97.817","97.817","97.817","97.817","99.034","99.034","99.034","99.034","99.034","100","100","100","100","100","100","100","100","100","100","100","100","100","100","100","100","100","100","100","100","100","100","101.67","101.67","104.03","104.03","104.03","104.03","104.03","104.03","105.75","105.8","105.8","105.8","105.8","105.8","106.97","106.97","106.97","106.97","106.97","106.97","106.97","106.97","106.97","106.97","109.09","109.09","109.09","109.09","109.09","109.09","109.09","109.09","109.09","109.09","109.09","109.09","109.09","109.09","109.09"
"4.2.1. 소비자물가지수","        중학교학습서","2020=100","0.6","원자료","97.286","100","100","100","100","100","100","100","100","100","100","100","100","100","100","100","100","100","100","100","100","100","100","100","100","100","100","100","100","100","100","100","100","100","100","100","100.04","101.11","101.11","101.11","101.11","101.11","101.11","101.11","101.11","102.15","102.15","102.15","102.15","102.15","102.15","102.15","102.15","102.15","102.15","102.15","102.15","102.15","102.15","102.15","102.15","102.15","102.15","102.15","102.68","102.68","102.68","102.68","102.68","102.68","102.68","102.68"
"4.2.1. 소비자물가지수","        고등학교학습서","2020=100","0.6","원자료","97.747","97.747","97.747","97.747","97.747","99.225","99.225","99.225","99.225","99.225","99.225","99.225","100","100","100","100","100","100","100","100","100","100","100","100","99.97","99.97","99.97","99.97","99.97","99.97","101.44","101.44","102.69","102.69","102.69","104.25","105.35","105.35","105.35","105.35","105.35","107.61","107.61","107.61","107.61","107.61","107.61","109.17","112.37","112.37","112.37","112.37","112.37","117.73","117.73","117.73","117.73","117.73","117.73","117.73","119.87","119.87","119.87","119.87","119.87","123.53","123.53","123.53","123.53","123.53","130.53","130.53"
"4.2.1. 소비자물가지수","        대학교재","2020=100","0.2","원자료","98.733","98.733","98.733","98.733","98.733","98.733","98.733","98.733","98.733","98.733","98.733","98.733","98.76","100.11","100.11","100.11","100.11","100.11","100.11","100.11","100.11","100.11","100.11","100.11","100.11","100.11","100.11","100.55","100.55","100.55","100.55","100.55","98.29","98.29","98.29","98.29","98.29","98.29","98.29","98.29","98.29","98.29","98.36","98.36","99.19","100.49","101.29","101.29","101.29","101.29","101.29","101.29","101.29","101.29","101.29","101.29","101.29","101.29","101.29","101.29","101.29","101.29","100.76","101.29","101.29","101.29","101.29","101.29","99.24","101.29","101.29","101.29"
"4.2.1. 소비자물가지수","        서적","2020=100","1.5","원자료","100.674","100.674","100.674","100.674","100.674","100.674","100.674","100.293","100.293","100.293","100.293","100.293","100.31","100.31","100.31","100.31","100.31","100.31","99.51","99.51","99.51","99.51","99.51","100.56","100.56","100.56","100.56","100.56","100.56","100.56","100.56","100.56","100.56","100.56","100.56","100.56","100.69","100.69","100.69","100.69","100.69","102.69","101.85","101.85","101.85","101.85","101.85","101.85","101.85","101.85","101.85","101.85","101.85","101.85","101.85","101.85","101.85","101.85","101.85","101.85","101.85","101.85","101.85","101.85","101.85","101.85","101.85","101.85","101.85","101.88","101.88","101.88"
"4.2.1. 소비자물가지수","      신문 및 정기 간행물","2020=100","0.4","원자료","100","100","100","100","100","100","100","100","100","100","100","100","100","100","100","100","100","100","100","100","100","100","100","100","100","100","100","100","100","100","100","100","100","100","100","100","111.11","111.11","111.11","111.11","111.11","111.11","111.11","111.11","111.11","111.11","111.11","111.11","111.11","111.11","111.11","111.11","111.11","111.11","111.11","111.11","111.11","111.11","111.11","111.11","111.11","111.11","111.11","111.11","111.11","120.37","120.37","120.37","120.37","120.37","120.37","120.37"
"4.2.1. 소비자물가지수","        신문","2020=100","0.4","원자료","100","100","100","100","100","100","100","100","100","100","100","100","100","100","100","100","100","100","100","100","100","100","100","100","100","100","100","100","100","100","100","100","100","100","100","100","111.11","111.11","111.11","111.11","111.11","111.11","111.11","111.11","111.11","111.11","111.11","111.11","111.11","111.11","111.11","111.11","111.11","111.11","111.11","111.11","111.11","111.11","111.11","111.11","111.11","111.11","111.11","111.11","111.11","120.37","120.37","120.37","120.37","120.37","120.37","120.37"
"4.2.1. 소비자물가지수","      문방구","2020=100","1.2","원자료","97.296","97.989","97.477","98.721","98.891","99.718","99.812","99.822","100.116","98.787","100.601","100.088","100.89","100.84","98.98","99.24","99.45","99.53","99.61","99.85","100.52","100.31","100.36","100.42","100.47","99.89","100","100.03","101.22","99.87","101.48","101.51","101.6","101.78","101.04","102.05","102.34","102.59","102.66","103.33","103.33","103.87","104.8","105.11","105.55","105.89","105.99","107.78","108.81","109.7","110.59","112.99","113.84","114.04","114","114.34","114.43","114.55","114.67","114.97","115.43","115.47","115.42","116.39","116.59","116.56","116.98","117.13","117.2","117.52","117.97","117.64"
"4.2.1. 소비자물가지수","        종이문구","2020=100","0.5","원자료","97.16","97.651","98.114","98.614","98.768","98.999","99.057","99.048","99.019","99.173","99.211","99.288","99.83","99.72","99.17","99.43","100.04","100.31","100.36","100.29","100.3","100.26","100.18","100.12","100.01","99.96","100.08","100.61","100.96","100.18","101.08","101.14","101.72","101.99","102.13","102.39","102.52","103.03","103.39","104.2","104.49","105.03","105.85","106.05","106.71","106.99","107.24","108.13","108.98","110.28","111.06","112.46","113.64","113.73","113.65","114.05","114.22","114.25","114.6","114.61","114.99","115.05","115.24","116.53","116.56","116.56","117.53","117.93","117.94","118.44","118.89","118.95"
"4.2.1. 소비자물가지수","        기타문구","2020=100","0.1","원자료","96.788","98.653","97.177","99.033","99.105","99.504","99.567","99.73","99.585","97.802","99.92","96.987","100.15","100.13","98.38","98.19","98.62","98.32","98.5","98.85","99.14","101.35","103.59","104.8","106.17","105.78","106.3","106.62","107","107.98","108.16","108.22","106.61","108.41","107.67","107.9","109.45","109.18","108.09","109.6","109.93","110.14","115.53","118.45","120.22","119.17","121.57","121.58","122.56","122","122.85","123.11","123.41","123.74","123.13","122.61","122.48","122.98","123.61","123.89","124.46","124.41","124.46","124.65","124.89","124.46","124.89","125.49","125.46","125.51","126.73","126.58"
"4.2.1. 소비자물가지수","        필기구","2020=100","0.4","원자료","101.683","102.176","100.341","102.137","102.117","103.647","103.647","103.647","103.371","98.515","103.519","103.282","103.62","103.62","98.37","98.62","98.51","97.99","98.3","99.16","101.34","100.26","99.96","100.26","100.26","97.97","97.98","98.28","100.5","96.66","100.62","100.48","100.37","100.19","97.2","100.37","100.49","100.45","100.36","100.7","100.75","100.82","101.33","101.41","101.4","102.26","101.78","105.5","106.16","106.8","107.4","111.06","111.81","112.13","112.26","112.81","112.95","113.21","113.28","114.03","114.62","114.6","113.95","114.91","115.22","115.17","115.29","115.33","115.58","115.28","115.49","114.44"
"4.2.1. 소비자물가지수","        회화용구","2020=100","0.2","원자료","92.454","92.922","93.38","94.536","95.031","96.012","96.305","96.25","97.919","99.257","99.312","99.276","99.63","99.62","99.63","100.02","99.8","100.43","100.24","100.24","100.33","100.14","100.18","99.75","99.75","100.34","100.42","98.99","100.76","100.81","101.2","101.4","101.34","101.27","101.75","101.66","101.91","102.33","102.59","103.21","102.19","103.87","103.92","103.8","103.98","104.01","103.92","104.77","106.99","108.04","109.8","113.07","113.58","113.78","113.71","113.8","113.74","113.61","113.06","113.19","113.52","113.64","114.18","114.77","115.14","115.21","114.91","114.46","114.32","115.58","116.22","116.27"
"4.2.1. 소비자물가지수","    단체여행","2020=100","7.5","원자료","103.397","105.302","102.829","106.776","105.102","102.282","108.459","112.301","107.796","108.47","101.619","98.167","99.31","96.62","95.18","100.54","100.36","97.16","103.24","110.26","102.09","104.31","95.5","95.42","97.9","96.79","94.06","101.89","104.56","97.63","106.64","113.79","104.17","102.78","98.14","99.5","106.87","102.87","102.6","109.56","110.65","111.81","117.48","120.7","113.92","113.04","111.2","113.81","115.3","113.32","112.7","115.17","116","116.34","120.79","123.03","122.48","124.4","119.04","118.82","114.49","119.35","116.08","120.35","121.76","118.74","122.6","124.02","121.29","118.66","112.12","115.54"
"4.2.1. 소비자물가지수","      단체여행","2020=100","7.5","원자료","103.397","105.302","102.829","106.776","105.102","102.282","108.459","112.301","107.796","108.47","101.619","98.167","99.31","96.62","95.18","100.54","100.36","97.16","103.24","110.26","102.09","104.31","95.5","95.42","97.9","96.79","94.06","101.89","104.56","97.63","106.64","113.79","104.17","102.78","98.14","99.5","106.87","102.87","102.6","109.56","110.65","111.81","117.48","120.7","113.92","113.04","111.2","113.81","115.3","113.32","112.7","115.17","116","116.34","120.79","123.03","122.48","124.4","119.04","118.82","114.49","119.35","116.08","120.35","121.76","118.74","122.6","124.02","121.29","118.66","112.12","115.54"
"4.2.1. 소비자물가지수","        국내단체여행비","2020=100","2","원자료","93.426","99.045","94.787","98.193","101.981","98.369","101.609","105.104","98.604","102.187","97.273","97.41","93.8","96.27","91.86","99.96","102.06","95.99","101.56","115.2","101.86","109.65","94.76","97.03","95.7","101.66","93.93","103.45","112.98","97.22","110.41","124.37","107.27","105.68","101.62","107.64","111.87","116.71","113.7","124.24","124.7","127.58","140.39","148.86","133.52","132.98","121.51","119.45","117.33","121.6","118.55","123.42","126.27","124.29","128.06","133.94","124.35","128.81","122.82","120.36","110.22","129.19","118.02","127.43","131.98","122.59","129.45","136.13","122.03","125.98","119.45","116.77"
"4.2.1. 소비자물가지수","        해외단체여행비","2020=100","5.5","원자료","105.479","106.612","104.505","108.57","105.746","103.104","109.885","113.8","109.714","109.778","102.516","98.323","102.75","96.84","97.26","100.91","99.29","97.89","104.29","107.17","102.24","100.97","95.97","94.41","99.27","93.75","94.14","100.91","99.29","97.89","104.29","107.17","102.24","100.97","95.97","94.41","100.6","94.18","94.73","100.33","101.56","102.15","105.48","107","103.06","102.12","103.18","107.04","109.52","105.8","105.92","107.56","107.77","108.77","113.21","114.29","116.42","117.51","112.57","113.02","110.59","111.1","110.28","112.86","113.28","112.27","115.07","114.89","115.62","111.18","104.93","109.97"
"4.2.1. 소비자물가지수","  교육","2020=100","73.9","원자료","102.456","102.563","102.602","102.66","102.748","102.797","102.797","102.826","101.031","101.168","101.217","101.275","99.86","100.04","100.03","100.06","99.97","100.01","100.08","100.17","99.87","99.9","99.97","100.03","100.25","100.39","100.77","100.89","100.89","100.95","101","101.1","100.94","101.04","101.05","101.15","101.48","101.66","101.73","101.94","102.1","102.42","102.52","102.61","102.54","102.53","102.47","102.7","103.19","103.43","104.07","104.31","104.4","104.44","104.46","104.46","104.49","104.55","104.48","104.52","104.96","105.09","105.43","105.76","105.9","105.91","106.18","106.41","106.51","106.56","106.63","106.74"
"4.2.1. 소비자물가지수","    유치원 및 초등교육","2020=100","1.8","원자료","105.253","105.253","104.836","104.836","104.836","104.836","104.836","104.836","104.409","104.409","104.4","104.4","105.12","105.12","105.12","105.12","97.7","97.42","97.42","97.42","97.39","97.39","97.39","97.39","97.39","97.39","91.17","91.17","91.17","91.17","91.17","91.17","91.3","91.3","91.3","91.3","93.4","93.4","73.85","73.85","73.85","73.85","73.85","73.85","73.42","73.42","73.42","73.42","73.42","73.42","69.93","69.65","69.66","69.66","68.87","68.81","67.54","67.25","67.25","67.25","67.25","67.25","64.98","64.97","64.97","64.97","64.97","65.05","65.05","65.05","65.05","65.05"
"4.2.1. 소비자물가지수","      유치원 및 초등교육","2020=100","1.8","원자료","105.253","105.253","104.836","104.836","104.836","104.836","104.836","104.836","104.409","104.409","104.4","104.4","105.12","105.12","105.12","105.12","97.7","97.42","97.42","97.42","97.39","97.39","97.39","97.39","97.39","97.39","91.17","91.17","91.17","91.17","91.17","91.17","91.3","91.3","91.3","91.3","93.4","93.4","73.85","73.85","73.85","73.85","73.85","73.85","73.42","73.42","73.42","73.42","73.42","73.42","69.93","69.65","69.66","69.66","68.87","68.81","67.54","67.25","67.25","67.25","67.25","67.25","64.98","64.97","64.97","64.97","64.97","65.05","65.05","65.05","65.05","65.05"
"4.2.1. 소비자물가지수","        유치원납입금","2020=100","1.8","원자료","105.253","105.253","104.836","104.836","104.836","104.836","104.836","104.836","104.409","104.409","104.4","104.4","105.12","105.12","105.12","105.12","97.7","97.42","97.42","97.42","97.39","97.39","97.39","97.39","97.39","97.39","91.17","91.17","91.17","91.17","91.17","91.17","91.3","91.3","91.3","91.3","93.4","93.4","73.85","73.85","73.85","73.85","73.85","73.85","73.42","73.42","73.42","73.42","73.42","73.42","69.93","69.65","69.66","69.66","68.87","68.81","67.54","67.25","67.25","67.25","67.25","67.25","64.98","64.97","64.97","64.97","64.97","65.05","65.05","65.05","65.05","65.05"
"4.2.1. 소비자물가지수","    고등교육","2020=100","13.1","원자료","101.168","101.168","100.914","100.914","100.914","100.914","100.914","100.914","100.914","100.914","100.914","100.914","100.93","100.93","100.52","100.52","100.52","100.52","100.52","100.52","98.75","98.75","98.75","98.75","98.75","98.75","100.1","100.1","100.1","100.1","100.1","100.1","100.1","100.1","100.1","100.1","100.1","100.1","99.6","99.6","99.6","99.6","99.6","99.6","99.61","99.61","99.61","99.61","99.61","99.61","99.94","99.94","99.94","99.94","99.94","99.94","99.94","99.94","99.94","99.94","99.94","99.94","100.48","100.48","100.48","100.48","100.48","100.48","100.52","100.52","100.52","100.52"
"4.2.1. 소비자물가지수","      고등교육","2020=100","13.1","원자료","101.168","101.168","100.914","100.914","100.914","100.914","100.914","100.914","100.914","100.914","100.914","100.914","100.93","100.93","100.52","100.52","100.52","100.52","100.52","100.52","98.75","98.75","98.75","98.75","98.75","98.75","100.1","100.1","100.1","100.1","100.1","100.1","100.1","100.1","100.1","100.1","100.1","100.1","99.6","99.6","99.6","99.6","99.6","99.6","99.61","99.61","99.61","99.61","99.61","99.61","99.94","99.94","99.94","99.94","99.94","99.94","99.94","99.94","99.94","99.94","99.94","99.94","100.48","100.48","100.48","100.48","100.48","100.48","100.52","100.52","100.52","100.52"
"4.2.1. 소비자물가지수","        전문대학납입금","2020=100","1.1","원자료","100.316","100.316","100.316","100.316","100.316","100.316","100.316","100.316","100.316","100.316","100.316","100.316","100.31","100.31","100.49","100.49","100.49","100.49","100.49","100.49","99.11","99.11","99.11","99.11","99.11","99.11","100.51","100.51","100.51","100.51","100.51","100.51","100.51","100.51","100.51","100.51","100.5","100.5","100.72","100.72","100.72","100.72","100.72","100.72","100.71","100.71","100.71","100.71","100.71","100.71","101.4","101.4","101.4","101.4","101.4","101.4","101.4","101.4","101.4","101.4","101.4","101.4","101.7","101.7","101.7","101.7","101.7","101.7","101.7","101.7","101.7","101.7"
"4.2.1. 소비자물가지수","        국공립대학교납입금","2020=100","1.4","원자료","100.85","100.85","100.758","100.758","100.758","100.758","100.758","100.758","100.758","100.758","100.758","100.758","100.76","100.76","100.69","100.69","100.69","100.69","100.69","100.69","98.58","98.58","98.58","98.58","98.58","98.58","100.68","100.68","100.68","100.68","100.68","100.68","100.68","100.68","100.68","100.68","100.67","100.67","100.67","100.67","100.67","100.67","100.67","100.67","100.67","100.67","100.67","100.67","100.67","100.67","100.67","100.67","100.67","100.67","100.67","100.67","100.67","100.67","100.67","100.67","100.67","100.67","100.67","100.67","100.67","100.67","100.67","100.67","100.67","100.67","100.67","100.67"
"4.2.1. 소비자물가지수","        사립대학교납입금","2020=100","8.6","원자료","101.772","101.772","101.312","101.312","101.312","101.312","101.312","101.312","101.312","101.312","101.312","101.312","101.28","101.28","100.58","100.58","100.58","100.58","100.58","100.58","98.49","98.49","98.49","98.49","98.49","98.49","99.94","99.94","99.94","99.94","99.94","99.94","99.93","99.93","99.93","99.93","99.97","99.97","99.11","99.11","99.11","99.11","99.11","99.11","99.12","99.12","99.12","99.12","99.12","99.12","99.27","99.27","99.27","99.27","99.27","99.27","99.27","99.27","99.27","99.27","99.27","99.27","99.67","99.67","99.67","99.67","99.67","99.67","99.73","99.73","99.73","99.73"
"4.2.1. 소비자물가지수","        국공립대학원납입금","2020=100","0.4","원자료","99.007","99.007","99.607","99.607","99.607","99.607","99.607","99.607","99.607","99.607","99.607","99.607","99.62","99.62","100.08","100.08","100.08","100.08","100.08","100.08","100.08","100.08","100.08","100.08","100.08","100.08","100.25","100.25","100.25","100.25","100.25","100.25","100.25","100.25","100.25","100.25","100.28","100.28","100.63","100.63","100.63","100.63","100.63","100.63","100.59","100.59","100.59","100.59","100.59","100.59","102.24","102.24","102.24","102.24","102.24","102.24","102.22","102.22","102.22","102.22","102.22","102.22","104.12","104.12","104.12","104.12","104.12","104.12","104.12","104.12","104.12","104.12"
"4.2.1. 소비자물가지수","        사립대학원납입금","2020=100","1.6","원자료","99.198","99.198","99.618","99.618","99.618","99.618","99.618","99.618","99.618","99.618","99.618","99.618","99.62","99.62","100.07","100.07","100.07","100.07","100.07","100.07","100.07","100.07","100.07","100.07","100.07","100.07","100.19","100.19","100.19","100.19","100.19","100.19","100.19","100.19","100.19","100.19","100.19","100.19","100.52","100.52","100.52","100.52","100.52","100.52","100.52","100.52","100.52","100.52","100.52","100.52","101.53","101.53","101.53","101.53","101.53","101.53","101.53","101.53","101.53","101.53","101.53","101.53","103.14","103.14","103.14","103.14","103.14","103.14","103.14","103.14","103.14","103.14"
"4.2.1. 소비자물가지수","    기타교육","2020=100","59","원자료","97.766","97.903","98.25","98.341","98.451","98.56","98.57","98.606","98.652","98.834","98.907","99.008","99.34","99.58","99.7","99.74","99.89","99.95","100.05","100.17","100.3","100.33","100.43","100.51","100.8","101","101.31","101.48","101.48","101.57","101.63","101.76","101.55","101.68","101.69","101.82","102.2","102.42","103.42","103.7","103.9","104.31","104.43","104.55","104.48","104.46","104.39","104.68","105.29","105.62","106.48","106.8","106.94","106.96","107.03","107.03","107.12","107.22","107.11","107.17","107.74","107.89","108.3","108.72","108.89","108.91","109.26","109.55","109.66","109.73","109.82","109.95"
"4.2.1. 소비자물가지수","      학원 및 보습교육","2020=100","52.8","원자료","97.749","97.877","98.241","98.333","98.451","98.597","98.634","98.661","98.689","98.853","98.935","99.035","99.38","99.61","99.72","99.77","99.88","99.94","100.06","100.1","100.23","100.34","100.46","100.5","100.77","100.97","101.36","101.54","101.65","101.69","101.75","101.8","101.64","101.67","101.71","101.86","102.34","102.59","103.61","103.91","104.12","104.55","104.65","104.75","104.73","104.67","104.74","105","105.64","105.95","106.68","107.02","107.16","107.17","107.22","107.19","107.28","107.38","107.25","107.31","107.9","108.05","108.51","108.96","109.08","109.1","109.45","109.77","109.85","109.9","109.97","110.11"
"4.2.1. 소비자물가지수","        초등학생학원비","2020=100","7.6","원자료","98.165","98.175","98.51","98.528","98.556","98.575","98.575","98.612","98.556","98.677","98.677","98.807","99.52","99.67","99.83","99.66","99.72","99.72","99.86","99.85","100.26","100.52","100.69","100.71","100.79","100.87","101.06","101.17","101.25","101.25","101.32","101.41","101.6","101.62","101.76","101.79","102.25","102.88","103.12","103.48","103.56","103.63","103.7","103.77","103.91","103.94","104.05","104.14","104.65","104.85","105.41","105.59","105.68","105.68","105.74","106.05","106.18","106.32","106.37","106.39","107.06","107.15","107.75","107.85","107.99","107.98","108.1","108.37","108.47","108.48","108.76","108.96"
"4.2.1. 소비자물가지수","        중학생학원비","2020=100","13.8","원자료","97.281","97.456","97.704","97.815","97.888","98.21","98.256","98.275","98.247","98.422","98.431","98.44","99.3","99.6","99.63","99.71","99.91","99.91","100.08","100.08","100.3","100.46","100.46","100.55","100.96","101.25","101.56","101.74","101.84","101.84","101.84","101.84","101.87","101.87","101.94","102.09","102.56","102.67","102.99","103.18","103.49","103.55","103.59","103.65","103.75","103.77","103.79","104.01","104.84","104.98","105.53","105.97","106.22","106.22","106.29","106.33","106.46","106.53","106.52","106.56","107.39","107.34","107.81","107.67","107.67","107.67","107.84","108.04","108.1","108.17","108.25","108.42"
"4.2.1. 소비자물가지수","        고등학생학원비","2020=100","13.8","원자료","97.756","97.909","98.188","98.188","98.322","98.43","98.421","98.448","98.556","98.745","99.014","99.257","99.36","99.52","99.69","99.67","99.8","99.91","100.1","100.21","100.26","100.31","100.58","100.59","100.67","100.81","100.95","101","101.1","101.09","101.15","101.2","101.2","101.2","101.25","101.4","101.83","101.96","102.58","102.85","102.87","102.9","102.95","103.03","103.11","103.12","103.26","103.56","104.1","104.55","104.98","105.32","105.34","105.35","105.36","105.44","105.46","105.53","105.62","105.72","106.08","106.3","106.35","106.48","106.48","106.48","106.47","106.62","106.75","106.75","106.75","106.77"
"4.2.1. 소비자물가지수","        음악학원비","2020=100","3","원자료","96.93","97.088","97.395","97.684","97.702","97.702","97.728","97.728","97.807","97.991","98.052","98.087","98.77","99.26","99.64","99.91","99.97","100.18","100.25","100.25","100.25","100.37","100.51","100.64","101.06","101.54","102.63","103.32","103.4","103.72","103.75","103.92","104.11","104.34","104.39","104.46","105.75","106.32","107.76","107.91","107.98","108.13","108.28","108.53","108.88","109.06","109.06","109.22","109.65","110.17","111.43","111.88","112.03","112.03","112.24","112.29","112.39","112.59","112.59","112.59","113.01","113.46","113.96","114.19","114.69","114.78","114.74","114.96","114.96","114.87","114.98","115.22"
"4.2.1. 소비자물가지수","        미술학원비","2020=100","2.6","원자료","96.551","96.685","97.576","97.656","97.951","98.058","98.209","98.423","98.53","98.762","98.833","98.833","99.61","99.68","99.75","99.82","99.93","100.11","100.11","100.17","100.15","100.15","100.25","100.27","100.59","100.98","101.73","102.02","102.41","102.5","103","103","103.4","103.21","103.21","103.55","103.66","103.99","106.23","106.78","106.81","107.13","107.2","108.28","108.6","108.75","108.75","108.94","109.64","110.55","111.72","112.72","113.08","113.1","113.23","113.37","113.44","113.44","113.58","113.62","114.09","114.42","114.95","115.43","115.98","116.06","116.06","116.26","116.43","116.43","116.48","116.48"
"4.2.1. 소비자물가지수","        운동학원비","2020=100","5.7","원자료","95.854","96.035","96.991","97.361","97.783","97.938","98.093","98.153","98.171","98.489","98.558","98.636","99.07","99.58","99.58","99.92","100.01","100.12","100.12","100.12","100.25","100.39","100.41","100.43","100.61","100.89","102.56","103.01","103.23","103.34","103.43","103.63","103.82","104.01","104.01","104.42","105.89","106.16","107.21","107.52","107.78","107.92","108.22","108.23","108.4","108.46","108.65","109.04","110.4","110.86","112.29","112.52","112.74","112.74","113","113.1","113.43","113.64","113.56","113.6","114.64","115.2","115.85","116.31","116.4","116.4","116.4","116.4","116.53","116.87","117.08","117.43"
"4.2.1. 소비자물가지수","        전산학원비","2020=100","0.5","원자료","97.105","97.114","97.114","97.264","97.441","97.497","97.534","97.534","97.609","97.683","98.028","98.298","98.78","99.5","99.55","100.01","100.01","100.05","100.11","100.33","100.32","100.38","100.44","100.54","100.75","100.9","101.11","101.11","101.32","101.32","101.32","101.34","101.34","101.49","101.49","102.01","102.79","103.89","104.22","104.23","104.28","104.49","104.75","104.77","104.81","104.85","105.21","105.23","105.92","106.58","107.98","108.58","108.68","108.68","108.79","108.97","109","109.28","109.34","109.35","109.83","109.93","110.19","110.22","110.32","110.72","110.89","111.14","111.24","111.24","111.29","111.31"
"4.2.1. 소비자물가지수","        가정학습지","2020=100","3.5","원자료","100","100","100","100","100","100","100","100","100","100","100","100","100","100","100","100","100","100","100","100","100","100","100","100","100","100","99.67","99.67","99.67","99.67","99.67","99.67","99.67","99.67","99.67","99.67","98.95","98.95","101.53","101.53","101.66","106.02","106.02","106.02","106.02","106.02","106.02","106.02","106.02","106.02","106.02","106.02","106.02","106.02","106.02","106.02","106.02","106.02","106.02","106.02","106.02","106.02","106.02","110.31","110.86","110.86","115.31","117.84","117.84","117.84","117.84","117.84"
"4.2.1. 소비자물가지수","        이러닝이용료","2020=100","0.7","원자료","120.623","120.623","120.623","120.623","120.623","120.623","120.623","120.623","120.623","120.623","120.623","120.623","100","100","100","100","100","100","100","100","100","100","100","100","107.46","107.46","107.46","107.46","107.46","107.46","107.46","107.46","107.46","107.46","107.46","107.46","110.01","110.01","110.01","110.01","110.01","110.01","110.01","110.01","110.01","110.01","110.01","110.01","97.14","97.14","97.14","97.14","97.14","97.14","97.14","97.14","97.14","97.14","97.14","97.14","98.57","98.57","98.57","98.57","98.57","98.57","98.57","98.57","98.57","98.57","98.57","98.57"
"4.2.1. 소비자물가지수","        학교보충교육비","2020=100","1.4","원자료","98.772","98.81","99.63","99.64","99.821","99.85","99.888","99.955","100.021","100.012","100.012","100.021","100.1","100.09","100.09","100.09","100.09","99.89","99.93","99.93","99.93","99.74","100.06","100.09","100.09","100.09","100.57","100.72","100.96","101.11","101.15","101.31","92.39","92.31","91.92","91.92","90.07","90.07","99.97","101.94","104.6","107.39","107.47","107.37","102.04","98.46","98.46","99.99","105.69","105.76","109.21","109.72","109.77","109.65","109.08","104.34","104.09","104.09","98.62","99.08","98.89","98.91","102.88","105.25","105.26","105.25","105.25","105.36","104.78","104.83","104.18","104.2"
"4.2.1. 소비자물가지수","        기타학원비","2020=100","0.2","원자료","97.287","97.542","99.012","99.135","99.135","99.427","99.427","99.531","99.531","99.531","99.531","99.531","99.79","99.93","99.93","99.93","99.93","99.93","100.01","100.01","100.12","100.14","100.14","100.14","100.14","100.14","100.17","100.36","100.8","100.81","100.85","100.95","101.19","101.4","101.4","101.39","101.13","101.73","102.54","102.71","102.76","102.76","102.95","103","102.91","102.94","103.09","103.11","103.31","103.91","105.63","105.84","105.89","106.22","106.22","106.22","106.22","105.96","105.96","106.02","106.3","106.46","106.55","106.55","106.64","106.64","107.08","107.08","107.08","107.08","107.15","107.15"
"4.2.1. 소비자물가지수","      성인학원 및 기타교육","2020=100","6.2","원자료","97.994","98.382","98.363","98.437","98.474","97.994","97.588","97.772","98.123","98.613","98.474","98.53","98.95","99.23","99.54","99.44","99.91","100.04","99.89","100.91","101.02","100.29","100.15","100.64","101.19","101.35","100.83","100.9","99.69","100.27","100.43","101.25","100.56","101.8","101.5","101.42","100.44","100.47","101.37","101.45","101.62","101.69","102.18","102.22","101.9","102.27","100.92","101.48","101.91","102.28","104.32","104.39","104.47","104.73","104.85","105.09","105.21","105.27","105.41","105.43","105.82","105.97","105.92","106.23","106.77","106.86","107.1","107.1","107.53","107.79","107.98","108.05"
"4.2.1. 소비자물가지수","        취업학원비","2020=100","2","원자료","97.802","98.421","98.347","98.384","98.043","96.842","94.874","94.994","95.826","97.442","96.759","96.795","97.91","98.57","99.28","99.28","99.86","100.02","99.58","102.14","102.33","100.18","99.8","101.08","102.48","102.77","101.38","102.01","98.56","100.07","100.46","102.69","100.75","103.92","102.97","102.68","99.53","99.56","101.27","101.41","101.36","101.51","102.06","102.07","100.99","101.53","97.35","98.86","98.99","99.08","103.3","102.59","102.64","102.8","102.97","103.45","103.83","103.97","104.37","104.4","104.54","104.52","103.91","104.02","105.56","105.62","106.08","106.09","107.16","107.16","107.61","107.82"
"4.2.1. 소비자물가지수","        외국어학원비","2020=100","0.5","원자료","97.385","97.458","97.712","97.794","97.985","98.03","98.13","98.23","98.221","98.33","98.684","98.857","99.24","99.25","99.61","99.73","99.73","99.79","99.97","100.14","100.49","100.65","100.67","100.75","100.85","101.03","101.56","101.72","101.58","101.64","101.39","101.38","101.74","102.11","102.46","102.5","103.03","103.18","103.56","103.6","103.82","103.93","104.9","105.42","105.74","105.97","106.07","106.39","107.06","107.36","107.46","108.12","108.43","108.46","108.68","108.94","108.97","109.14","109.19","109.31","110.5","110.63","110.98","111.28","111.3","111.25","111.38","111.36","111.49","111.47","111.75","111.87"
"4.2.1. 소비자물가지수","        운동강습료","2020=100","3.7","원자료","98.415","98.806","98.685","98.787","98.982","98.74","99.103","99.383","99.578","99.513","99.513","99.513","99.65","99.72","99.72","99.49","99.98","100.11","100.11","100.16","100.16","100.29","100.3","100.3","100.32","100.37","100.27","99.9","100.12","100.12","100.19","100.16","100.16","100.16","100.21","100.26","100.5","100.51","101.03","101.08","101.37","101.39","101.78","101.78","101.8","102.08","102.08","102.16","102.73","103.26","104.35","104.78","104.85","105.18","105.26","105.37","105.37","105.37","105.37","105.37","105.8","106.06","106.24","106.66","106.73","106.85","106.99","106.99","107.09","107.55","107.58","107.58"
"4.2.1. 소비자물가지수","  음식 및 숙박","2020=100","144.7","원자료","98.699","98.87","98.636","98.789","98.978","99.068","99.284","99.545","99.05","99.212","99.23","99.374","99.72","99.65","99.5","99.58","99.79","99.88","100.12","100.39","100.21","100.43","100.23","100.51","100.79","101.06","101.42","101.94","102.13","102.32","102.9","103.39","103.44","103.82","104.28","105.26","106.26","107.13","107.91","108.51","109.55","110.38","111.59","112.61","112.57","112.94","113.12","113.83","114.41","115","115.84","116.69","117.04","117.25","117.94","118.4","117.96","118.18","118.38","118.88","119.09","119.39","119.78","120.14","120.38","120.77","121.32","121.65","121.02","121.63","121.87","122.18"
"4.2.1. 소비자물가지수","    음식 서비스","2020=100","138","원자료","98.891","99.071","98.891","99.062","99.197","99.314","99.377","99.449","99.179","99.359","99.395","99.485","99.63","99.67","99.62","99.69","99.84","99.95","99.98","100.02","100.26","100.47","100.34","100.54","100.9","101.16","101.64","102.12","102.26","102.5","102.78","103.09","103.51","103.91","104.48","105.38","106.36","107.38","108.35","108.87","109.85","110.72","111.42","112.22","112.8","113.13","113.42","113.99","114.57","115.4","116.29","117.06","117.34","117.57","117.87","118.01","118.24","118.43","118.81","118.96","119.47","119.79","120.21","120.53","120.68","121.08","121.23","121.3","121.26","121.86","122.22","122.45"
"4.2.1. 소비자물가지수","      음식 서비스","2020=100","138","원자료","98.891","99.071","98.891","99.062","99.197","99.314","99.377","99.449","99.179","99.359","99.395","99.485","99.63","99.67","99.62","99.69","99.84","99.95","99.98","100.02","100.26","100.47","100.34","100.54","100.9","101.16","101.64","102.12","102.26","102.5","102.78","103.09","103.51","103.91","104.48","105.38","106.36","107.38","108.35","108.87","109.85","110.72","111.42","112.22","112.8","113.13","113.42","113.99","114.57","115.4","116.29","117.06","117.34","117.57","117.87","118.01","118.24","118.43","118.81","118.96","119.47","119.79","120.21","120.53","120.68","121.08","121.23","121.3","121.26","121.86","122.22","122.45"
"4.2.1. 소비자물가지수","        김치찌개백반","2020=100","4.8","원자료","97.285","97.597","97.945","98.114","98.114","98.31","98.31","98.364","98.542","98.881","99.121","99.246","99.34","99.46","99.46","99.49","99.71","99.94","100.3","100.35","100.38","100.5","100.53","100.53","101.2","101.4","102.35","102.37","102.37","102.75","103.01","103.39","103.9","104.03","104.51","104.77","106.07","106.83","107.52","108.35","109.5","110.75","111.93","112.59","113.12","113.58","114.25","114.55","115.56","116.38","116.95","117.65","117.78","117.86","118.18","118.35","118.36","118.5","118.95","119.3","119.72","120.52","121.23","122.09","122.62","122.68","122.98","123.12","123.5","123.59","123.74","124.03"
"4.2.1. 소비자물가지수","        된장찌개백반","2020=100","4.3","원자료","97.741","98.053","98.454","98.632","98.632","98.694","98.694","98.748","98.748","99.264","99.264","99.407","99.46","99.7","99.75","99.75","99.98","99.98","100.13","100.15","100.18","100.23","100.36","100.36","100.84","101.02","101.47","101.65","101.65","102.15","102.52","102.91","103.35","103.48","104.19","104.36","105.93","106.5","107.37","108.03","109.31","110.5","111.98","112.32","113.06","113.53","113.79","114.17","114.75","115.38","116.38","117.26","117.37","117.32","117.64","117.81","117.96","118.09","118.63","118.71","119.2","120.01","120.5","121.11","121.59","121.59","121.63","121.96","122.42","122.42","122.67","123.1"
"4.2.1. 소비자물가지수","        비빔밥","2020=100","2.4","원자료","98.529","98.601","98.933","99.185","99.284","99.356","99.356","99.491","99.473","99.599","99.643","99.652","99.68","99.85","99.87","99.94","99.93","99.89","99.98","100.01","100.08","100.12","100.27","100.37","100.54","100.8","100.98","101.98","102.32","102.67","103.62","103.75","104.11","104.54","104.88","105.4","106.03","106.69","107.31","108.32","109.46","110.19","111.86","112.27","112.42","112.76","113.24","113.38","114.08","115.7","116.35","117.09","117.5","118.07","118.37","118.67","119","121.19","121.33","121.56","121.97","122.77","122.98","123.28","123.59","123.86","124","124.39","124.69","125.23","125.6","125.77"
"4.2.1. 소비자물가지수","        설렁탕","2020=100","2","원자료","97.665","98.024","98.4","98.444","98.549","98.908","98.908","99.048","99.057","99.109","99.109","99.249","99.45","99.62","99.55","99.62","99.69","99.74","100","100","100.06","100.25","101.01","101.01","101.23","102.19","102.36","102.47","102.56","102.77","103.3","103.57","104.27","104.78","105.92","106.81","108.84","109.99","110.61","110.62","111.43","112.02","112.6","113.55","114.16","114.46","115.02","115.28","115.79","117.07","118.12","118.84","119.03","119.29","119.62","119.81","120.05","120.11","120.9","121.01","122.19","122.48","122.73","122.99","123.23","123.46","123.59","123.88","124.51","125.23","125.46","125.81"
"4.2.1. 소비자물가지수","        갈비탕","2020=100","2.2","원자료","96.767","96.865","97.104","97.087","97.301","97.301","97.35","97.744","97.868","98.048","98.155","98.155","98.77","99.05","99.26","99.51","99.47","99.63","99.93","100.17","100.58","101.13","101.2","101.28","101.78","102.23","102.77","102.99","103.56","104.58","106","106.58","106.88","107.99","110.02","111.36","113.01","113.92","114.84","115.44","116.21","117.27","119.36","120.46","120.7","121.05","121.4","121.51","122.21","122.4","122.79","123.97","124.08","124.4","124.4","124.55","124.94","125.03","125.82","126.03","126.39","126.62","126.97","127.17","127.24","127.32","127.85","127.89","128.25","128.56","128.86","129.16"
"4.2.1. 소비자물가지수","        삼계탕","2020=100","2.2","원자료","98.275","98.612","98.922","99.077","99.277","99.405","99.642","99.742","99.778","99.778","99.778","99.778","99.88","99.87","99.87","99.95","99.95","99.95","100.05","99.83","99.9","100.23","100.23","100.3","100.32","100.42","100.61","100.99","101.38","101.38","101.78","102.12","102.4","102.46","102.7","102.79","103.53","104.18","104.59","105.61","106.3","107.4","109.98","111.41","111.68","111.86","112.6","112.81","113.28","113.63","114.82","115.74","116.32","117.01","117.66","118.04","118.12","118.12","118.18","118.22","118.32","118.38","118.67","118.99","119.25","119.24","119.89","119.9","120.46","120.32","120.33","120.48"
"4.2.1. 소비자물가지수","        해물찜","2020=100","4.1","원자료","99.129","99.315","99.427","99.408","99.436","99.436","99.287","99.445","99.557","99.687","99.78","99.78","99.94","99.84","99.84","99.83","99.92","99.85","99.95","100.13","100.1","100.15","100.18","100.27","100.57","100.67","100.9","100.9","100.92","100.95","100.95","101.06","101.27","101.37","101.56","101.96","102.82","103.12","103.77","104.34","104.85","105.24","105.85","106.25","106.45","106.57","106.95","107.64","108.45","108.68","109.03","109.75","109.95","109.98","110.27","110.27","110.45","110.55","110.78","110.97","111.81","111.97","112.3","112.89","113.17","113.13","113.19","113.48","113.52","113.71","113.65","113.72"
"4.2.1. 소비자물가지수","        해장국","2020=100","5","원자료","97.586","97.863","97.926","98.23","98.23","98.319","98.266","98.266","98.266","98.498","98.498","98.588","99.42","99.72","99.8","100.01","100.08","100.08","100.08","100.08","100.08","100.1","100.28","100.28","100.8","100.88","101.23","101.46","101.46","101.62","101.96","101.96","102.39","103.49","104.04","105.12","106.45","107.13","108.31","109.15","110.13","111.22","112.68","114.23","114.75","115.54","116.28","116.32","116.58","117.93","118.62","119.43","119.62","119.85","120.14","120.37","120.84","121","121.55","121.99","122.94","123.52","123.74","124.1","124.21","124.21","124.31","124.41","124.87","125.93","126.09","126.2"
"4.2.1. 소비자물가지수","        불고기","2020=100","1.1","원자료","97.369","97.475","97.882","98.165","98.475","98.475","98.475","98.59","98.608","98.759","98.874","98.971","99.14","99.21","99.37","99.44","99.41","99.76","100.1","100.13","100.51","100.61","100.87","101.45","101.62","101.68","102.08","102.27","102.72","102.8","103.25","103.34","103.74","104.53","105.83","106.28","107.3","107.78","108.35","108.61","108.67","109.01","110.29","110.68","111.34","111.52","112.14","112.57","112.75","112.95","113.37","115.36","115.48","115.51","115.65","115.71","115.99","116.13","116.33","116.6","117.16","117.58","117.94","118.44","118.44","118.66","118.95","119.03","119.24","119.53","119.72","120.19"
"4.2.1. 소비자물가지수","        쇠고기(외식)","2020=100","8.3","원자료","96.662","96.861","96.861","97.07","97.252","97.399","97.434","97.53","97.634","97.955","98.111","98.25","98.63","98.84","98.91","98.91","99.35","99.75","100","100.64","100.82","101.11","101.45","101.59","101.87","102.4","102.68","102.75","102.79","103.5","104.25","104.76","105.53","106.6","108.25","109.18","110.05","110.76","110.98","111.39","112.15","113.25","113.41","114.04","114.36","114.49","114.76","115.5","115.75","116.22","116.27","116.26","116.26","116.51","116.34","116.6","116.89","116.99","117.44","117.84","118.18","118.41","118.49","118.51","118.64","118.58","118.56","118.64","118.88","119.07","119.38","119.58"
"4.2.1. 소비자물가지수","        돼지갈비(외식)","2020=100","6.1","원자료","98.71","98.745","98.906","98.933","98.969","99.166","99.3","99.318","99.318","99.747","99.747","99.747","99.73","99.48","99.66","99.71","99.94","99.98","100.14","100.13","100.25","100.31","100.33","100.34","100.58","100.69","101.03","101.35","101.57","101.8","102.14","102.55","103.15","103.82","104.69","105.92","107.02","108.24","108.92","109.4","110.16","111.28","112.77","113.11","113.69","114.08","114.91","115.58","116.01","116.48","117.26","117.68","118.29","118.41","118.89","118.7","119.14","119.07","119.75","120.41","120.91","120.72","120.92","121.27","121.37","121.49","121.52","121.65","121.86","122.07","122.2","122.67"
"4.2.1. 소비자물가지수","        삼겹살(외식)","2020=100","7.2","원자료","98.135","98.108","98.331","98.241","98.277","98.634","98.803","98.803","98.874","99.097","99.266","99.346","100.12","99.84","99.84","99.69","99.75","99.83","99.83","99.83","99.99","100.25","100.51","100.55","100.74","100.84","101.08","101.24","101.29","101.61","101.97","102.41","103.5","103.76","104.7","105.91","106.68","107.38","107.76","108.15","109.78","111.81","113.43","113.93","114.68","114.81","115.22","115.83","116.17","116.89","117.02","117.51","117.63","117.83","118.02","117.93","118","118.04","118.06","118.62","119","119.66","119.73","119.75","119.95","120","120.07","120.17","120.45","120.68","121.02","121.13"
"4.2.1. 소비자물가지수","        오리고기(외식)","2020=100","1.5","원자료","98.783","99.056","99.216","99.357","99.357","99.357","99.414","99.621","99.649","99.649","99.856","99.856","99.97","99.99","99.88","99.89","99.9","99.91","99.94","99.94","100.05","100.07","100.21","100.26","100.26","100.6","101.18","101.69","101.87","101.99","102.07","102.13","102.51","102.69","103.06","103.81","104.92","105.34","105.58","106.3","107.34","108.12","109.39","110.33","110.76","110.84","111.36","111.44","112.55","113.52","115.14","116.51","117.24","117.82","118.39","118.63","118.78","118.94","119.16","119.58","119.97","120.31","120.77","121.19","121.24","121.32","121.3","121.51","121.57","121.54","121.8","121.83"
"4.2.1. 소비자물가지수","        냉면","2020=100","2.4","원자료","96.783","97.223","97.953","98.349","98.648","98.719","98.763","98.912","99.062","98.991","99.062","98.886","99.38","99.51","99.57","99.44","99.79","100.05","100.26","100.36","100.36","100.36","100.47","100.47","100.55","100.42","101.16","101.83","102.23","102.61","103.05","103.36","103.5","104.15","105.38","105.84","106.56","107.87","108.83","110.14","110.48","111.43","112.35","112.45","112.6","112.69","112.75","112.97","114.23","114.6","115.95","117.83","118.55","119.26","119.74","119.85","120.36","120.67","120.73","120.87","121.48","121.69","122.01","122.75","122.99","123.82","124.23","124.44","124.48","124.81","124.93","125.1"
"4.2.1. 소비자물가지수","        칼국수","2020=100","2.7","원자료","97.275","97.549","97.751","98.069","97.972","98.175","98.219","98.36","98.431","98.731","98.916","98.872","99.16","99.32","99.65","99.65","99.83","99.96","100.11","100.11","100.21","100.43","100.76","100.82","100.91","101.18","101.97","102.15","102.26","102.34","102.6","102.7","103.05","103.17","104.14","104.67","106.16","107.75","108.94","110","110.66","111.74","112.94","114.21","114.9","115.33","116.25","116.61","117.16","117.27","117.47","118.64","118.79","119.02","119.23","119.52","119.6","119.91","120.56","120.86","121.37","122.45","123.12","123.6","123.88","124.61","125.32","125.5","125.81","126.63","126.76","126.88"
"4.2.1. 소비자물가지수","        죽(외식)","2020=100","1.7","원자료","94.364","94.364","100","100","100","100","100","100","100","100","100","100","100","100","100","100","100","100","100","100","100","100","100","100","100","100","100","107.67","107.67","107.67","107.67","107.67","107.67","107.67","107.67","107.67","107.7","110.79","110.79","110.79","110.79","110.79","110.79","110.79","110.79","110.79","110.79","110.79","110.79","118.48","118.48","118.48","118.48","118.48","118.48","118.48","118.48","118.48","118.48","118.48","118.48","118.48","118.48","118.48","118.48","118.48","118.48","118.48","118.48","118.48","118.48","118.48"
"4.2.1. 소비자물가지수","        생선초밥","2020=100","2.7","원자료","98.269","98.553","98.635","98.754","99.139","99.093","99.112","99.249","99.46","99.46","99.772","99.772","99.88","99.88","99.88","99.88","99.88","99.92","99.99","99.99","99.93","100.04","100.21","100.52","101.36","101.74","102.08","102.44","102.73","102.76","102.85","103.49","103.85","104.2","104.68","104.92","105.27","106.16","106.99","107.57","108.36","108.99","109.2","109.5","109.81","110.16","110.43","111.1","111.79","112.32","112.47","113.31","113.4","113.56","113.9","114.05","114.08","114.21","114.07","114.15","114.22","114.5","114.81","114.82","114.99","115.04","115.15","115.41","115.53","115.53","115.81","116.09"
"4.2.1. 소비자물가지수","        생선회(외식)","2020=100","10.3","원자료","101.068","100.814","100.151","99.996","100.123","100.178","100.142","100.151","100.014","99.569","98.96","99.324","99.2","98.83","98.7","98.69","99.43","99.95","100.18","100.35","100.35","101.14","101.55","101.63","102.05","102.34","103.47","103.65","104.11","104.56","104.99","106.63","107.38","108.51","109.95","110.7","110.44","111.24","113.37","114.94","115.46","115.79","116.72","117.65","118.15","118.8","120.09","120.33","120.88","121.41","122.42","122.81","123.17","123.54","123.67","123.6","123.82","124.15","124.45","124.77","125.1","125.46","125.72","126.16","126.29","126.38","126.25","126.56","127.21","129.1","129.89","130.68"
"4.2.1. 소비자물가지수","        자장면","2020=100","2.2","원자료","96.974","97.531","98.362","98.431","98.628","98.877","98.962","98.962","99.099","99.082","99.082","99.082","99.26","99.29","99.43","99.52","99.58","99.67","100.04","100.27","100.49","100.81","100.77","100.87","101.12","101.85","102.05","102.37","102.46","102.49","103.01","103.07","103.36","103.94","104.63","106.43","108.13","109.85","111.38","111.71","113.09","114.2","115.22","115.71","115.96","117.63","118.55","118.98","119.27","120.6","121.42","122.01","122.13","121.76","122.25","122.93","123.94","124.01","124.25","124.46","124.62","125.11","125.66","125.34","125.91","126.14","126.33","126.39","126.71","127.45","128.12","128.79"
"4.2.1. 소비자물가지수","        짬뽕","2020=100","2.4","원자료","97.313","97.682","98.102","98.169","98.445","98.555","98.613","98.747","98.865","99.091","99.091","99.133","99.4","99.46","99.55","99.63","99.56","99.63","99.98","100.28","100.45","100.61","100.66","100.8","100.95","101.39","102.12","102.56","102.64","102.81","103.26","103.34","103.37","103.67","104.25","105.89","107.53","109.13","110.59","110.8","111.82","112.68","113.44","114.24","114.5","115.32","115.51","116.01","116.25","117.71","118.1","118.79","118.98","119.04","119.21","119.62","120.12","120.28","120.55","120.66","120.95","121.5","122.09","122.29","122.63","122.89","123.07","123.07","123.35","124.02","124.54","125.42"
"4.2.1. 소비자물가지수","        탕수육","2020=100","2.1","원자료","98.087","98.284","98.793","98.793","98.838","98.838","98.928","98.999","99.178","99.258","99.339","99.411","99.58","99.67","99.65","99.76","99.73","99.81","100.08","100.08","100.31","100.38","100.45","100.51","100.66","100.89","101.35","101.74","101.76","101.99","102.03","102.04","102.17","102.32","102.85","103.98","105.18","106.72","107.36","107.8","108.84","109.73","110.16","110.54","110.69","111.34","111.64","112.12","112.38","112.92","113.2","113.73","113.78","114.02","114.54","114.83","115.13","115.19","115.34","115.66","115.66","116.23","116.73","116.94","117.26","117.47","117.58","117.76","118.12","118.25","118.87","119.2"
"4.2.1. 소비자물가지수","        볶음밥","2020=100","0.9","원자료","97.301","97.705","97.98","97.98","98.161","98.375","98.444","98.539","98.582","98.711","98.805","98.805","99.01","99.15","99.25","99.41","99.41","99.47","100.17","100.31","100.62","100.9","101.11","101.19","101.47","101.9","102.79","103.3","103.39","103.57","104.1","104.24","104.49","104.98","105.65","107.16","108.57","109.94","110.97","111.44","112.45","113.52","113.89","114.34","114.59","115.43","115.55","116.21","116.65","117.96","118.39","118.79","119","119.23","119.36","119.79","120.52","120.52","120.75","120.79","120.97","121.37","121.85","121.99","122.47","122.91","122.95","123.09","123.38","123.77","124.17","125.04"
"4.2.1. 소비자물가지수","        돈가스","2020=100","2.2","원자료","98.675","98.738","98.928","99.479","99.389","99.425","99.506","99.506","99.542","99.587","99.452","99.452","99.52","99.77","99.9","99.99","99.99","99.99","100.04","100.04","100.14","100.21","100.21","100.21","100.67","100.75","100.86","101.21","101.49","101.8","101.96","102.92","103.32","103.55","104.05","105.14","106.46","106.87","107.55","108.4","109.73","110.84","112.24","112.97","114.19","114.81","115.32","115.97","116.86","117.6","118.31","119.13","119.45","120.15","120.58","120.8","121.06","121.14","121.39","121.76","122.23","122.66","122.96","123.06","123.41","124.13","124.18","124.48","124.78","125.05","125.04","125.36"
"4.2.1. 소비자물가지수","        스테이크","2020=100","1.5","원자료","97.456","97.6","97.672","97.806","97.761","97.851","97.797","97.878","97.896","98.48","98.66","98.749","99.25","99.31","99.4","100.01","99.21","99.19","99.94","99.93","100.07","101.02","101.13","101.54","101.66","101.76","102.14","102.35","102.61","103.1","103.19","103.29","103.81","104.01","104.48","104.92","105.57","106.83","107.86","108.99","109.95","110.1","110.51","110.83","111.31","111.6","111.88","112.11","112.34","112.64","113.25","113.54","114","114.07","114.62","114.7","114.76","114.9","114.98","115.23","115.53","115.52","115.57","115.9","115.9","115.9","116.43","116.53","116.79","116.89","116.87","116.94"
"4.2.1. 소비자물가지수","        스파게티","2020=100","1.5","원자료","98.477","98.449","98.487","98.728","98.589","98.626","98.533","98.673","98.877","99.333","99.333","99.379","99.54","99.61","99.97","99.99","100.03","100.03","100.04","99.92","99.99","100.25","100.25","100.39","100.63","100.65","100.96","101.11","101.2","101.36","101.36","101.48","101.63","101.71","102.93","103.09","104.36","105.77","106.22","106.38","107.31","108.06","109.13","109.49","109.87","110.11","110.42","110.5","111.14","111.34","111.78","112.02","112.46","112.59","112.95","113.18","113.3","113.47","113.59","114.23","114.7","114.85","114.93","115.06","115.06","115.16","115.17","115.36","115.5","115.51","115.91","116.34"
"4.2.1. 소비자물가지수","        라면(외식)","2020=100","0.7","원자료","96.79","96.975","97.647","97.815","98.042","98.303","98.42","98.513","98.513","98.79","98.79","98.924","99.17","99.52","99.52","99.52","99.84","99.84","100.04","100.18","100.2","100.37","100.9","100.9","101.16","101.74","101.87","102.05","102.51","102.79","103.28","103.45","103.91","104.09","104.89","106.48","108.33","109.28","110.21","111.4","112.02","113.36","114.06","115.03","116.13","116.65","117.84","118.42","119.48","120.96","121.59","122.26","122.59","122.77","122.84","123.36","123.4","123.76","124.37","124.8","125.27","125.67","125.93","126.36","126.8","126.8","126.95","127.34","128.15","128.4","128.53","128.66"
"4.2.1. 소비자물가지수","        김밥","2020=100","3.4","원자료","95.668","96.109","96.55","96.758","96.959","97.284","97.377","97.903","97.903","98.088","98.181","98.227","98.68","98.98","99.03","99.36","99.79","99.79","99.99","100.06","100.33","100.96","101.51","101.51","102.03","102.86","103.47","103.88","104.11","104.68","105.17","105.17","105.39","105.71","106.72","108.2","109.94","111.37","112.53","113.93","114.19","115.71","116.83","118","118.97","119.44","120.2","120.6","121.97","122.49","124.15","125.03","125.8","126.12","126.42","126.78","126.82","127.73","128.48","128.97","129.68","130.37","130.67","131.61","132.4","132.7","133.12","133.36","133.65","134.09","134.82","135.14"
"4.2.1. 소비자물가지수","        떡볶이","2020=100","3.1","원자료","96.224","96.592","96.961","96.961","97.129","97.422","97.472","97.699","97.766","98.185","98.528","98.696","99.13","99.53","99.61","99.71","99.98","99.98","100.12","100.24","100.27","100.27","100.59","100.59","100.81","101.24","102.04","102.41","102.72","103.04","103.12","103.12","103.37","103.79","104.51","105.19","107.2","108.61","110.21","110.94","111.51","112.73","113.86","114.13","115.51","116.01","116.73","117.38","118.54","119.8","120.24","120.55","121.73","121.95","122.24","122.65","122.8","123.32","124.53","125.16","125.81","126.57","126.62","127.68","128.26","129.19","129.41","129.69","130.36","131.01","131.45","132.33"
"4.2.1. 소비자물가지수","        치킨","2020=100","8.6","원자료","97.065","97.281","98.012","98.355","98.869","98.914","99.032","99.041","99.104","99.239","99.402","99.69","99.72","99.76","99.81","99.87","99.87","100.04","100.04","100.06","100.11","100.11","100.27","100.35","101.38","101.58","101.83","102.02","102.31","102.36","102.43","102.65","103.48","103.98","105.08","106.41","107.77","108.79","110.25","111.16","113.44","113.64","114.08","114.39","114.6","114.64","114.73","114.69","115.24","115.43","115.99","118.76","118.96","119.05","119.19","119.45","119.68","119.81","119.97","120.13","121.41","121.63","121.59","121.85","122.42","124.86","125.34","125.65","125.96","126.03","126.24","126.34"
"4.2.1. 소비자물가지수","        햄버거","2020=100","4.3","원자료","100.86","101.196","101.196","101.196","101.196","101.196","101.196","101.196","101.196","101.196","101.196","101.935","103.15","103.15","100.15","100.15","100.15","101.13","96.98","95.89","101.13","101.13","95.89","101.13","101.13","101.64","100.63","106.25","106.25","104.66","104.66","104.66","104.66","104.66","98.15","106.37","108.78","111.11","111.11","104.71","111.11","114.01","108.51","116.84","118.8","117.23","109.96","117.23","117.23","118.96","122.54","122.54","122.54","125.16","125.16","125.16","125.16","125.16","128.54","123.55","124.21","128.7","128.7","128.7","126.03","131.02","131.02","132.01","132.01","132.01","133.82","133.82"
"4.2.1. 소비자물가지수","        피자","2020=100","4.1","원자료","100.725","100.725","100.725","100.725","100.725","100.725","100.725","100.725","100.725","100.725","100.725","100.725","100.73","100.73","100.73","100.73","100.73","100.73","100.73","100.73","100.73","100.73","96.35","96.35","96.35","96.35","97.78","97.78","97.78","99.32","99.32","99.32","99.32","99.32","102.16","102.16","102.19","104.45","106.67","106.67","106.67","107.77","107.77","109.33","109.33","109.33","111.09","111.09","111.09","115.6","119.39","119.63","119.63","119.63","121.09","121.09","122.68","122.68","122.14","122.14","122.14","117.76","119.92","119.92","119.92","119.92","119.92","119.92","111.08","120.46","118.78","118.78"
"4.2.1. 소비자물가지수","        쌀국수","2020=100","0.6","원자료","","","","","","","","","","","","","99.7","99.7","99.7","99.88","100.1","100.1","100.1","100.13","100.13","100.19","100.13","100.13","100.48","100.82","101.59","101.62","101.68","101.69","101.9","102.15","102.38","102.94","103.01","104.29","105.07","105.81","107.18","108.46","108.75","108.99","109.89","110.99","112.04","112.35","113.12","113.56","113.92","114.63","115.35","116.22","116.37","116.67","116.88","117.37","117.43","117.54","118.27","118.41","119.82","120.62","120.82","121.07","121.21","121.38","121.81","121.81","121.69","122.08","122.16","122.32"
"4.2.1. 소비자물가지수","        커피(외식)","2020=100","8.8","원자료","99.192","99.269","99.9","99.919","99.939","99.958","100.015","100.015","99.824","99.824","100.14","100.178","100.2","100.2","100.2","100.2","100.22","99.95","99.92","99.82","99.82","99.86","99.86","99.79","99.86","99.86","99.77","99.87","99.87","99.82","99.82","99.82","99.82","99.72","99.77","99.77","101.49","103.75","104.3","104.72","104.95","105.06","105.14","105.06","105.45","105.57","105.57","105.57","106.02","106.25","106.28","106.24","106.41","106.41","106.5","106.51","106.7","106.69","106.7","106.71","106.86","106.9","106.9","106.96","106.96","106.96","107","105.5","106.03","105.28","106.78","106.79"
"4.2.1. 소비자물가지수","        기타음료(외식)","2020=100","0.5","원자료","99.377","99.506","99.536","99.586","99.586","99.586","99.586","99.586","99.586","99.586","99.655","99.655","99.79","99.85","99.85","99.85","100.05","100.12","100.12","99.87","100.08","100.12","100.17","100.12","100.17","100.17","100.17","100.17","100.17","100.21","100.21","100.26","100.26","100.26","100.26","100.26","101.9","102.3","102.61","102.73","102.73","102.65","102.68","102.57","102.69","102.72","102.72","102.76","104.1","104.7","104.81","104.72","104.85","104.79","105.02","105.21","105.21","105.35","105.37","105.37","105.33","105.33","105.38","105.38","105.38","105.38","105.44","104.76","104.76","104.78","105.67","105.62"
"4.2.1. 소비자물가지수","        소주(외식)","2020=100","2.5","원자료","98.772","98.772","98.976","98.976","99.392","99.449","99.449","99.449","99.392","99.686","99.686","99.686","99.72","99.72","99.72","99.88","99.88","99.88","99.88","100.12","100.12","100.14","100.47","100.47","100.47","100.47","100.47","100.59","100.59","100.71","100.89","100.89","100.89","100.89","100.94","101.33","101.42","101.42","103.3","105.22","106.32","107.19","107.71","108.11","110.16","110.44","110.65","111.6","111.67","112.64","114.41","114.88","115.24","115.09","115.09","115.09","115.09","115.62","115.9","117.07","116.99","117.02","116.6","116.83","116.57","115.69","115.69","115.81","114.45","114.51","114.92","114.78"
"4.2.1. 소비자물가지수","        맥주(외식)","2020=100","4.8","원자료","97.786","97.858","98.156","98.509","98.781","99.115","99.305","99.396","99.396","99.622","99.667","99.694","99.64","99.64","99.8","99.94","100","100.06","100.11","100.09","100.09","100.17","100.21","100.23","100.4","100.37","100.46","100.53","100.53","100.72","100.77","100.8","101.16","101.21","101.29","101.44","101.68","102.03","103.72","105.38","106.44","107.78","108.45","108.67","109.88","110.39","110.73","111.66","111.87","112.59","113.87","114.44","114.72","114.67","114.68","114.71","114.82","115.47","116.31","117.77","118.02","118.42","118.4","118.87","118.82","118.09","118.24","118.26","117.21","117.35","117.4","117.33"
"4.2.1. 소비자물가지수","        막걸리(외식)","2020=100","0.3","원자료","97.365","97.711","98.124","98.171","98.171","98.264","98.536","98.742","98.846","99.577","99.577","99.577","100.08","100.08","100.08","100.08","100.08","100.08","100.08","99.85","99.71","99.71","100.05","100.16","100.25","100.17","100.17","101.88","102.46","104.96","105.88","106.31","106.66","106.98","107.44","107.95","108.48","108.91","109.93","110.36","110.81","111.23","111.84","112.38","112.38","112.91","113.12","113.62","113.69","114.48","115.65","116.14","116.31","116.32","116.32","116.41","116.61","116.94","116.61","116.68","116.68","117.15","117.15","117.9","118.04","118.2","118.41","118.41","118.6","119.4","119.52","119.52"
"4.2.1. 소비자물가지수","        구내식당식사비","2020=100","11.9","원자료","95.753","96.248","96.742","97.254","97.584","97.584","97.871","97.81","98.018","98.417","98.417","98.417","99.18","99.3","99.4","99.64","99.69","99.69","100.11","100.11","100.26","100.75","100.93","100.93","101.8","102.34","103.54","103.94","104","104.02","104.16","104.32","104.8","105.06","105.4","105.7","105.9","106.09","106.98","107.48","107.56","107.63","108.75","108.96","109.69","110.58","111.17","111.28","112.6","112.9","114.35","115.98","116.46","116.46","117.19","117.24","117.24","117.24","117.24","117.24","118.1","118.15","120.15","120.66","121.11","121.41","121.63","121.76","121.93","121.93","121.95","121.95"
"4.2.1. 소비자물가지수","        도시락","2020=100","0.6","원자료","100","100","100","100","100","100","100","100","100","100","100","100","100","100","100","100","100","100","100","100","100","100","100","100","100","100","100","100.64","100.64","100.64","100.64","101.5","101.5","101.5","103.03","103.03","106.09","106.09","107.65","107.65","107.65","111.98","111.98","111.98","111.98","111.98","111.98","111.98","115.49","115.49","117.05","117.05","116.42","116.42","119.6","119.6","119.6","119.6","119.6","119.6","122.6","122.6","122.6","122.6","122.6","122.6","122.6","122.6","122.6","129.28","132.88","132.88"
"4.2.1. 소비자물가지수","    숙박 서비스","2020=100","6.7","원자료","94.514","94.174","92.611","92.548","93.763","93.522","97.034","101.733","95.997","95.72","95.363","96.864","102.36","99.23","96.05","96.5","98.51","97.84","103.73","110.72","98.88","99.28","97.39","99.51","97.79","98.23","95.5","96.95","98.5","97.44","106.12","111.69","101.37","101.35","98.76","101.83","102.89","100.78","97.99","99.93","102.19","102.28","113.65","119.11","106.56","107.79","105.66","109.2","109.75","105.58","105.46","107.95","109.77","109.46","117.77","124.79","111.08","111.86","108.53","115.74","110","110.06","109.87","110.96","112.92","113.13","121.63","126.99","114.71","115.58","113.51","115.52"
"4.2.1. 소비자물가지수","      숙박 서비스","2020=100","6.7","원자료","94.514","94.174","92.611","92.548","93.763","93.522","97.034","101.733","95.997","95.72","95.363","96.864","102.36","99.23","96.05","96.5","98.51","97.84","103.73","110.72","98.88","99.28","97.39","99.51","97.79","98.23","95.5","96.95","98.5","97.44","106.12","111.69","101.37","101.35","98.76","101.83","102.89","100.78","97.99","99.93","102.19","102.28","113.65","119.11","106.56","107.79","105.66","109.2","109.75","105.58","105.46","107.95","109.77","109.46","117.77","124.79","111.08","111.86","108.53","115.74","110","110.06","109.87","110.96","112.92","113.13","121.63","126.99","114.71","115.58","113.51","115.52"
"4.2.1. 소비자물가지수","        호텔숙박료","2020=100","2.1","원자료","104.543","103.099","101.452","102.814","106.363","106.322","113.205","116.895","106.027","106.159","104.604","106.637","103.24","99.28","96","95.92","98","98.13","103.97","110.45","98.45","98.81","98.37","99.38","93.33","94.54","92.59","95.47","97.83","96.57","106.24","111.66","102.23","104.31","99.36","103.73","101.62","99.5","95.6","101","105.51","103.86","120.76","123.78","109.94","115.09","112.4","115.46","113.3","107","107.73","113.59","116.16","114.71","122.48","131.17","116.12","120.47","115.22","125.47","111.9","112.71","114.12","118.11","120.02","120.29","126.44","133.21","121.3","128.01","123.46","123.93"
"4.2.1. 소비자물가지수","        여관숙박료","2020=100","1.5","원자료","101.484","101.362","101.443","101.453","101.504","101.342","101.626","101.342","101.169","101.311","101.393","101.727","101.72","101.84","101.07","100.33","100.25","100.25","100.03","100","99.4","98.57","98.35","98.2","98.01","98.08","97.68","98.33","98.52","98.54","98.61","98.58","98.46","98.39","98.64","98.78","98.94","99.24","99.91","99.91","100.16","100.82","102","102.84","102.74","104.4","104.14","104.62","104.47","104.72","104.88","105.91","105.64","105.88","106.87","107.65","106.58","107.54","107.22","107.17","107.24","107.16","106.81","107.72","107.13","107.34","107.98","108.29","107.99","107.85","108.04","108.06"
"4.2.1. 소비자물가지수","        콘도이용료","2020=100","0.8","원자료","109.582","109.446","95.207","91.628","96.079","93.972","113.609","130.437","96.908","93.743","93.397","103.482","116.15","103","92.41","95.25","100.09","92.98","101.21","125.58","90.81","95.27","88.05","99.23","104.37","103.74","89.87","90.61","92.39","88.75","106.88","131.22","100.03","95.34","92.51","102.59","114.96","103.25","92.23","93.08","94.23","92.5","106.96","131.62","100","98.8","93.63","107.89","117.9","101.68","97.51","98.64","104","104.52","120.55","144.08","109.24","106.72","99.16","123.53","119.09","109.93","105.43","105.37","111.34","108.28","133.88","150.45","114.78","109.62","107.77","121.56"
"4.2.1. 소비자물가지수","        학교기숙사비","2020=100","0.9","원자료","96.954","96.954","98.189","98.189","98.189","98.189","98.189","98.189","98.401","98.401","98.401","98.401","98.65","98.65","98.86","98.92","100.31","100.46","100.46","100.46","100.77","100.82","100.82","100.82","100.82","100.82","101.61","101.61","101.61","101.61","101.61","101.61","101.71","101.71","101.71","101.71","101.7","101.7","103.22","103.22","103.22","103.22","103.22","103.22","103.51","103.51","103.51","103.51","103.51","103.51","106.19","106.19","106.19","106.19","106.19","106.19","106.77","106.77","106.77","106.77","106.77","106.77","110.49","110.49","110.49","110.49","110.49","110.49","110.82","110.82","110.82","110.82"
"4.2.1. 소비자물가지수","        휴양시설이용료","2020=100","1.4","원자료","81.99","81.99","81.99","81.99","81.99","81.99","81.99","87.683","87.683","87.683","87.683","87.683","97.51","95.29","90.87","92.34","95.15","95.3","111.3","122.72","101.71","101.4","96.67","99.75","98.32","98.87","95.43","97.07","99.87","98.56","116.7","122.62","102.92","102.01","98.37","101.08","101.96","101.49","98.5","99.48","102.84","105.99","126.52","132.94","111.02","108.21","105.16","108.8","108.88","107.33","106.14","107.78","109.95","110.02","128.36","134.76","111.77","109.55","106","111.36","106.12","110.85","108.41","106.77","110.56","112.83","129.18","135","114.19","111.67","109.23","110.01"
"4.2.1. 소비자물가지수","  기타 상품 및 서비스","2020=100","52.7","원자료","97.357","97.664","97.836","98.052","98.395","98.152","98.224","98.188","98.188","98.26","98.323","98.341","99.4","99.74","99.66","99.44","99.84","99.97","100.21","100.11","100.87","100.16","100.4","100.2","101.41","101.31","101.55","102.14","102.31","102","102.08","102.3","102.1","102.23","101.8","102.81","105","106.35","106.09","105.83","107.73","108.7","109.12","109.22","109.61","110.06","110.46","111.04","112.99","113.27","113.61","114.75","114.29","114.47","114.77","115.19","115.3","115.25","115.27","115.58","118.38","118.25","118.49","119.14","119.13","119.63","119.78","119.23","118.97","120.08","120.2","119.71"
"4.2.1. 소비자물가지수","    미용용품 및 미용 서비스","2020=100","25.9","원자료","98.081","98.372","99.073","98.849","99.54","99.073","99.17","99.102","98.548","98.625","98.752","98.878","99.5","99.62","99.37","99.13","99.43","99.97","100.28","100.12","101.34","100.32","100.4","100.51","100.68","100.61","100.74","101.26","101.28","100.58","100.66","101.04","101.2","101.93","100.99","102.74","103.5","105.95","105.13","104.69","106.88","108.8","109.65","109.75","110.4","111.2","112.01","112.66","113.47","113.63","114.28","114.69","114.5","114.36","114.46","114.98","114.49","114.85","114.63","115.22","115.58","115.68","116.22","116.42","116.35","117.19","117.52","116.46","115.96","118.23","118.45","117.62"
"4.2.1. 소비자물가지수","      이미용 및 미용시설","2020=100","11","원자료","97.655","97.909","98.163","98.416","98.534","98.579","98.625","98.752","98.869","98.987","99.241","99.295","99.99","100.09","99.84","99.85","99.84","99.8","99.92","99.98","100.08","100.15","100.22","100.24","100.48","100.77","100.94","101.08","101.12","101.17","101.2","101.26","101.35","101.71","101.67","101.78","102.63","103.72","104.16","104.79","105.19","105.46","106.21","106.44","106.81","107.21","107.73","108.8","109.65","110.33","111.44","112.38","112.71","113.09","113.4","113.6","113.78","113.96","114.12","114.15","114.84","115.06","115.41","115.72","116.08","116.11","116.31","116.61","116.98","117.23","117.54","117.68"
"4.2.1. 소비자물가지수","        목욕료","2020=100","0.6","원자료","96.776","97.046","97.439","97.439","97.439","97.439","97.474","97.631","97.989","98.199","98.365","98.6","99.56","99.87","99.89","99.89","99.82","100.05","100.05","99.91","100.17","100.21","100.21","100.38","100.3","100.36","100.54","100.87","100.87","100.87","100.77","100.99","101.24","101.78","102.4","102.58","104.21","105.72","106.93","107.72","108.27","108.51","109.79","111.04","111.92","112.55","113.73","114.73","116.46","118.78","121.64","122.6","123.75","124.09","124.33","124.49","125.76","125.87","126.61","127.13","128.57","129.21","129.84","130.28","130.52","130.63","130.45","130.53","131.38","131.47","132","132.17"
"4.2.1. 소비자물가지수","        찜질방이용료","2020=100","0.6","원자료","97.565","97.93","98.295","98.429","98.696","98.972","99.204","99.088","99.222","99.543","99.641","99.783","100.56","100.59","100.46","100.1","99.68","99.86","99.86","99.79","99.86","99.57","99.82","99.82","100","100.08","100.28","100.51","100.8","100.77","100.77","100.77","101.11","101.13","101.23","101.79","102.84","103.92","104.52","105.24","106.29","106.71","107.87","108.2","109.06","109.73","111.09","112.02","113.41","114.98","118.01","119.39","119.7","119.93","120.1","120.27","121.61","122.48","123.38","124.49","125.68","125.97","126.5","127.05","127.19","127.53","127.59","127.72","128.29","128.48","129.27","129.42"
"4.2.1. 소비자물가지수","        이발료","2020=100","0.3","원자료","98.511","98.557","98.689","98.848","98.848","98.989","98.904","99.045","99.045","99.092","99.101","99.139","99.54","99.72","99.75","99.84","99.89","99.89","100.04","100.04","100.29","100.33","100.33","100.33","100.33","100.33","100.27","100.37","100.68","100.86","101.24","101.33","101.41","101.82","102.09","102.2","102.58","102.82","103.39","104.68","104.88","105.28","106.34","106.86","107.08","107.65","107.79","108.22","108.87","109.24","110.26","111.01","111.04","111.23","111.68","112.16","112.24","112.35","112.4","112.67","113.53","113.64","114.12","114.45","114.73","114.73","115.03","115.18","115.06","115.31","115.16","115.16"
"4.2.1. 소비자물가지수","        미용료","2020=100","7.3","원자료","97.692","97.947","98.211","98.539","98.676","98.685","98.694","98.876","98.94","99.013","99.377","99.377","100.15","100.23","99.83","99.83","99.83","99.68","99.83","99.95","100.04","100.15","100.23","100.24","100.55","100.86","100.97","101.1","101.11","101.11","101.2","101.23","101.19","101.59","101.4","101.43","102.02","103.33","103.65","104.35","104.64","104.87","105.61","105.77","106.15","106.54","107.12","108.35","109.04","109.57","110.4","111.21","111.55","112.01","112.24","112.37","112.35","112.49","112.54","112.41","113.1","113.24","113.59","113.73","114.18","114.07","114.33","114.69","115.01","115.34","115.55","115.73"
"4.2.1. 소비자물가지수","        뷰티미용료","2020=100","2.2","원자료","98.108","98.32","98.357","98.523","98.587","98.642","98.753","98.753","98.928","99.066","99.02","99.112","99.3","99.41","99.57","99.82","99.94","100.13","100.25","100.25","100.29","100.35","100.35","100.35","100.5","101","101.4","101.5","101.54","101.8","101.61","101.75","102.19","102.48","102.64","102.87","103.69","104.08","104.61","104.86","105.44","105.76","106.27","106.43","106.53","106.77","106.75","107.42","108.41","109","110.1","111.3","111.47","111.7","112.28","112.69","112.9","113.12","113.29","113.41","113.7","114.1","114.3","115.04","115.21","115.62","115.73","115.94","116.38","116.4","116.9","117.01"
"4.2.1. 소비자물가지수","      개인용 전기용품 및 미용용품","2020=100","14.9","원자료","98.477","98.809","99.887","99.234","100.457","99.524","99.659","99.42","98.249","98.28","98.291","98.498","99.15","99.28","99.04","98.61","99.13","100.1","100.55","100.22","102.25","100.44","100.53","100.71","100.82","100.48","100.6","101.39","101.39","100.15","100.27","100.88","101.09","102.08","100.49","103.44","104.06","107.56","105.78","104.51","108.07","111.26","112.19","112.18","113.05","114.18","115.19","115.5","116.3","116.06","116.34","116.36","115.76","115.2","115.16","115.93","114.93","115.41","114.91","115.93","116.04","116.04","116.73","116.85","116.44","117.91","118.34","116.23","115.06","118.88","119.04","117.44"
"4.2.1. 소비자물가지수","        면도기","2020=100","0.4","원자료","101.33","101.065","112.801","103.758","113.007","102.923","112.349","102.913","98.47","100.75","100.328","97.88","98.18","98.89","98.91","97.81","95.34","108.41","101.79","100.37","98.76","101.58","100.84","99.14","98.36","97.69","97.98","97.06","97.6","96.74","97.12","97.09","97.04","98.28","98.38","96.81","99.62","99.05","98.18","100.83","99.43","103.95","106.14","116.08","112.68","114.5","113.94","118.03","122.93","122.97","120.57","123.69","119.94","123.72","122.68","123.82","124.49","123.93","123.2","125.19","125.26","125.62","117.2","121.84","113.09","117.96","117.51","124.53","116.81","124.25","117.61","118.98"
"4.2.1. 소비자물가지수","        헤어드라이어","2020=100","0.7","원자료","101.953","97.676","102.388","97.205","102.316","99.464","104.128","121.805","126.167","122.591","124.85","97.157","104.8","93.79","99.41","94.53","109.47","97.3","100.65","95.69","118.21","97.91","96.72","91.52","97.23","93.4","95.08","94.63","95.08","96.22","93.02","97.51","96.55","99.48","99.13","97.97","99.18","127.54","97.18","97.18","100.58","105.87","127.62","120.62","126.72","136.07","131.82","126.72","140","139.25","124.74","123.08","123.08","122.01","121.8","125.02","123.31","140.56","138.81","143.06","138.79","143.31","144.13","145.88","138.06","147.35","138.76","102.34","97.31","140","139.38","108.42"
"4.2.1. 소비자물가지수","        칫솔","2020=100","0.4","원자료","96.048","97.415","94.504","96.204","99.407","100.667","99.74","97.767","91.223","97.522","95.823","98.509","95.61","100.32","93.71","93.74","98.84","101.52","104.25","102.26","103.07","102.09","102.66","101.92","100.69","103.66","97.71","100.8","103.03","92.96","102.09","94.56","100.19","103.05","102.77","102.86","99.18","103.6","103.95","97.51","104.58","104.74","102.53","105.9","104.56","102.3","103.88","100.62","102.47","102.88","99","104.6","102.53","102.68","105.13","104.74","101.67","104.43","102.94","104.08","103.4","101.66","102.88","97.84","104.63","105.37","102.68","103.52","104.75","104.37","101.93","105.1"
"4.2.1. 소비자물가지수","        치약","2020=100","0.5","원자료","93.9","96.91","98.468","90.89","99.271","99.145","96.097","97.094","95.584","91.335","91.684","91.432","101.56","102.04","103.51","105.15","99.09","100.26","100.44","99.16","102.5","95.61","96.91","93.76","95.23","96.62","91.6","85.57","86.63","86.79","86.85","89.85","92.5","90.1","91.33","93.32","94.14","98.59","98.54","94.29","100.23","104.19","98.36","106.77","104.26","97.96","98.61","97.59","97.93","98.79","105.68","106.62","104.75","108.22","105.67","106.73","106.84","105.21","105.43","104.74","106.21","103.47","108.81","108.92","108.27","109.03","107.87","107.37","106.61","107.03","105.77","107.02"
"4.2.1. 소비자물가지수","        비누","2020=100","0.3","원자료","100.201","101.215","103.154","103.511","103.834","103.867","105.494","105.55","100.892","103.611","95.945","97.427","100.8","99.52","97.19","99.02","99.63","101.03","101.24","100.53","98.77","100.1","101.74","100.41","101.13","101.2","101.16","97.67","98.9","100.87","99.69","99.95","99.5","103.67","104.12","105.73","106.98","115.03","112.23","111.95","118.29","124.05","125.35","123.83","124.01","130.64","131.35","131.45","132.9","135.52","131.4","131.19","131.74","131.79","132.15","131.99","133.06","130.1","128.89","129.28","129.31","133.25","133.1","130.1","131.7","132.67","129.63","129.94","130.51","134.08","131.21","133.24"
"4.2.1. 소비자물가지수","        샴푸","2020=100","1","원자료","99.461","102.217","107.46","107.375","111.552","102.658","99.204","102.524","98.542","100.331","98.199","97.807","95.81","100.52","99.31","101.38","98.79","94.61","101.85","103.07","102.16","102.37","100.7","99.41","100.42","102.27","100.64","100.22","95.14","99.71","102.41","100.78","103.71","102.65","108.07","102.67","109.89","114.76","115.2","114.09","114.76","110.01","112.03","111.98","113.92","115.41","116.24","116","121.24","119.87","129.01","125.24","121.66","124.72","124.16","122.99","125.37","127.46","124.31","128.25","130.97","127.93","124.73","124.1","126.27","125.69","127.48","127.2","125.56","150.15","149.6","146.5"
"4.2.1. 소비자물가지수","        바디워시","2020=100","0.5","원자료","107.779","110.106","112.402","105.342","104.046","98.422","102.234","99.266","103.28","103.577","102.437","104.608","100.89","101.5","100.33","102.28","100.42","99.76","96.53","100.05","103.24","96.88","99.28","98.85","96.03","102.52","99.11","99.83","101.21","90.92","92.5","102.66","100.44","113.33","105.16","102.08","99.2","111.56","105.24","103.54","117.08","117.32","117.97","128.15","127.98","124.19","126.98","130.09","126.64","125.33","123.59","118.64","118.12","110.82","115.49","112.53","112.88","114.68","114.25","112.14","111.86","114.16","112.32","106.77","108.76","110.56","112.14","102.61","112.52","105.4","108.6","110.61"
"4.2.1. 소비자물가지수","        화장지","2020=100","1.3","원자료","96.822","96.297","95.751","96.472","96.956","95.174","95.854","99.253","97.461","101.076","100.036","100.479","99.88","100.18","98.17","99.11","99.98","100.03","100.51","100.85","101.79","100.2","99.35","99.96","99.56","100.07","98.77","100.16","99.75","102.1","99.61","102.51","102.61","103.18","104.03","104.37","105.03","104.01","104.9","105.61","105.44","107.53","108.15","109.24","110.84","117.86","119.53","122.02","121.82","120.55","119.98","120.09","120.9","119.41","120.08","121.04","119.72","121.67","120.26","120.89","122.07","123.04","120.76","122.74","120.6","120.27","121.6","123.1","118.85","118.86","120.6","118.73"
"4.2.1. 소비자물가지수","        기초화장품","2020=100","4.5","원자료","98.387","98.616","99.748","100.383","100.87","100.443","100.473","100.353","99.311","99.301","99.599","100.353","100.39","99.89","100.03","99.7","99.91","102.21","100.33","100.09","99.67","98.76","99.29","99.72","99.83","100.12","100.38","100.06","100.22","99.73","100","99.63","99.11","99.76","99.88","99.66","100.81","101.12","101.55","99.85","101.48","106.49","106.3","104.68","105.19","104.97","106.72","106.07","106.48","107.47","106.8","107.1","107.1","106","106.96","106.81","104.24","102.99","101.97","102.16","103.03","102.23","105.49","105.18","103.56","103.64","103.54","103.74","102.92","102.93","103.62","102.19"
"4.2.1. 소비자물가지수","        기능성화장품","2020=100","3.7","원자료","98.335","98.335","98.335","97.678","98.078","98.191","98.571","96.591","95.863","95.647","95.924","96.652","96.91","98.28","98.57","98.3","95.11","97.76","101.15","100.25","103.21","102.52","102.96","104.98","104.23","102.1","104.63","108.16","109.2","104.3","105.06","105.19","104.71","104.75","96.43","110.85","109.21","110.75","110.07","109.64","117.11","122.11","121.38","121.19","122.35","123.42","125.37","125.51","124.1","123.93","124.77","124.4","124.4","124.34","122.99","126.25","124.46","123.39","123.53","124.13","123.04","124.32","124.2","124.84","126.93","127.32","132.26","129.79","129.84","129.53","129.53","131.52"
"4.2.1. 소비자물가지수","        색조화장품","2020=100","0.7","원자료","97.616","98.905","99.455","100.091","100.575","102.49","100.565","100.831","99.911","99.731","100.062","100.167","100.26","100.35","100.52","99.45","99.8","99.54","99.53","99.74","100.32","100.39","99.7","100.41","100.61","100.66","101.09","101.82","101.75","101.6","101.67","101.39","102.92","103.18","103.09","102.83","102.69","104.64","103.13","104.85","105.57","102.18","100.96","101.37","101.23","101.27","101.51","102.29","102.91","100.87","101.82","105.68","105.68","105.15","105.15","105.57","105.47","105.48","107.54","107.54","107.33","106.94","107.24","107.14","107.31","107.41","107.86","108.2","106","109.23","108.41","108.23"
"4.2.1. 소비자물가지수","        모발염색약","2020=100","0.7","원자료","100.713","99.59","100.542","96.576","97.562","98.719","100.61","95.831","94.811","87.831","91.2","94.96","101.96","98.96","95.48","89.16","104.51","104.91","97.15","97.9","101.75","103.06","101.3","103.85","102.48","100.52","98.63","102.31","99.17","99.16","97.45","98.72","99.49","104.4","105.53","102.99","103.22","116.13","112.15","104.62","107.77","107.84","114.72","110.05","111.72","113.1","109.15","117.82","115.88","109.9","117.7","116.26","111.22","108.28","103.32","104.23","108.32","109.72","114.2","120.21","122.84","116.47","117.78","121.02","120.18","137.17","127.24","128.51","124.68","128.77","129.13","127.86"
"4.2.1. 소비자물가지수","        구강세정제","2020=100","0.2","원자료","91.179","93.902","95.744","91.847","92.11","105.805","95.754","94.337","104.894","95.784","95.683","99.013","94.49","94.78","98.99","93.23","104.13","103.37","97.35","103.56","104.12","99.83","106.55","99.62","106.09","99.38","105.14","97.33","104.29","104.06","92.9","98.39","98.75","98.23","104.97","104.41","95.48","97.18","98.76","96.28","97.98","103.92","98.79","98.42","102.5","102.12","102.66","101.79","103","105.97","109.14","113.67","115.59","112.25","117.54","109.78","118.05","117.17","115.35","118.16","108.25","120.63","122.23","119.07","121.28","117.48","120.83","115.69","113.45","111.55","120.49","116.28"
"4.2.1. 소비자물가지수","    기타 개인용품","2020=100","7","원자료","97.908","98.637","97.927","99.531","99.411","98.839","98.978","98.932","101.171","101.024","101.015","100.683","100.6","100.53","100.91","97.91","100.13","99.36","100.05","99.87","101.3","99.39","101.06","98.87","99.58","98.84","100.04","98.71","99.93","99.86","100.16","100.46","98.12","98.28","98.35","99.74","98.65","99.52","100.47","100.83","101.66","101.79","101.83","101.87","102.25","102.55","102.59","104.47","105.28","106.2","107.34","107.38","104.77","106.54","108.08","108.94","111.38","109.86","110.73","110.72","110.76","110.77","110.74","110.85","111.07","111.37","111.42","111.6","111.58","111.6","111.57","111.03"
"4.2.1. 소비자물가지수","      기타 개인용품","2020=100","7","원자료","97.908","98.637","97.927","99.531","99.411","98.839","98.978","98.932","101.171","101.024","101.015","100.683","100.6","100.53","100.91","97.91","100.13","99.36","100.05","99.87","101.3","99.39","101.06","98.87","99.58","98.84","100.04","98.71","99.93","99.86","100.16","100.46","98.12","98.28","98.35","99.74","98.65","99.52","100.47","100.83","101.66","101.79","101.83","101.87","102.25","102.55","102.59","104.47","105.28","106.2","107.34","107.38","104.77","106.54","108.08","108.94","111.38","109.86","110.73","110.72","110.76","110.77","110.74","110.85","111.07","111.37","111.42","111.6","111.58","111.6","111.57","111.03"
"4.2.1. 소비자물가지수","        손목시계","2020=100","0.6","원자료","96.775","96.775","96.775","96.775","96.775","96.775","96.775","96.775","96.775","96.775","96.775","96.775","96.77","96.77","96.77","100","100","100","100","100","100","100","104.84","104.84","104.84","104.84","104.84","104.84","104.84","104.84","104.84","104.84","104.84","104.84","104.84","104.84","104.84","104.84","104.84","104.84","104.84","104.84","104.84","104.84","109.68","109.68","109.68","109.68","109.68","117.75","117.75","117.75","117.75","117.75","122.94","122.94","122.94","122.94","122.94","122.94","122.94","122.94","122.94","122.94","122.94","122.94","122.94","122.94","122.94","122.94","122.94","122.94"
"4.2.1. 소비자물가지수","        장신구","2020=100","1","원자료","91.835","91.835","85.196","91.835","91.835","91.835","94.281","94.281","100","100","100","100","100","100","100","100","100","100","100","100","100","100","100","100","100","100","100","100","100","100","100","100","100","100","100","100","100.67","101.6","101.99","105.22","105.22","98.13","98.13","98.13","98.13","98.13","98.13","98.13","98.13","98.13","105.22","105.22","105.22","105.22","106.95","106.95","106.95","109.3","109.3","109.3","109.3","109.3","109.3","109.3","109.3","111.15","111.15","112.44","112.44","112.44","112.44","108.63"
"4.2.1. 소비자물가지수","        가방","2020=100","2.7","원자료","99.56","99.56","99.56","99.56","99.56","99.56","99.56","99.56","100.155","100.155","100.155","100.155","100.16","100.16","100.16","97.03","100.31","100.31","100.31","100.31","100.31","100.31","100.31","100.31","100.31","100.31","100.31","96.26","96.26","96.26","97.11","97.11","97.11","97.11","97.11","97.11","97.45","97.45","97.45","98.21","98.21","98.21","98.21","98.21","98.21","98.21","98.21","102.93","102.93","103.5","103.75","103.75","99.03","103.75","103.75","103.75","108.07","108.07","108.07","108.07","108.07","108.07","108.07","108.07","108.07","108.07","108.07","108.07","108.07","108.07","108.07","108.07"
"4.2.1. 소비자물가지수","        핸드백","2020=100","1.4","원자료","94.293","99.808","99.808","99.808","99.808","99.808","99.808","99.808","103.224","103.224","103.224","103.224","103.36","103.36","103.36","94.03","99.79","96.27","99.79","99.29","106.39","99.29","102.82","92.22","95.76","92.22","98.05","98.05","102.24","102.24","102.24","102.24","97.39","93.86","94.21","100.92","94.24","99.72","104.09","99.09","103.47","107.2","107.2","107.2","107.2","108.75","108.75","108.75","112.62","112.62","112.62","112.62","108.75","108.06","112.62","117.18","121.75","112.62","112.62","112.62","112.62","112.62","112.62","112.62","112.62","112.62","112.62","112.62","112.62","112.62","112.62","112.62"
"4.2.1. 소비자물가지수","        우산","2020=100","0.2","원자료","100.147","100.046","100.046","100.726","99.558","100.239","100.919","100.98","101.091","101.112","100.97","100.807","100.95","101.05","101.19","100.47","99.78","100.14","99.92","100.09","99.15","99.04","98.93","99.29","99.16","98.99","98.99","99.86","99.79","99.26","100.05","100.19","100.22","100.78","100.85","100.91","101.1","100.95","101.22","101.06","101.45","101.47","102.24","103.05","102.97","103.37","103.44","103.76","104","104.39","104.57","105.04","105.28","105.66","105.91","106.09","106.26","106.2","105.95","105.45","105.57","106.01","105.97","106.19","106.2","106.22","105.82","105.86","105.32","106.29","106.26","106.48"
"4.2.1. 소비자물가지수","        유모차","2020=100","0.2","원자료","104.909","105.523","105.845","105.816","105.249","105.174","105.202","104.691","103.793","102.545","102.489","102.574","100.07","100.42","99.87","103.48","103.12","103.51","105.38","97.69","97.46","96.3","96.56","96.13","96.13","95.45","97.22","97.22","97.22","94.79","95.48","95.44","95.44","95.03","95.32","94.6","94.15","96.53","97.43","102.66","102.56","104.19","104.66","104.55","104.36","103.81","103.87","103.71","105.04","105.74","106.28","106.28","106.65","106.65","106.65","106.38","101.49","98.02","96.47","96.47","96.47","96.47","95.03","98.32","105.34","105.34","107.21","107.21","107.04","107","105.45","105.62"
"4.2.1. 소비자물가지수","        선글라스","2020=100","0.4","원자료","","","","","","","","","","","","","102.26","101.32","100.67","100.81","100.39","99.67","98.91","99.43","99.37","99.02","99.07","99.07","98.86","98.86","98.46","98.37","97.4","97.24","96.95","96.74","96.74","96.84","96.74","96.84","97.02","96.97","97.28","97.67","97.37","97.3","97.32","97.67","97.6","97.6","98.15","98.09","98.26","98.37","98.36","98.74","98.85","98.95","98.58","98.28","97.75","97.77","97.96","98.03","98.6","98.52","98.77","98.96","99.27","99.83","99.93","99.93","99.94","99.69","99.97","100.11"
"4.2.1. 소비자물가지수","        지갑","2020=100","0.5","원자료","96.484","94.576","96.484","105.381","105.381","97.608","94.576","94.576","105.381","105.381","105.381","101.013","99.96","99.96","105.47","99.96","99.96","99.96","99.96","99.96","99.96","94.92","99.96","99.96","99.96","99.96","99.96","99.96","105.47","105.47","105.47","109.43","92.59","103.53","103.53","103.53","103.65","98.02","98.02","103.65","103.65","109.27","109.27","109.27","109.27","109.27","109.27","109.27","109.27","109.27","109.27","109.27","109.27","109.27","109.27","109.27","109.27","109.27","122.69","122.69","122.69","122.69","122.69","122.69","122.69","122.69","122.69","122.69","122.69","122.69","122.69","122.69"
"4.2.1. 소비자물가지수","    기타서비스","2020=100","19.8","원자료","96.086","96.263","95.982","96.343","96.351","96.568","96.568","96.576","96.584","96.705","96.713","96.697","98.92","99.65","99.64","100.24","100.25","100.15","100.17","100.18","100.19","100.21","100.2","100.21","102.81","102.86","102.95","104.18","104.24","104.32","104.33","104.34","104.34","103.74","103.77","103.78","108.84","108.89","108.91","108.67","110.57","110.59","110.61","110.72","110.74","110.78","110.79","110.8","114.66","114.85","114.46","117","117.02","117.03","117.06","117.19","117.19","117.19","117.22","117.24","124.34","123.85","123.81","125.24","125.24","125.36","125.31","125.15","125.11","125.12","125.13","125.14"
"4.2.1. 소비자물가지수","      기타서비스","2020=100","19.8","원자료","96.086","96.263","95.982","96.343","96.351","96.568","96.568","96.576","96.584","96.705","96.713","96.697","98.92","99.65","99.64","100.24","100.25","100.15","100.17","100.18","100.19","100.21","100.2","100.21","102.81","102.86","102.95","104.18","104.24","104.32","104.33","104.34","104.34","103.74","103.77","103.78","108.84","108.89","108.91","108.67","110.57","110.59","110.61","110.72","110.74","110.78","110.79","110.8","114.66","114.85","114.46","117","117.02","117.03","117.06","117.19","117.19","117.19","117.22","117.24","124.34","123.85","123.81","125.24","125.24","125.36","125.31","125.15","125.11","125.12","125.13","125.14"
"4.2.1. 소비자물가지수","        산후조리원이용료","2020=100","0.7","원자료","97.548","97.705","98.113","98.353","98.529","98.668","98.714","98.964","99.242","99.279","99.408","99.001","99.39","99.63","99.72","99.87","99.71","99.71","100.04","100.24","100.33","100.31","100.49","100.56","101.27","101.53","101.63","101.82","101.9","102.24","102.05","102.17","102.23","102.24","102.09","102.47","103.43","104.22","104.67","104.8","105.14","105.73","106.08","106.76","107.33","107.44","107.37","107.55","109.38","110.23","110.89","111.31","111.34","111.36","111.41","111.25","111.37","111.88","112.31","112.39","114.45","115.04","115.53","115.95","115.9","116.07","116.42","116.4","116.7","116.94","117.16","117.3"
"4.2.1. 소비자물가지수","        보육시설이용료","2020=100","0.7","원자료","106.636","106.636","102.078","102.078","102.078","102.078","102.078","102.078","102.078","102.078","102.078","102.078","102.25","101.34","101.34","101.34","101.34","98.87","98.96","98.96","98.99","98.84","98.88","98.88","98.9","98.9","99.35","99.68","99.5","99.48","99.46","99.46","99.46","99.46","100.09","100.09","100.42","100.42","99.16","99.16","99.15","99.15","99.15","99.15","99.07","99.07","99.07","99.07","99.07","99.07","96.63","96.64","96.67","96.67","96.37","96.37","95.97","95.97","95.97","95.93","95.93","95.93","93.39","93.44","93.44","93.44","93.44","89.71","88.86","88.86","88.86","88.86"
"4.2.1. 소비자물가지수","        요양시설이용료","2020=100","0.9","원자료","97.607","97.607","97.607","97.607","97.607","97.607","97.607","97.607","97.607","97.607","97.607","97.607","100","100","100","100","100","100","100","100","100","100","100","100","101.07","101.07","101.07","101.07","101.07","101.07","101.07","101.07","101.07","101.07","101.07","101.07","104.85","104.85","104.85","104.85","104.85","104.85","104.85","104.85","104.85","104.85","104.85","104.85","109.59","109.59","109.59","109.59","109.59","109.59","109.59","109.59","109.59","109.59","109.59","109.59","112.87","112.87","112.87","112.87","112.87","112.87","112.87","112.87","112.87","112.87","112.87","112.87"
"4.2.1. 소비자물가지수","        보험서비스료","2020=100","8.6","원자료","91.961","91.961","91.961","92.89","92.89","92.89","92.89","92.89","92.89","92.89","92.89","92.89","98.9","98.9","98.9","100.33","100.37","100.37","100.37","100.37","100.37","100.37","100.37","100.37","106.72","106.72","106.72","109.78","109.78","109.78","109.78","109.78","109.78","109.78","109.78","109.78","121.11","121.11","121.11","121.11","125.95","125.95","125.95","126.12","126.12","126.12","126.12","126.12","135.36","135.66","135.66","142.1","142.1","142.1","142.1","142.1","142.1","142.1","142.1","142.1","159.97","159.97","159.97","163.55","163.55","163.55","163.55","163.55","163.55","163.55","163.55","163.55"
"4.2.1. 소비자물가지수","        자동차보험료","2020=100","3.7","원자료","94.157","94.86","94.86","94.86","94.86","96.158","96.158","96.158","96.158","96.158","96.158","96.158","96.17","100.35","100.35","100.35","100.35","100.35","100.35","100.35","100.35","100.35","100.35","100.35","100.35","100.35","100.35","100.35","100.35","100.35","100.35","100.35","100.35","100.35","100.35","100.35","100.35","100.35","100.35","99.07","99.07","99.07","99.07","99.07","99.07","99.07","99.07","99.07","99.07","99.07","97.06","97.06","97.06","97.06","97.06","97.06","97.06","97.06","97.06","97.06","97.06","94.54","94.54","94.54","94.54","94.54","94.45","94.45","94.45","94.45","94.45","94.45"
"4.2.1. 소비자물가지수","        금융수수료","2020=100","0.2","원자료","100.01","100.01","100.01","100.01","100.01","100.01","100.01","100.01","100.01","100.09","100","100.09","100","100","100","100","100","100","100","100","100","100","100","100","100","100","100","100","100","100","100","100","100","100","100","100","100","100","100","100","100","100","100","100","100","100","100","100","100","100","100","100","100","100","100","100","100","100","100","100","100","100","100","100","100","100","100","100","100","100","100","100"
"4.2.1. 소비자물가지수","        부동산중개수수료","2020=100","0.8","원자료","100","100","100","100","100","100","100","100","100","100","100","100","100","100","100","100","100","100","100","100","100","100","100","100","100","100","100","100","100","100","100","100","100","92.28","92.28","92.28","92.28","92.28","92.28","92.28","92.28","92.28","92.28","92.28","92.28","92.28","92.28","92.28","92.28","92.28","92.28","92.28","92.28","92.28","92.28","92.28","92.28","92.28","92.28","92.28","92.28","92.28","92.28","92.28","92.28","92.28","92.28","92.28","92.28","92.28","92.28","92.28"
"4.2.1. 소비자물가지수","        행정수수료","2020=100","1.1","원자료","100","100","100","100","100","100","100","100","100","100","100","100","100","100","100","100","100","100","100","100","100","100","100","100","100","100","100","100","100","100","100","100","100","100","100","100","100","100","100","100","100","100","100","100","100","100","100","100","100","100","100","100","100","100","100","100","100","100","100","100","100","100","100","100","100","100","98.67","98.67","98.67","98.67","98.67","98.67"
"4.2.1. 소비자물가지수","        대입전형료","2020=100","0.1","원자료","99.884","99.884","99.884","99.884","99.884","99.884","99.884","99.884","99.884","99.884","99.884","99.884","99.91","99.91","99.91","99.91","99.91","99.91","99.91","99.91","100.17","100.17","100.17","100.17","100.22","100.22","100.22","100.22","100.22","100.22","100.22","100.22","100.32","100.32","100.32","100.32","100.3","100.3","100.3","100.3","100.3","100.3","100.3","100.3","100.75","100.75","100.75","100.75","100.92","100.92","100.92","100.92","100.92","100.92","100.92","100.92","102.27","102.27","102.27","102.27","101.03","101.03","101.03","101.03","101.03","101.03","101.03","101.03","94.03","94.03","94.03","94.03"
"4.2.1. 소비자물가지수","        시험응시료","2020=100","0.4","원자료","95.646","95.646","95.646","95.646","95.646","95.646","95.646","95.646","95.646","100","100","100","100","100","100","100","100","100","100","100","100","100","100","100","100","100","101.49","101.49","104.87","104.87","104.87","104.87","104.87","104.87","104.87","104.87","104.87","104.87","104.87","104.87","104.87","104.87","104.87","104.87","104.87","104.87","104.87","104.87","104.87","104.87","104.87","104.87","104.87","104.87","104.87","109.39","109.39","109.39","109.39","109.39","109.39","109.39","111.37","111.37","111.37","116.1","116.1","116.1","116.1","116.1","116.1","116.1"
"4.2.1. 소비자물가지수","        장례비","2020=100","2.6","원자료","98.708","99.194","99.475","99.503","99.531","99.503","99.503","99.503","99.503","99.522","99.559","99.578","99.68","99.79","99.75","99.92","99.95","100.03","100.05","100.08","100.08","100.28","100.19","100.22","100.4","100.7","100.95","100.99","100.99","101.49","101.55","101.6","101.6","101.63","101.63","101.63","103.81","104.02","104.33","104.52","104.67","104.73","104.76","104.93","104.96","105.09","105.2","105.23","105.42","105.72","106.43","106.74","106.83","106.94","107.23","107.5","107.58","107.41","107.5","107.63","107.71","107.77","107.77","108.03","108.07","108.12","108.36","108.36","108.44","108.51","108.51","108.58"